Ci,Photo,gs,Tleaf,PPFD,Plot,Repeat,Rep,Sys_hhmmss,PlotRepeat
194.8998045878857,11.299674639260852,0.09704892665912401,27.880416820654975,1800.14,1001,1,1,13:49:35,1001 1
157.57938306329447,7.970907589627149,0.09931826983935466,27.85944284281136,1800.15,1001,1,1,13:51:16,1001 1
122.64945969736527,4.581882622182623,0.10775714890457112,27.80038530586404,1799.93,1001,1,1,13:52:48,1001 1
79.71887574564575,1.1668322565457423,0.11746385019312798,27.76180121107433,1799.95,1001,1,1,13:54:20,1001 1
58.52033582369956,-0.8396672705915778,0.13088317065255367,27.699270335631052,1800,1001,1,1,13:55:58,1001 1
347.9340875904388,20.177238974295857,0.10126084075079428,27.796081054898494,1800,1001,1,1,14:01:38,1001 1
504.8792350158842,22.698526040131416,0.08063435670703391,27.867866022844908,1799.99,1001,1,1,14:03:39,1001 1
699.8434067152099,24.174863889580397,0.07108290795645657,27.90323453446982,1799.98,1001,1,1,14:05:39,1001 1
958.7907132755275,29.79139624034185,0.06222599433005118,27.93196173723834,1799.98,1001,1,1,14:07:40,1001 1
1140.4399066159756,27.472862109843046,0.056592115131630816,27.98216040254952,1800.23,1001,1,1,14:09:40,1001 1
277.2327063896203,26.631818213086234,0.43707453518745637,27.516058124779924,1799.8,1001,2,1,09:57:18,1001 2
210.52231808175,20.005236891290632,0.45353965002219016,27.476893209578627,1800.11,1001,2,1,09:58:57,1001 2
144.64400574305822,12.163499765448767,0.4497486584763109,27.490771613539266,1799.85,1001,2,1,10:00:47,1001 2
81.17678108745748,4.117251656456366,0.4672933872414624,27.48443647542015,1799.84,1001,2,1,10:02:36,1001 2
50.95665413662187,-0.5218849569462716,0.46290099703808296,27.507112943932814,1800.13,1001,2,1,10:04:09,1001 2
533.5802066046684,35.86694908304515,0.44708343562521086,27.562557392591348,1800.1,1001,2,1,10:09:52,1001 2
814.9603546237092,38.38934114601885,0.44196656038797194,27.547280380738254,1800.03,1001,2,1,10:11:40,1001 2
1100.5446979965786,38.27543668107381,0.4188413471526228,27.529225829466178,1799.82,1001,2,1,10:13:40,1001 2
1582.1560473152233,37.98146296471414,0.39779062401694315,27.62510676678136,1799.81,1001,2,1,10:15:24,1001 2
1767.011709246048,38.48858127765972,0.37836269965328645,27.690481697055407,1800.07,1001,2,1,10:17:25,1001 2
229.23542632844325,9.08617093465228,0.0935001226960517,28.89065519531859,1800,1001,3,1,10:51:59,1001 3
182.99267344047533,6.4958019901297055,0.09854557139495665,28.896643691268704,1799.98,1001,3,1,10:53:44,1001 3
140.68871223851366,3.4086733642116127,0.10550349885299774,28.892904187223298,1800,1001,3,1,10:55:18,1001 3
87.5368956391075,0.6519990032395647,0.11637455753182385,28.798517987175124,1800,1001,3,1,10:57:19,1001 3
58.36857994087369,-0.7892099958218197,0.13104696872905883,28.75375884058227,1800.03,1001,3,1,10:58:54,1001 3
390.9217372903438,18.180944460306886,0.10358412767588628,28.84389988356745,1799.97,1001,3,1,11:04:32,1001 3
568.2180497583023,21.30322145800379,0.0865778078624841,28.90168567336613,1799.89,1001,3,1,11:06:33,1001 3
749.7600591869634,22.937813313208945,0.0729560601788755,28.882458266079585,1799.9,1001,3,1,11:08:33,1001 3
1071.602864066534,26.779099307766707,0.06439644703138853,28.814231003092658,1799.91,1001,3,1,11:10:34,1001 3
1196.565918769126,26.868673228659613,0.05851970849968557,28.792894361422043,1799.98,1001,3,1,11:12:34,1001 3
246.1192182259454,28.9228477190007,0.3460143269636678,28.14551320800509,1800.05,1003,1,1,11:46:04,1003 1
189.44802657058696,21.624334609355646,0.3624104776829897,28.043558534278944,1799.82,1003,1,1,11:47:42,1003 1
130.38221562818143,13.296051011924908,0.3540064247330627,28.07514439195411,1800.09,1003,1,1,11:49:16,1003 1
79.30232852272661,3.8951287915740345,0.3680955090456535,28.01043785384021,1799.87,1003,1,1,11:50:48,1003 1
50.964276661965165,-0.4407518137540973,0.37968266256878713,27.993065127733264,1799.86,1003,1,1,11:52:27,1003 1
462.32982880797425,45.92208441451717,0.35975762157619384,27.957574334441862,1799.93,1003,1,1,11:57:43,1003 1
704.9148176299693,49.609106984319375,0.31333082680734364,28.050980976693527,1800.28,1003,1,1,11:59:43,1003 1
915.6031543091509,50.73430591464319,0.24198974195994488,28.268337964966655,1799.94,1003,1,1,12:01:44,1003 1
1313.5459521928938,54.308573022919454,0.20408885156483644,28.373598812818,1799.86,1003,1,1,12:03:44,1003 1
1527.573761658608,51.96946437187148,0.20422872920336727,28.410523466337086,1800.08,1003,1,1,12:05:45,1003 1
264.2245246545328,24.3892102477751,0.3401778504596703,27.566703442811196,1799.9,1003,2,1,10:29:13,1003 2
201.98301459449277,17.863143667425625,0.34696683379041715,27.575014157047974,1799.88,1003,2,1,10:30:47,1003 2
142.0558373227934,10.64455572254966,0.35429056222071276,27.55647123747957,1800.2,1003,2,1,10:32:19,1003 2
81.53522359679627,3.3196508428267943,0.367661185761383,27.548058617346385,1800.17,1003,2,1,10:33:50,1003 2
52.63874219294516,-0.8360701048595304,0.37483545228608456,27.535620659342754,1799.86,1003,2,1,10:35:21,1003 2
502.047448498152,36.155553304283735,0.35315743323194854,27.61294938549382,1800.08,1003,2,1,10:40:39,1003 2
759.0986843489972,38.862470818432435,0.31466894273385987,27.68841565883469,1800.03,1003,2,1,10:42:39,1003 2
1032.0879744123488,38.78281408942315,0.28683558692044575,27.758841574982394,1799.99,1003,2,1,10:44:40,1003 2
1493.2578479106626,38.801801455677335,0.2575338514412589,27.835115108064247,1799.97,1003,2,1,10:46:40,1003 2
1654.2177962892363,40.07800598940024,0.2339688746882796,27.88351623190563,1799.99,1003,2,1,10:48:41,1003 2
227.69614590345623,24.081688832711954,0.2557036043055207,27.830281042583323,1799.99,1003,3,1,12:05:36,1003 3
179.49487908524557,17.17751459060986,0.2627678374593685,27.808131354021544,1799.97,1003,3,1,12:07:08,1003 3
131.22118332920115,10.264304935080858,0.2806700451531641,27.768579270870436,1799.97,1003,3,1,12:08:38,1003 3
78.68140659267702,3.278495043783902,0.30821419656341364,27.709821475128024,1799.97,1003,3,1,12:10:17,1003 3
54.67251408366868,-1.1868516581349553,0.3331344900730971,27.673523419243896,1800.27,1003,3,1,12:11:53,1003 3
415.2446284984774,32.93453480016493,0.21022637929458338,27.952635027808274,1800.28,1003,3,1,12:17:28,1003 3
547.0683502633091,34.397127219155074,0.13409199909752714,28.16992077245908,1799.98,1003,3,1,12:19:28,1003 3
770.5012020619648,37.044628660281525,0.12434885596725996,28.21502797211652,1799.95,1003,3,1,12:21:29,1003 3
1152.7618297099818,37.96453176887198,0.10493539222776453,28.248514060691914,1799.94,1003,3,1,12:23:29,1003 3
1254.0684836940932,41.610478601334385,0.09920289407347124,28.28879193235532,1799.91,1003,3,1,12:25:30,1003 3
237.70083082173812,27.29609116846388,0.32943741866356213,27.919075619507346,1799.86,1004,1,1,10:30:25,1004 1
184.1841480151141,20.224880519814374,0.3449781838780283,27.883960715487444,1800.12,1004,1,1,10:32:17,1004 1
132.92422710619567,12.23195395302442,0.3676549153739732,27.832929266783438,1800.1,1004,1,1,10:34:17,1004 1
78.60203346314442,3.9373323764543904,0.3932124925340633,27.80283472782875,1800.08,1004,1,1,10:36:05,1004 1
51.07634384511893,-0.5050539239666569,0.42723311178223244,27.70497087553304,1800.08,1004,1,1,10:37:37,1004 1
486.5886665186965,40.057844262801346,0.3844051088506452,27.796376035521423,1800.04,1004,1,1,10:42:58,1004 1
730.463661717725,42.20643837877679,0.315094110371153,27.950349835486794,1800.02,1004,1,1,10:44:41,1004 1
977.0446958946353,42.60818124050818,0.2617107155192326,28.08485692476826,1800.01,1004,1,1,10:46:41,1004 1
1424.1362031966423,42.38543610546888,0.22543140722959298,28.18234326447335,1800,1004,1,1,10:48:42,1004 1
1573.7221878194582,42.333915531942196,0.19581295308024377,28.256177492650234,1800,1004,1,1,10:50:43,1004 1
255.07672329709013,17.735112898387023,0.22894194335507703,28.10487976930649,1799.82,1004,2,1,09:43:41,1004 2
192.86505160813468,13.322347522234091,0.23328990392105728,28.096558485678543,1800.08,1004,2,1,09:45:14,1004 2
137.7105492056788,7.849322880626394,0.23981407691897982,28.093292331699658,1800.05,1004,2,1,09:46:54,1004 2
79.99253502940336,2.464795263018293,0.24653206473692202,28.076108132202833,1800.04,1004,2,1,09:48:25,1004 2
53.43576265312464,-0.6723554297349328,0.255330262655067,28.049323557707986,1800.02,1004,2,1,09:49:57,1004 2
500.9735012719052,26.665376178746897,0.25875750257444213,28.08377635407583,1800.2,1004,2,1,09:54:53,1004 2
777.0342569518108,28.448618945965336,0.2522531412582849,28.103593988609777,1800.18,1004,2,1,09:56:29,1004 2
1056.6169868029194,28.501868899833422,0.23615984298839696,28.145145725219447,1799.85,1004,2,1,09:58:07,1004 2
1528.7443135758754,28.62093916846113,0.21986888799353788,28.195387915709507,1800.12,1004,2,1,09:59:41,1004 2
1705.7582506176705,27.9878114062682,0.1978979374169174,28.246136269312398,1800.13,1004,2,1,10:01:41,1004 2
217.25277397646948,18.061331191730897,0.1774076326045058,27.501592158600943,1799.97,1006,1,1,12:28:12,1006 1
168.52888645238292,13.434114823192271,0.18429075264396302,27.454006516949324,1799.98,1006,1,1,12:30:07,1006 1
125.5673655646863,7.813444587894569,0.19265294817830353,27.43528386424431,1800,1006,1,1,12:31:42,1006 1
76.77584636982931,2.4486048009202404,0.20461639791545477,27.35097102344814,1799.74,1006,1,1,12:33:16,1006 1
52.924054920663195,-0.5732440992465218,0.22064713711829081,27.238983190636635,1799.84,1006,1,1,12:34:47,1006 1
404.85046173845444,26.889717266079742,0.1638232032650971,27.43658767551887,1799.88,1006,1,1,12:40:27,1006 1
490.96130870187505,24.143264490437,0.08195423919245208,27.591574417426038,1799.93,1006,1,1,12:42:28,1006 1
642.4586513437522,27.835215086540764,0.07293763679092422,27.497949326522313,1800.02,1006,1,1,12:44:28,1006 1
962.6134397250635,29.596960638356528,0.06108308048203915,27.640149527919178,1800,1006,1,1,12:46:29,1006 1
1009.9321611953386,29.096244086983013,0.05038883028827995,27.763086126098276,1799.95,1006,1,1,12:48:29,1006 1
247.3340243537592,23.20038901592564,0.28597904942047164,28.037230488272286,1799.96,1006,2,1,11:06:11,1006 2
193.3305479781244,17.061110924981577,0.3048092452620778,28.014979173747083,1799.97,1006,2,1,11:08:11,1006 2
137.50372240457014,10.869546652985292,0.33849419693862115,27.959191330267277,1799.95,1006,2,1,11:09:47,1006 2
78.80698865517974,3.5964994541771658,0.34479558609874306,27.954004839327663,1799.95,1006,2,1,11:11:37,1006 2
51.30431341893414,-0.5355860693064833,0.3952083603065377,27.872401665528685,1800.25,1006,2,1,11:13:07,1006 2
440.41158011758307,32.886829271007436,0.2352122805191649,28.280622829469863,1799.87,1006,2,1,11:18:58,1006 2
443.262695428764,34.576344980525455,0.10716777514892996,28.65157143232628,1799.8,1006,2,1,11:20:58,1006 2
649.8631629416643,36.1793802214689,0.09619071503295464,28.71753286253706,1799.74,1006,2,1,11:23:20,1006 2
843.4338411541767,39.33768148142862,0.07013693840490123,28.822003998362508,1799.97,1006,2,1,11:25:20,1006 2
785.6973494421777,36.01771113195391,0.049886695674165205,28.887468461284797,1799.94,1006,2,1,11:27:21,1006 2
220.9550249807039,22.594404048445718,0.23494183408700792,27.2101632064801,1799.98,1006,3,1,08:22:11,1006 3
166.7042957115208,16.426357138529838,0.22902603491218282,27.245478903651176,1800,1006,3,1,08:23:59,1006 3
119.9212586922494,10.050223604837862,0.2350210653388865,27.251045067639147,1800.05,1006,3,1,08:25:33,1006 3
75.10326454567155,3.1841125738098977,0.2513324854681326,27.24991128022979,1799.8,1006,3,1,08:27:07,1006 3
48.674670386534324,0.030245722604711558,0.26171279947440884,27.278479524520076,1800.08,1006,3,1,08:28:38,1006 3
390.61708136112657,35.3916550667834,0.21087382511084496,27.19685071062085,1799.97,1006,3,1,08:34:39,1006 3
544.086160028237,35.93697540291094,0.14067439395230444,27.3877111151914,1800.01,1006,3,1,08:36:40,1006 3
727.2365990380264,36.64853924363799,0.11298380637611202,27.52466278092259,1800,1006,3,1,08:38:40,1006 3
1021.7573911791935,39.24088657224777,0.08803160896521425,27.661487190091453,1800.27,1006,3,1,08:40:41,1006 3
1146.9003997021914,38.41264157854816,0.07833688389318574,27.7266614631132,1799.95,1006,3,1,08:42:41,1006 3
247.7637556535262,16.638943758915783,0.20460186851053647,27.978176997226697,1799.88,1007,1,1,14:03:45,1007 1
186.77296391529669,12.196389163062559,0.20165445133356855,27.977572072546025,1799.86,1007,1,1,14:05:18,1007 1
135.86769633683295,6.8356371268436815,0.20401812638149958,27.978161774649553,1799.91,1007,1,1,14:06:51,1007 1
82.77859418898983,1.6466598565577901,0.20802860578766946,27.97278996908398,1799.85,1007,1,1,14:08:30,1007 1
51.384493280656045,-0.39964124766799347,0.2125257271220847,27.955661563818637,1799.85,1007,1,1,14:10:00,1007 1
449.3741868346382,27.518391354785877,0.20751053896912874,27.968987552431873,1799.85,1007,1,1,14:14:47,1007 1
670.869156806146,32.28805290844515,0.18634872523032872,28.055261511605174,1800.09,1007,1,1,14:16:47,1007 1
908.4269100358173,34.397783881180764,0.1681198202529564,28.144154481888688,1800.07,1007,1,1,14:18:48,1007 1
1333.8776084747433,36.40726894129729,0.1527283835019477,28.215379428767648,1800.04,1007,1,1,14:20:48,1007 1
1476.207139483889,37.42402344248058,0.13895282222506788,28.277705958180775,1800.02,1007,1,1,14:22:49,1007 1
224.92433415378443,18.2121973431519,0.18882795150862777,27.45559476551101,1800.12,1007,2,1,09:09:19,1007 2
175.4721506807806,13.075260744905847,0.19151992529413453,27.455732774321163,1800.11,1007,2,1,09:10:49,1007 2
125.98498167064946,7.889678529354426,0.19631414214109924,27.441886836912534,1800.09,1007,2,1,09:12:21,1007 2
78.8492034875347,2.174170997978863,0.20221227240068523,27.460592543102244,1800.1,1007,2,1,09:13:54,1007 2
53.92592250373477,-0.6472115844575262,0.20802028362721667,27.46228160368286,1800.07,1007,2,1,09:15:29,1007 2
440.4992644263744,29.00434866115175,0.20685286921176388,27.495975781194485,1799.99,1007,2,1,09:20:04,1007 2
674.979586304468,32.35815850861289,0.18496308302588002,27.537503019041807,1799.98,1007,2,1,09:22:04,1007 2
928.5696122016683,33.426489305744475,0.1684356329344052,27.564556235989798,1800.01,1007,2,1,09:24:05,1007 2
1372.162015659073,33.88237613791057,0.15080644138358942,27.62219657275521,1800.01,1007,2,1,09:26:05,1007 2
1540.1887254409196,33.55830247305087,0.13922726631212923,27.678442534681995,1799.97,1007,2,1,09:28:06,1007 2
254.3970140532601,13.99756209941589,0.17532183099813012,27.603516108080527,1800.2,1007,3,1,08:21:17,1007 3
193.98086210719995,10.208325108079546,0.1759681124886043,27.60763885485242,1799.97,1007,3,1,08:22:55,1007 3
139.35139580200953,5.845346350008011,0.17876493152560527,27.59769147002166,1800.02,1007,3,1,08:24:27,1007 3
83.1363524806386,1.5422726908519813,0.1836998273793705,27.59093063673305,1800.06,1007,3,1,08:25:58,1007 3
57.20380308015303,-0.9453866134461522,0.18830477978948962,27.5608930610551,1800.12,1007,3,1,08:27:33,1007 3
478.94086368463553,21.69715309829133,0.18169402998998466,27.580706914574115,1799.9,1007,3,1,08:32:25,1007 3
727.0666091358671,23.878590127379752,0.16317002172090556,27.57430402279791,1799.96,1007,3,1,08:34:25,1007 3
976.4220023145473,26.30192406300268,0.15241181316783342,27.596621678034992,1799.99,1007,3,1,08:36:00,1007 3
1437.9878913374114,25.741191822568254,0.13686361381541484,27.651813613971147,1799.98,1007,3,1,08:38:00,1007 3
1580.6681468629936,27.474889813793993,0.12470768640285754,27.722558340573244,1800.02,1007,3,1,08:40:01,1007 3
222.59367145292177,22.398414861684994,0.23128330671002065,27.108089582097037,1800.11,1015,2,1,09:18:07,1015 2
171.6164953620283,16.308340057152762,0.23317193710242332,27.16810840108123,1800.06,1015,2,1,09:19:38,1015 2
123.61519516684628,9.972830052063216,0.2423257252760857,27.12401384829722,1799.75,1015,2,1,09:21:19,1015 2
74.29135660721106,3.429137832796627,0.2563544499754747,27.057908032271992,1799.74,1015,2,1,09:22:50,1015 2
52.524385030335175,-0.5765067310641526,0.2725691284457885,26.90550461793019,1800.08,1015,2,1,09:24:20,1015 2
437.06369325513106,34.388152312124944,0.24298841865947038,27.130701768425382,1799.97,1015,2,1,09:29:30,1015 2
709.8180690317138,34.06719505740931,0.10058411550660531,27.503552752567035,1799.89,1015,2,1,09:33:31,1015 2
1042.9707332457087,39.870124200514375,0.09190886767956313,27.51136463839296,1800.18,1015,2,1,09:35:31,1015 2
1128.6510130936867,35.99781298778103,0.0714207564279212,27.66096925489998,1800.13,1015,2,1,09:37:32,1015 2
250.10626432340757,27.62441047827856,0.3570295024055605,28.236620910620328,1799.97,1015,3,1,12:24:45,1015 3
189.53055585220093,21.393138980634625,0.37754137477607125,28.21478981879201,1800.21,1015,3,1,12:26:38,1015 3
137.7983020022069,12.886924019667394,0.4152348006400038,28.126541731564153,1800.2,1015,3,1,12:28:18,1015 3
79.47551159527941,4.303318221019298,0.44408509411937713,28.101007004556852,1800.19,1015,3,1,12:29:52,1015 3
49.34914797236596,-0.10354734913647691,0.4588501740100259,28.06295032588355,1800.16,1015,3,1,12:31:26,1015 3
507.2127699688674,42.8927179743203,0.45748431797252254,27.98370380329869,1799.96,1015,3,1,12:37:05,1015 3
775.1728183426349,45.756243177180636,0.4230320320601454,28.035011094251743,1799.95,1015,3,1,12:39:06,1015 3
1037.8539458410683,46.63410979334322,0.36719929068033846,28.1739174800711,1799.98,1015,3,1,12:40:46,1015 3
1497.1798030914536,46.927619014530244,0.3242526194925099,28.219428055960446,1800,1015,3,1,12:42:47,1015 3
1658.7567675207442,48.397828913239515,0.292454048883849,28.229987524821126,1800.07,1015,3,1,12:44:48,1015 3
219.20697969973338,19.33406470797589,0.20221462352316316,27.490022498063436,1800.02,1017,1,1,11:50:58,1017 1
168.14638111547248,14.499949792333808,0.20882364547779908,27.427728826660367,1799.78,1017,1,1,11:52:30,1017 1
123.77273993889385,8.965512790123737,0.2280401026405462,27.3612967897984,1800.1,1017,1,1,11:54:05,1017 1
74.720182498999,3.1385725857461666,0.2523386519411047,27.257140973098014,1800.15,1017,1,1,11:55:35,1017 1
50.27652114197169,-0.23700076147750376,0.2761375814571746,27.193776136101928,1799.92,1017,1,1,11:57:06,1017 1
365.51966446086755,24.71827860563149,0.13441934837631153,27.760205489918505,1800.1,1017,1,1,12:03:07,1017 1
570.9731683593236,26.102073259034388,0.06200485717516474,28.076918470028048,1800,1017,1,1,12:07:08,1017 1
819.7794340433608,25.074590077199122,0.043882817416929815,28.144564411710434,1799.94,1017,1,1,12:09:09,1017 1
939.4537120660773,29.516764308828225,0.047959559314961424,28.206589730370947,1799.86,1017,1,1,12:11:09,1017 1
231.74634796432397,18.467309973411023,0.20299640260372445,28.465622036066968,1800.09,1017,2,1,12:25:05,1017 2
179.7969006738209,13.565432906097147,0.2098250033692707,28.47088932942403,1799.79,1017,2,1,12:26:59,1017 2
131.10828636254803,8.066952946580404,0.22124730322036432,28.444636395964956,1800.08,1017,2,1,12:28:50,1017 2
80.43013333237587,2.302310782280931,0.23879411851410556,28.417841892009562,1800.07,1017,2,1,12:30:28,1017 2
50.70918533614196,-0.2645360408666285,0.2553559352381628,28.396479000401023,1800.09,1017,2,1,12:32:04,1017 2
426.6061120175119,28.422417862806917,0.1924668245379541,28.572794876026414,1800.03,1017,2,1,12:37:12,1017 2
572.5539847113969,31.82351563388263,0.13339461325139673,28.736309094845613,1799.99,1017,2,1,12:39:13,1017 2
786.6031111476133,32.35816591578216,0.1123843221680784,28.804802304214952,1799.99,1017,2,1,12:41:33,1017 2
1095.7944501552445,33.86893487281968,0.08468469509462186,28.882072049781097,1800,1017,2,1,12:43:34,1017 2
1183.7034042629737,31.975707259803453,0.06830073487651317,28.927815104482754,1800.01,1017,2,1,12:45:34,1017 2
250.9072057660142,17.102530277307597,0.21960304680190487,27.47286578203246,1800.04,1017,3,1,11:15:40,1017 3
191.07147372131288,12.587531007286277,0.22167623666607653,27.436709638934367,1800.06,1017,3,1,11:17:16,1017 3
135.3519151743021,7.75702349059691,0.23370035435708422,27.42303785218833,1800.06,1017,3,1,11:18:52,1017 3
79.68194242663179,2.465948752027166,0.2512563905469175,27.447636909412893,1800.05,1017,3,1,11:20:27,1017 3
50.602829994843,-0.2777229192427987,0.27121212644340065,27.45514806021519,1800.01,1017,3,1,11:22:01,1017 3
465.2763538644225,24.570002634681625,0.20046570528574373,27.752668952864838,1800.1,1017,3,1,11:27:33,1017 3
648.0871126457318,25.621208083580445,0.13442401228664197,27.903053628131325,1800.06,1017,3,1,11:29:34,1017 3
837.9896713033164,26.37543810348338,0.10373197774592136,28.01365758080451,1799.99,1017,3,1,11:31:34,1017 3
1200.0801105582775,27.229814676023246,0.08195909777270285,27.986510246913305,1800.05,1017,3,1,11:33:35,1017 3
1317.0124234890268,26.365118031164698,0.06913581162453795,28.136298664803103,1800.27,1017,3,1,11:35:35,1017 3
251.32261938676487,23.95752110145246,0.31338177200239875,29.16919816675732,1799.93,1018,1,1,12:09:09,1018 1
194.65767404029643,17.034624644396434,0.31677024972336143,29.15663581816256,1799.93,1018,1,1,12:11:09,1018 1
142.5281202804584,9.217192591060371,0.32655046606008,29.14822112044089,1799.92,1018,1,1,12:12:54,1018 1
78.74455877175701,3.4444123971316842,0.3424477548756875,29.08692109471271,1799.93,1018,1,1,12:14:54,1018 1
53.14836944804754,-0.9978018691073027,0.3553267099772808,29.053350725056763,1799.92,1018,1,1,12:16:52,1018 1
455.6270157825822,32.901462808613786,0.2601010916334492,29.136844182850048,1800.08,1018,1,1,12:22:54,1018 1
695.1080670255883,36.142221598916116,0.23040779712313755,29.142267599817792,1800.18,1018,1,1,12:24:54,1018 1
958.785541436502,37.305402339488715,0.21585856363823583,29.128850510213358,1800.01,1018,1,1,12:26:55,1018 1
1415.647359171474,38.8990095943733,0.20622125037482147,29.088790120987483,1799.88,1018,1,1,12:28:48,1018 1
1599.8061326196653,37.53314383394258,0.1935066752222991,29.120851058760582,1799.97,1018,1,1,12:30:49,1018 1
267.88033499749633,30.744945296345264,0.47670901371213287,28.684137110659293,1799.99,1018,2,1,10:42:25,1018 2
200.21059587093117,23.841215005513998,0.4919051786839171,28.675514667191884,1799.91,1018,2,1,10:44:25,1018 2
146.0754775465078,12.972501486280853,0.5092181750038324,28.662586297970133,1799.85,1018,2,1,10:46:26,1018 2
77.67129427456355,5.402250826784018,0.5175318188298501,28.66932547545566,1800.13,1018,2,1,10:48:26,1018 2
60.75109967471195,-3.5336733863213774,0.5272693049411471,28.63609130917824,1800.13,1018,2,1,10:50:27,1018 2
496.3617461547552,38.32751659179501,0.38046281264047926,28.922685378359507,1800,1018,2,1,10:56:28,1018 2
728.9498687018763,41.086907838266846,0.3009844814997792,29.11228426383236,1799.97,1018,2,1,10:58:29,1018 2
986.4305184025743,41.467559620930906,0.2632281493969197,29.195005734962375,1799.96,1018,2,1,11:00:29,1018 2
1448.7674664185022,39.466629631645056,0.22977360732029362,29.28046240203333,1800.01,1018,2,1,11:02:30,1018 2
1593.9385191381577,40.78299728382021,0.2019387144275439,29.347066541951094,1800.01,1018,2,1,11:04:30,1018 2
262.81293993492494,26.61188240171061,0.38731599837432124,29.04530813972256,1800.07,1018,3,1,11:24:11,1018 3
199.2760367257251,19.71880662960844,0.3923633777466609,29.001212897264217,1799.78,1018,3,1,11:25:42,1018 3
142.8900411452712,10.95846962549561,0.39716787507040596,28.948581942422166,1800.13,1018,3,1,11:27:43,1018 3
85.54098853077888,2.4104515105482247,0.4009427185569929,28.946981142429802,1799.83,1018,3,1,11:29:39,1018 3
58.302423806345594,-2.2743878138872615,0.40854305048578793,28.931541290823098,1800.16,1018,3,1,11:31:39,1018 3
517.0026048405668,34.00991530441151,0.3843613733411332,29.020353358807814,1800.02,1018,3,1,11:37:41,1018 3
778.5492325730829,37.69713699928884,0.3548317320246815,29.104195196051418,1799.99,1018,3,1,11:39:41,1018 3
1061.7449315402905,36.53857012912792,0.3314691990284818,29.190207839084465,1799.96,1018,3,1,11:41:26,1018 3
1536.518862960723,35.82517046618711,0.30770415332443996,29.24345517665153,1799.92,1018,3,1,11:43:26,1018 3
1700.4328758209201,37.79428959511179,0.2818715383300826,29.32059603332959,1799.89,1018,3,1,11:45:27,1018 3
236.7412949167546,27.92371004254752,0.3304806904553713,27.914368015697,1800.01,1020,1,1,11:09:02,1020 1
181.0566271704625,20.459294868529835,0.33309214037961465,27.90013938099338,1799.98,1020,1,1,11:11:02,1020 1
131.1358154133862,12.302387946836234,0.35208164513315765,27.904293207931048,1799.95,1020,1,1,11:12:38,1020 1
76.27465899027273,4.076240789054394,0.3492771873910402,27.926354403549325,1799.94,1020,1,1,11:14:08,1020 1
50.00459598788475,-0.2255628147135657,0.3690082722976254,27.93383423469181,1800.17,1020,1,1,11:15:39,1020 1
465.6248738234339,42.9834408856617,0.364192902299775,27.990379222106785,1800.04,1020,1,1,11:21:40,1020 1
737.7865308653728,45.57149641125757,0.3510111380934986,28.08805726421854,1799.99,1020,1,1,11:23:28,1020 1
1010.222784185031,43.48346647479033,0.3044839844726934,28.254752967314015,1799.87,1020,1,1,11:25:28,1020 1
1441.0433354266108,41.655150116749866,0.23247028079639684,28.485963226696306,1799.81,1020,1,1,11:27:29,1020 1
1572.9489433186595,43.023684715013516,0.1966708252314379,28.596145999533988,1799.99,1020,1,1,11:29:29,1020 1
256.3936339984542,22.64674026381714,0.3001498048766163,28.235243109574075,1799.83,1020,2,1,11:47:58,1020 2
196.645931056164,16.818620242408137,0.31178144859133056,28.18797126313576,1799.88,1020,2,1,11:49:45,1020 2
137.37843772961094,10.554947436859687,0.3274250694018461,28.164429764458077,1799.87,1020,2,1,11:51:19,1020 2
82.286451461626,2.9613362942135573,0.3526148709019884,28.09910708359468,1800.23,1020,2,1,11:52:50,1020 2
51.18405976452551,-0.48418160989809594,0.3675788974062326,28.063866325663962,1800.26,1020,2,1,11:54:22,1020 2
458.7038802368218,28.877882057936475,0.22237877962935493,28.38885646592984,1799.99,1020,2,1,12:00:14,1020 2
469.18282444885403,25.440467208240264,0.08217237521231345,28.72754153559206,1799.98,1020,2,1,12:02:15,1020 2
608.8409485382552,29.141605711698674,0.0719665579817015,28.752331101227544,1800,1020,2,1,12:04:10,1020 2
984.2213113748169,29.947313156373614,0.06296462540604163,28.798892380863773,1799.98,1020,2,1,12:06:11,1020 2
976.5387768450581,26.72042446260097,0.044186083982994416,28.888247721079274,1800,1020,2,1,12:08:11,1020 2
220.59355821114121,19.004071314334386,0.19431696559154005,28.084578713535592,1800.27,1020,3,1,11:24:39,1020 3
169.89366354617846,14.157038602390069,0.20040393273645601,28.092474446021175,1799.86,1020,3,1,11:26:14,1020 3
126.61498382535989,8.461517946171002,0.21679179992180989,28.06045099416972,1799.83,1020,3,1,11:27:50,1020 3
77.03522969207516,2.7555309676068,0.23900942964309196,28.002588474063195,1799.81,1020,3,1,11:29:30,1020 3
53.75251001914502,-0.7771614762689211,0.26287977255349626,27.950624581330707,1799.76,1020,3,1,11:31:03,1020 3
359.32635976612676,25.763754524241996,0.13484596698532808,28.26683155006627,1800.04,1020,3,1,11:36:34,1020 3
471.3541753935492,26.33964825076052,0.08659545059607737,28.408046570746205,1800.11,1020,3,1,11:38:35,1020 3
647.568590986112,30.730150534300286,0.08202348464897441,28.40399366365767,1799.8,1020,3,1,11:40:35,1020 3
988.2167075270036,25.72421775838671,0.05500752986001251,28.49824938437947,1799.84,1020,3,1,11:42:36,1020 3
1104.850748003822,28.4167200780843,0.05515384917159031,28.49848096685068,1800.16,1020,3,1,11:44:36,1020 3
226.2330452,14.22513701,0.143235046,28.4429338,1800.19,1025,1,1,0.57996527777777784,1025 1
185.1787852,9.56683106,0.147124102,28.42718363,1800.19,1025,1,1,0.58119212962962963,1025 1
135.9466821,5.322007576,0.148770981,28.42204471,1800.2,1025,1,1,0.58237268518518526,1025 1
86.35651424,1.046549216,0.155166034,28.4141487,1799.87,1025,1,1,0.58343749999999994,1025 1
59.61007541,-1.004300092,0.154277,28.42150461,1799.87,1025,1,1,0.58449074074074081,1025 1
407.1782523,23.73214117,0.142190763,28.48346851,1800.08,1025,1,1,0.58821759259259265,1025 1
600.7952347,29.98369235,0.131655952,28.50721074,1800.06,1025,1,1,0.58961805555555558,1025 1
791.7647897,33.21551108,0.114194086,28.54998661,1800.06,1025,1,1,0.5910185185185185,1025 1
1269.009643,34.05671573,0.114643703,28.56837443,1800.01,1025,1,1,0.59240740740740738,1025 1
217.4896791704135,18.996415350306375,0.1931998741749337,29.061962886021977,1800.12,1026,1,1,10:56:45,1026 1
169.23498077726222,14.377778063868702,0.20563449759109637,28.98397963196777,1800.11,1026,1,1,10:58:46,1026 1
131.6577195449965,8.179018972696053,0.23302495292541756,28.827270662731713,1799.84,1026,1,1,11:00:46,1026 1
79.96808735450473,2.476449954257215,0.2615167987142545,28.769630327829713,1800.12,1026,1,1,11:02:47,1026 1
55.09589066065661,-1.1671870308061914,0.2872513243026013,28.741296633933917,1800.13,1026,1,1,11:04:47,1026 1
440.9761671668488,29.228177562372455,0.21528886782026707,28.92335261165763,1800.06,1026,1,1,11:10:49,1026 1
667.3821586058068,32.691239563360206,0.18723088202706514,28.941627826838754,1799.84,1026,1,1,11:12:49,1026 1
911.7547143685036,33.79843830815406,0.16602979170348933,28.92887306925187,1799.95,1026,1,1,11:14:50,1026 1
1362.5241922591902,33.210245605363944,0.1481459344464894,28.88442032502636,1800.05,1026,1,1,11:16:51,1026 1
1503.3750776786546,34.3446951216012,0.133315278841411,28.852793391743283,1800.18,1026,1,1,11:18:51,1026 1
225.45461809425086,25.144337261678473,0.2864133764017637,27.567772985727295,1799.77,1026,2,1,13:42:23,1026 2
172.897868446673,18.593825432470297,0.2920679634883225,27.507390400240556,1800.12,1026,2,1,13:43:54,1026 2
125.24667300433374,11.383891934669254,0.3106638581743152,27.45023963219672,1799.88,1026,2,1,13:45:38,1026 2
76.04274745639223,3.6593150686493874,0.33501670291444585,27.38172102388253,1800.23,1026,2,1,13:47:14,1026 2
51.866426267386586,-0.7330488524040846,0.3579118556261068,27.307779584266914,1799.95,1026,2,1,13:48:47,1026 2
462.6311820757792,38.08757369520065,0.33464012835067075,27.340313231856886,1800,1026,2,1,13:54:33,1026 2
725.4621542090921,38.28515186692849,0.29490424689749745,27.45537024798274,1800.08,1026,2,1,13:56:33,1026 2
980.7418275818925,38.381482984574625,0.2551809669606393,27.578002019588862,1800.13,1026,2,1,13:58:34,1026 2
1423.9528249441476,38.20576871834711,0.22030057402716618,27.699599710950853,1800.16,1026,2,1,14:00:34,1026 2
1570.6455269982932,39.494045869139384,0.1962918934774328,27.791172757959636,1799.91,1026,2,1,14:02:35,1026 2
233.60371753220238,23.65585662946,0.2714189968463063,28.163158533986934,1799.93,1026,3,1,10:29:53,1026 3
203.4506704651479,13.25164160983847,0.2751208161140441,28.139787270165932,1799.94,1026,3,1,10:31:53,1026 3
116.98365160269256,12.363881654738083,0.2879888797158655,28.140950314256923,1799.87,1026,3,1,10:33:54,1026 3
66.82615140063777,5.274492170906023,0.30637391263078606,28.09286526427586,1799.84,1026,3,1,10:35:54,1026 3
53.79329709474172,4.763282970638466,0.31966635526058895,28.00607760126046,1799.83,1026,3,1,10:37:55,1026 3
448.1559334514509,27.39516660908018,0.20975452975889758,28.565602601193586,1799.93,1026,3,1,10:43:56,1026 3
616.4513690226918,32.95604544727646,0.16139520943084185,28.79400048343452,1800.12,1026,3,1,10:45:57,1026 3
769.7767324941094,39.965923859665416,0.1385621944190133,28.79965474509863,1800.15,1026,3,1,10:47:57,1026 3
1176.9206975952736,39.09613881184749,0.1171892797471836,28.830103236519502,1799.87,1026,3,1,10:49:58,1026 3
1377.4645268730396,33.400048187876614,0.10181115664347413,28.91891998512918,1799.86,1026,3,1,10:51:58,1026 3
211.17946493281227,15.873339314771783,0.14973824560971263,28.71286063030783,1799.77,1028,1,1,11:36:58,1028 1
164.94077501360078,11.674194450247816,0.154725648124455,28.719040590105426,1800.05,1028,1,1,11:38:30,1028 1
123.12346854946125,7.58198442256275,0.18025128563839718,28.671886539389487,1800.02,1028,1,1,11:40:14,1028 1
77.99486957140799,2.3499805774494056,0.2080920391526442,28.61624846449734,1800,1028,1,1,11:41:48,1028 1
52.327897597165446,-0.47583236395592104,0.23736313920946434,28.54988642411742,1799.97,1028,1,1,11:43:23,1028 1
234.38002274374503,19.334662715250456,0.21578594832922982,28.604666506942753,1799.95,1028,1,1,11:45:24,1028 1
204.1292476554485,15.01364347450882,0.13551045055629227,28.816150174632938,1799.95,1028,1,1,11:47:17,1028 1
351.4009336175392,23.796309335653923,0.1197403255708234,28.86436690133579,1800.25,1028,1,1,11:49:18,1028 1
473.4399749883598,27.121385362122844,0.08894655986024272,28.947988635657094,1800.01,1028,1,1,11:51:18,1028 1
683.8572811938369,32.601434578042905,0.09197412027182725,28.930170826064032,1799.79,1028,1,1,11:53:44,1028 1
1089.8025445258047,34.17980258933596,0.08441723653888211,28.96930059923364,1800.13,1028,1,1,11:55:45,1028 1
1179.4224762855042,36.54582546324423,0.07766415782573925,28.989706161214826,1800.16,1028,1,1,11:57:45,1028 1
250.76684660905272,22.474968966085164,0.28801270470124773,28.002959739906338,1800.06,1028,3,1,10:23:15,1028 3
192.91945743122653,16.755750696108155,0.3019059800276105,27.95610860539018,1799.81,1028,3,1,10:24:50,1028 3
137.7008506181138,10.283537917397753,0.32557897578635225,27.90519825186058,1799.83,1028,3,1,10:26:21,1028 3
80.31367524095242,3.270559771555955,0.352371598991759,27.859765821273587,1800.08,1028,3,1,10:27:56,1028 3
52.06991254866776,-0.7533762648827044,0.3781941008139478,27.811620282077662,1800.08,1028,3,1,10:29:27,1028 3
278.77384385643927,22.002648190010436,0.3631982387102091,27.83307291818908,1799.8,1028,3,1,10:31:27,1028 3
240.0820759013241,20.202994816038018,0.23645746702705758,28.179510933787498,1799.82,1028,3,1,10:33:28,1028 3
429.0428100028113,29.856256129351472,0.2047743946055172,28.25118010512233,1800.07,1028,3,1,10:35:28,1028 3
635.5750849019767,33.3480057975145,0.16889228239401732,28.357637257045603,1800.06,1028,3,1,10:37:29,1028 3
879.3403393103886,34.30816608416304,0.15169611231677338,28.418826075825844,1800.05,1028,3,1,10:39:29,1028 3
1306.1141392060283,35.10525187856279,0.13424547767384887,28.49613710047611,1800.03,1028,3,1,10:41:30,1028 3
1441.6191168091107,35.59012172029781,0.11948599791863593,28.519705213844304,1800.02,1028,3,1,10:43:30,1028 3
231.8331388202037,31.20266661824279,0.38072531405257926,28.397384465452387,1799.82,1030,1,1,11:03:25,1030 1
175.3223678963888,22.29793522159788,0.36554794508920657,28.469102405663772,1800.03,1030,1,1,11:05:07,1030 1
123.80295062025175,13.674819339190925,0.37111725288983993,28.485695996260837,1799.96,1030,1,1,11:06:38,1030 1
75.04283880679506,4.355214734482211,0.3862224736652542,28.474047232869275,1799.89,1030,1,1,11:08:20,1030 1
48.79490349069754,-0.12841996263825145,0.401215971316391,28.463687521363706,1800.14,1030,1,1,11:09:59,1030 1
285.38785104089146,33.39436835633793,0.14578397320158776,29.447171822716243,1800.09,1030,1,1,11:16:00,1030 1
374.6755227117456,36.4441089693294,0.10312908402229531,29.682892766561984,1799.98,1030,1,1,11:18:01,1030 1
450.9065161074108,40.05357148153951,0.08242134673797327,29.828128568968484,1800.16,1030,1,1,11:20:01,1030 1
664.3567209631434,43.52527874503232,0.06667358607255905,29.951290807324327,1800.07,1030,1,1,11:22:02,1030 1
271.73719959298506,22.35569410585743,0.36429973721313474,28.98639508667031,1799.79,1030,2,1,12:39:33,1030 2
208.27649633689182,16.37867650217461,0.37751306006720375,28.962655109736872,1800.09,1030,2,1,12:41:23,1030 2
145.7968714344914,9.934306007728436,0.39489417115706604,28.915964097157516,1799.76,1030,2,1,12:43:02,1030 2
85.09932214480584,2.5293787724290655,0.40827464194563223,28.885970925347078,1799.77,1030,2,1,12:44:42,1030 2
53.97995968391785,-1.165724218785143,0.43284852939199775,28.79754756339587,1800.19,1030,2,1,12:46:17,1030 2
500.3517583551925,33.25440648772493,0.34909605622983486,28.811735036918414,1800.02,1030,2,1,12:52:06,1030 2
746.7617543416569,37.00072091537267,0.3031380226847148,28.901984369037567,1800.11,1030,2,1,12:53:55,1030 2
1006.5282564185665,37.89092862586663,0.26729083364481415,28.981153037547465,1799.86,1030,2,1,12:55:39,1030 2
1457.3070295632015,38.835149393747066,0.2367332622831115,29.029614591019378,1800,1030,2,1,12:57:40,1030 2
1618.4542582907247,39.32174333114696,0.21265183796255346,29.070216645399704,1799.82,1030,2,1,12:59:40,1030 2
185.04750947242337,18.226089870244603,0.15099564362884405,26.90906704770459,1799.97,1030,3,1,08:28:43,1030 3
155.5014087325292,13.247559346788123,0.16516546536373156,26.76818875513944,1800.02,1030,3,1,08:30:20,1030 3
113.56110791072265,8.11651193729318,0.17059223205948262,26.70571278134549,1800.04,1030,3,1,08:31:57,1030 3
70.19472172719352,2.7971965562977363,0.17483798093543404,26.55127589889178,1799.83,1030,3,1,08:33:30,1030 3
47.53251620939259,0.1456656013328067,0.18572085118066506,26.479135763109444,1799.9,1030,3,1,08:35:11,1030 3
408.0300515102676,27.763965435946446,0.17343821316764607,26.754593543415307,1799.9,1030,3,1,08:40:55,1030 3
497.8464906881667,30.242083691826842,0.10543623104735143,27.03933723427902,1799.84,1030,3,1,08:42:56,1030 3
614.77583257288,28.710155268852986,0.07216264863674296,27.247541431720467,1800.11,1030,3,1,08:44:56,1030 3
841.7963019324256,29.425986864604162,0.05242074812218289,27.368318766512676,1800.04,1030,3,1,08:46:57,1030 3
820.5849143147503,27.566341201441553,0.039437232430842226,27.42983322157168,1800,1030,3,1,08:48:57,1030 3
282.0707632967481,16.034863826682646,0.2560008488845085,27.39637498563839,1799.98,1032,1,1,10:25:19,1032 1
204.75323444242582,12.729236917541074,0.24921053579307856,27.449148689698774,1800,1032,1,1,10:26:49,1032 1
144.7507484690097,7.1987680751929,0.24657939688924374,27.474532336897585,1799.99,1032,1,1,10:28:21,1032 1
82.79217520949763,2.099063102224699,0.24805048686256873,27.48990461408486,1799.97,1032,1,1,10:29:58,1032 1
55.73224796406357,-1.0294842652124996,0.2431511579457004,27.51526622287187,1799.99,1032,1,1,10:31:41,1032 1
511.4543412004258,21.927549613471935,0.21944731642632961,27.581808279067317,1800.19,1032,1,1,10:36:19,1032 1
770.7337661366407,22.176594580270418,0.1847808158369425,27.673612562746527,1799.93,1032,1,1,10:38:00,1032 1
1049.3719928273697,21.107207350749835,0.16468677109248642,27.72588542276102,1799.89,1032,1,1,10:39:48,1032 1
1496.9875502857178,21.615135282252282,0.14257007049004886,27.81683200080117,1800.13,1032,1,1,10:41:48,1032 1
1636.5642960199184,23.522997565687312,0.1269236501225653,27.886235290342512,1800.1,1032,1,1,10:43:49,1032 1
269.01718887172683,24.424269133445925,0.363568628635184,27.302138776625547,1799.97,1032,2,1,11:03:50,1032 2
203.01958128494803,18.070623315432478,0.3640295211054825,27.284918306762094,1800.24,1032,2,1,11:05:20,1032 2
139.05774628871026,11.41775872449061,0.3680640706009747,27.268082678438105,1800,1032,2,1,11:07:01,1032 2
82.37861290792782,3.1070965742908783,0.37598644249256796,27.23840618933983,1800.01,1032,2,1,11:08:31,1032 2
50.266649682849206,-0.3408113079738247,0.38365365291094533,27.22667467209806,1800.02,1032,2,1,11:10:05,1032 2
516.2664126533812,34.70219914813125,0.3782840704274109,27.272873490363878,1800,1032,2,1,11:14:51,1032 2
776.3131753871523,37.13586814638169,0.3355770727958888,27.3943523738245,1800.2,1032,2,1,11:16:51,1032 2
1041.4165424078628,37.67688903478635,0.2972015983133053,27.510891458307864,1799.9,1032,2,1,11:18:52,1032 2
1493.4238280251845,38.68212987085094,0.26263585698361125,27.62327707028435,1799.84,1032,2,1,11:20:52,1032 2
1656.573866632806,38.54242515556505,0.23164295154568335,27.729861735534264,1800.02,1032,2,1,11:22:53,1032 2
216.74480724929418,24.87450036807073,0.24358828417525524,28.03801053050731,1800,1032,3,1,10:27:30,1032 3
175.75262796111159,17.634694451389052,0.2575688078892854,28.02199557568652,1800,1032,3,1,10:29:31,1032 3
126.3302000208547,11.649516959960492,0.2912417233558571,27.971409154334438,1799.98,1032,3,1,10:31:31,1032 3
78.9808224568364,3.316628136375189,0.3086998715629102,27.924671990988422,1800,1032,3,1,10:33:05,1032 3
49.78340381928588,-0.1774023698294895,0.33406632582425855,27.87735593758725,1800.01,1032,3,1,10:34:36,1032 3
421.92221622647,41.83805462877911,0.2746991596275971,28.041374138163757,1800.27,1032,3,1,10:39:56,1032 3
577.4535448529828,47.23795271752132,0.19919567274345573,28.226236281036996,1799.95,1032,3,1,10:41:57,1032 3
819.2858361363102,50.3441154412415,0.18759544326499536,28.24566594316316,1799.91,1032,3,1,10:43:57,1032 3
1164.9449677756008,57.385539082059395,0.16094208822731773,28.316695042076823,1799.91,1032,3,1,10:45:58,1032 3
1347.4923191518792,57.834665189184214,0.15873157816044942,28.293705408424067,1800.2,1032,3,1,10:47:58,1032 3
239.23782941465998,25.50586933422531,0.32369879426395687,28.066701843158377,1799.75,1035,1,1,10:07:21,1035 1
183.478545106501,18.385160094007066,0.3232517197484122,28.06624788549482,1800.03,1035,1,1,10:08:51,1035 1
128.35574037708935,11.24206218206503,0.3238051137672859,28.06610502593438,1800.02,1035,1,1,10:10:22,1035 1
77.03453588897695,3.3772892745053498,0.32321352241523366,28.08949519760815,1800.02,1035,1,1,10:11:54,1035 1
50.44380670105227,-0.37218155883578546,0.32344999350814874,28.08873920625132,1800.01,1035,1,1,10:13:31,1035 1
454.10890472456373,37.795525160547584,0.31729352805045424,28.106018771905774,1799.99,1035,1,1,10:18:14,1035 1
704.396542822372,41.23965036358009,0.29110305650941243,28.16590011695196,1800,1035,1,1,10:20:15,1035 1
949.7076975069491,43.93254541532885,0.26123971610636615,28.246904246336076,1800.01,1035,1,1,10:22:15,1035 1
1387.9134612229445,44.91551066178024,0.23016680741208922,28.374803309138105,1799.96,1035,1,1,10:24:16,1035 1
1536.6706207653708,45.4207894909186,0.20444083976445354,28.48099933387393,1800.27,1035,1,1,10:26:16,1035 1
224.02644362177736,14.427252354721078,0.15426964172122512,29.080603269118637,1799.98,1035,2,1,13:02:34,1035 2
171.85776401148766,10.620286348990136,0.15656989227580934,29.066352437041132,1799.95,1035,2,1,13:04:07,1035 2
125.18860331184291,6.38467161897222,0.16446611528169344,29.042201161858518,1799.98,1035,2,1,13:05:47,1035 2
77.39426096829538,1.8714381239423261,0.17512787270295313,28.981989128886973,1799.96,1035,2,1,13:07:18,1035 2
52.385274549454074,-0.48935513255995794,0.18732772122686212,28.94861375674473,1800.25,1035,2,1,13:08:49,1035 2
426.600214763039,22.770199189593843,0.1591811730390622,29.080329292169132,1800.19,1035,2,1,13:14:13,1035 2
591.6563424121259,24.52040223764437,0.11173936253035908,29.29439695603321,1799.83,1035,2,1,13:16:13,1035 2
742.2743403031798,25.48103986220071,0.08341040879579797,29.441729925098475,1799.84,1035,2,1,13:18:14,1035 2
1050.7836734492037,27.58584809318153,0.06696132921270326,29.511731247192326,1800.14,1035,2,1,13:20:14,1035 2
1127.343657463441,27.269099089248943,0.05621023046271364,29.5542220096867,1800.11,1035,2,1,13:22:15,1035 2
260.97462931326123,28.615894629796465,0.4483301831351929,27.679215942364245,1800.18,1035,3,1,09:22:11,1035 3
196.58294576923348,21.318009772289827,0.4494764655361045,27.663988524412858,1800.17,1035,3,1,09:23:42,1035 3
135.6330619212285,13.238237802478602,0.45228495603148144,27.659648553481816,1799.88,1035,3,1,09:25:12,1035 3
77.3555120947098,4.484781538440841,0.45641230669472155,27.647925098526784,1800.16,1035,3,1,09:26:43,1035 3
48.92428092665882,-0.10186546452400065,0.4614622766749324,27.630635824709778,1800.17,1035,3,1,09:28:14,1035 3
511.0635790528053,37.628959522618885,0.4463258502395446,27.686190423857752,1799.83,1035,3,1,09:33:24,1035 3
779.664371147174,39.32861985050422,0.4047374756102033,27.80045778016281,1799.8,1035,3,1,09:35:25,1035 3
1017.2765582551756,40.851841213639005,0.31660810063977607,28.01047972565801,1799.79,1035,3,1,09:37:25,1035 3
1436.6705843187633,41.67873737853678,0.24786646837003448,28.20478228440772,1800.09,1035,3,1,09:39:26,1035 3
1562.0201756135364,42.82385879723193,0.20424029900052698,28.354159103576468,1800.07,1035,3,1,09:41:26,1035 3
218.29213775603682,22.79598398322348,0.23257455318277473,27.63624997843475,1800.06,1042,1,1,12:16:46,1042 1
168.53438142674048,16.823081508133285,0.23803525416998747,27.608832731149008,1800.05,1042,1,1,12:18:37,1042 1
123.00514195663256,10.163392716203232,0.25020242601875925,27.570703750158657,1800.09,1042,1,1,12:20:08,1042 1
74.56401002072029,3.381778433802184,0.2673017367593441,27.513600121115275,1799.79,1042,1,1,12:21:52,1042 1
49.431258262664805,-0.19276926249250384,0.2826961896448033,27.46400269850913,1799.81,1042,1,1,12:23:24,1042 1
421.9686799061373,36.161100309621624,0.24568660067812514,27.573426111329145,1800.12,1042,1,1,12:28:32,1042 1
615.6724610630154,39.73502289650153,0.19299130891269542,27.811028959306757,1800.04,1042,1,1,12:30:32,1042 1
834.9877058638187,41.951026013448676,0.16869854561812372,27.980263925364422,1799.99,1042,1,1,12:32:33,1042 1
1229.0902349704968,43.50502304924092,0.14388266208616418,28.136992606232862,1799.96,1042,1,1,12:34:33,1042 1
1311.7572456324747,45.37009633241241,0.12231303339424246,28.28776644291954,1800.12,1042,1,1,12:36:34,1042 1
174.38227796422044,10.114872540702125,0.07856940076524654,29.377585650271506,1800.14,1042,2,1,10:18:55,1042 2
127.00606879210882,8.04186179539678,0.08109177900876323,29.39522783575804,1800.1,1042,2,1,10:20:56,1042 2
97.42874466539655,5.245456589396703,0.09057700053859273,29.29678218361621,1799.82,1042,2,1,10:22:57,1042 2
66.64958239697418,1.9001877931045406,0.10316722560099441,29.240233981330917,1799.86,1042,2,1,10:24:57,1042 2
51.49308848693231,-0.21122669560736235,0.11476925594839862,29.19921088241425,1800.22,1042,2,1,10:26:58,1042 2
249.80564593919,12.288673910866894,0.04653756002784148,29.47066250056105,1800.02,1042,2,1,10:32:59,1042 2
342.35905599617934,17.237793109685892,0.044619820025931456,29.45518690994319,1799.97,1042,2,1,10:35:00,1042 2
432.51855671413773,21.088710138660225,0.041265088510446774,29.460434453894155,1799.91,1042,2,1,10:37:00,1042 2
564.9758130631243,24.8616060545546,0.03395364845423739,29.449308391368714,1799.89,1042,2,1,10:39:01,1042 2
267.6599509081928,32.337204815939444,0.4796627485030036,27.328164457554028,1799.98,1042,3,1,09:41:28,1042 3
201.41770238262814,24.30391762846404,0.4839437108087328,27.331846666429385,1799.94,1042,3,1,09:43:04,1042 3
141.32584685466745,14.428958004505775,0.48946163928915914,27.316744739184465,1799.88,1042,3,1,09:44:37,1042 3
83.32578775351084,3.7435196685422487,0.49492496388388707,27.325856800154433,1799.86,1042,3,1,09:46:08,1042 3
54.60416130738859,-1.7491635456395076,0.5042611432423518,27.30508926615244,1800.15,1042,3,1,09:47:40,1042 3
504.92928732991777,44.84498983608722,0.4576335740167905,27.43952273612888,1799.99,1042,3,1,09:52:40,1042 3
760.1236320938829,45.89403283800534,0.3828726999807983,27.598250319925388,1799.99,1042,3,1,09:54:40,1042 3
1014.9909920890719,45.72481904673166,0.32210804631558826,27.7500820533633,1800.02,1042,3,1,09:56:41,1042 3
1445.2387376842064,46.306887093092556,0.26457984875066265,27.909464414487623,1799.99,1042,3,1,09:58:41,1042 3
1567.587529827332,47.44626803843422,0.21631298992625453,28.056341462928238,1799.99,1042,3,1,10:00:42,1042 3
166.53066611626016,15.785856610531676,0.11756409593491489,28.62735093548412,1799.95,1043,1,1,10:13:11,1043 1
136.33967959425138,11.153234726089124,0.11889592766991654,28.586184812872304,1799.98,1043,1,1,10:15:12,1043 1
112.21750610860826,6.573629891253332,0.13321030893165337,28.552167004728624,1799.93,1043,1,1,10:17:12,1043 1
74.1116800440801,2.161504796600412,0.1558975170378549,28.508591158483974,1800.21,1043,1,1,10:18:47,1043 1
56.9108696295038,-0.8366673431328316,0.17243032482232498,28.482814268404628,1799.92,1043,1,1,10:20:31,1043 1
239.66218550331575,20.319641099091093,0.07499150355927608,28.731059717444495,1800,1043,1,1,10:26:48,1043 1
293.0780354227498,25.061071915183096,0.05964100183874548,28.79029075440858,1799.9,1043,1,1,10:28:47,1043 1
360.67121758968824,30.609472273728848,0.05465487564053688,28.81652178757666,1799.82,1043,1,1,10:30:48,1043 1
598.6153008383951,33.064421619219345,0.04613757424916967,28.82486034141006,1800.07,1043,1,1,10:32:48,1043 1
571.2668591211064,33.50519485237329,0.03908282370318532,28.898803186276798,1799.97,1043,1,1,10:34:49,1043 1
239.54067603279327,34.19187959347634,0.4307868445737701,28.917095458783297,1800.1,1043,3,1,10:03:06,1043 3
184.7422572208428,25.71373491246935,0.45564573282302256,28.860263911539402,1800.1,1043,3,1,10:04:44,1043 3
130.67028607985299,16.02662429818081,0.48070975146013084,28.815614106122524,1800.07,1043,3,1,10:06:41,1043 3
77.62181824251819,5.168896430271684,0.5036111059151875,28.791053671182738,1800.04,1043,3,1,10:08:41,1043 3
50.71723426633149,-0.5274665720650853,0.5225176015678568,28.781066911471278,1800.03,1043,3,1,10:10:26,1043 3
487.63416089644033,49.77646401983933,0.4966194715246176,28.70197854303995,1799.78,1043,3,1,10:15:42,1043 3
745.8952102787584,53.14076567449454,0.44291655301077454,28.80132423544863,1799.8,1043,3,1,10:17:42,1043 3
1013.0854319893069,52.62354675057598,0.3896823001162499,28.928557995853794,1800.13,1043,3,1,10:19:43,1043 3
1464.6394270218013,52.02868648505883,0.3320804310298383,29.054391718971853,1800.15,1043,3,1,10:21:43,1043 3
1604.29746974347,52.43787848698277,0.27560913433670287,29.17220911297267,1800.13,1043,3,1,10:23:44,1043 3
241.62126531528293,30.82264811950747,0.38230837411358765,28.447389506261754,1800.06,1044,1,1,12:24:25,1044 1
188.97615800386237,22.219319953386336,0.39749256191948995,28.422213041676596,1800.01,1044,1,1,12:25:58,1044 1
133.8084481786979,13.700879706102358,0.4181411408520607,28.391724392152437,1800.01,1044,1,1,12:27:30,1044 1
80.1009884914155,4.089540787292049,0.44526192703030054,28.33827049710149,1799.99,1044,1,1,12:29:01,1044 1
53.41507187720761,-1.1992277026509879,0.4681600184431758,28.30249942157078,1800,1044,1,1,12:30:31,1044 1
421.24910166533454,41.07990683054778,0.2797043834761516,28.731146952438262,1799.85,1044,1,1,12:36:07,1044 1
514.318182887238,40.78354263373088,0.15012967569752034,29.11850210761269,1800.1,1044,1,1,12:38:07,1044 1
621.3721303892077,42.3372863904307,0.10932384790825778,29.246544466611727,1799.99,1044,1,1,12:40:08,1044 1
904.6237331342683,45.43819018569643,0.08855850256108767,29.329784458527506,1799.97,1044,1,1,12:42:08,1044 1
994.5782958424905,44.92676622003398,0.0776508209446015,29.378667575082535,1799.99,1044,1,1,12:44:09,1044 1
246.45298959867702,24.843212227852565,0.3119711972218026,27.979728141308932,1800.09,1044,3,1,14:49:16,1044 3
189.99440135888184,18.349932832360004,0.3242354916552106,27.95469332492579,1800.09,1044,3,1,14:51:04,1044 3
134.33008874521073,11.362940373950815,0.3413593500461438,27.926316148215662,1799.73,1044,3,1,14:52:51,1044 3
78.78927128017145,3.87300902235333,0.37926214217035326,27.855952262660296,1800.06,1044,3,1,14:54:31,1044 3
51.63638334088193,-0.5985768219391476,0.39319878442527706,27.81004160661582,1800.03,1044,3,1,14:56:01,1044 3
411.3266264042247,33.16398925518344,0.21183965176731287,28.212243018705063,1800.01,1044,3,1,15:01:53,1044 3
474.9960896436296,33.682182877463624,0.11191655594318918,28.49373743983704,1799.98,1044,3,1,15:03:53,1044 3
632.5622395742415,34.897573563061535,0.09043182521873949,28.54725713802251,1800,1044,3,1,15:06:11,1044 3
910.8015400407403,38.42195577671625,0.07431956833015198,28.600462228245686,1799.99,1044,3,1,15:08:11,1044 3
1006.1529022885438,39.990030119216065,0.06902364619260838,28.630201653279734,1800.01,1044,3,1,15:10:12,1044 3
263.4992221047291,24.945796350018885,0.3810742117935775,27.847573467348283,1799.9,1045,1,1,10:30:06,1045 1
200.67555835460297,19.004065019945024,0.4033717461229008,27.7209676443206,1799.92,1045,1,1,10:31:46,1045 1
140.45520994635112,11.791301045847607,0.4259456879197587,27.718469300920518,1799.96,1045,1,1,10:33:26,1045 1
80.24185302122089,3.862961770230102,0.4448893874184588,27.68532062669334,1799.94,1045,1,1,10:34:59,1045 1
50.25381991657578,-0.3559735515399008,0.475325011008518,27.65045634688434,1800.25,1045,1,1,10:36:30,1045 1
487.3006012995265,36.24455131719359,0.3546683599917888,27.91301988814363,1799.92,1045,1,1,10:42:19,1045 1
677.1493527900197,39.64575054236305,0.2403215777482611,28.23683754911974,1799.83,1045,1,1,10:44:19,1045 1
854.1902603797021,40.66266199810646,0.1712407073934309,28.451890904594528,1800.03,1045,1,1,10:46:39,1045 1
1217.6713899868857,40.550721955617675,0.12852243404113825,28.612292385006786,1800.01,1045,1,1,10:48:40,1045 1
1317.0289402503813,40.35348838000486,0.10715530687037128,28.6129813314935,1799.99,1045,1,1,10:51:04,1045 1
243.03775499095224,24.434384448329336,0.3049843047951385,27.685893139376947,1800.02,1045,2,1,11:45:39,1045 2
184.6050924664284,18.118942244020207,0.3087919294376089,27.648050333142667,1800.05,1045,2,1,11:47:10,1045 2
131.96187029865274,10.861031776517954,0.31887076869586123,27.644160213762902,1800.05,1045,2,1,11:48:40,1045 2
77.65489595123958,3.5726886597197183,0.33803017091561116,27.578748490870137,1799.83,1045,2,1,11:50:16,1045 2
50.84195254704609,-0.44009285133448545,0.3554852534495661,27.53200885777956,1800.11,1045,2,1,11:51:47,1045 2
483.78151071277097,34.65591080149119,0.3238550264697872,27.58726058367984,1800.17,1045,2,1,11:57:30,1045 2
709.4806375558343,35.49403465713755,0.2408133208397929,27.799169727567524,1799.91,1045,2,1,11:59:30,1045 2
927.7864891259563,36.24196437272786,0.18822717695362334,27.96080464146885,1799.89,1045,2,1,12:01:31,1045 2
1345.9026582428864,36.30797167922065,0.15525022042242978,28.052765454543824,1800.18,1045,2,1,12:03:31,1045 2
1480.0930878858205,36.32990941958111,0.13406264409583565,28.136248062177334,1799.9,1045,2,1,12:05:32,1045 2
253.18105544330297,21.772776974825522,0.29746026710239554,27.069628715411863,1800.1,1045,3,1,10:33:06,1045 3
188.10040795035871,15.968234375736365,0.28375836474140026,27.120435342185093,1800.1,1045,3,1,10:34:53,1045 3
135.1483139724157,9.66713411736422,0.3031662175670296,27.127501182635182,1800.1,1045,3,1,10:36:39,1045 3
78.16954299927426,3.223355018912333,0.3137439761836427,27.115423560660428,1800.08,1045,3,1,10:38:20,1045 3
50.07241428351015,-0.23337769242036366,0.33541603118391705,27.068744173319345,1799.8,1045,3,1,10:39:51,1045 3
388.1574860606103,28.43486851273527,0.1690511931360263,27.669046168786043,1800,1045,3,1,10:45:37,1045 3
472.49209678026637,24.241601778885844,0.08030910249290782,27.837571406029817,1800.01,1045,3,1,10:47:38,1045 3
558.5381303937302,24.61614767840184,0.05697467540150703,27.905353530424993,1800,1045,3,1,10:49:38,1045 3
823.7978815851119,26.16657599586444,0.04582861212576487,27.785833594937074,1800.05,1045,3,1,10:51:39,1045 3
894.5485256123121,26.14814945917651,0.04027554641095849,27.81253784949527,1800.03,1045,3,1,10:53:39,1045 3
262.7949302747688,26.21402883349507,0.3667403179875656,27.088939600317456,1799.85,1048,1,1,08:35:51,1048 1
200.39619262381447,18.342916808702697,0.3530580534853636,27.04857728432133,1799.89,1048,1,1,08:37:35,1048 1
137.10560056537076,11.153342025462305,0.33963268298577554,27.087653619340486,1799.9,1048,1,1,08:39:07,1048 1
78.82945326749183,3.624849262091055,0.3392432312034291,27.08677998099436,1799.95,1048,1,1,08:40:38,1048 1
52.06845123870249,-0.6364656803890631,0.35383127718582774,27.029175109767273,1800,1048,1,1,08:42:09,1048 1
488.11846631385635,35.430176989170675,0.31957225479388984,27.161976674320382,1799.99,1048,1,1,08:47:29,1048 1
750.7338318195588,37.21218571381983,0.2875970089155994,27.240499277799312,1800,1048,1,1,08:49:14,1048 1
1020.2854794052831,38.1931069050299,0.26500467562774693,27.233773444166797,1800.06,1048,1,1,08:50:57,1048 1
1485.280783610436,38.19081236610571,0.24006394597355224,27.22951616031195,1800.07,1048,1,1,08:52:57,1048 1
1670.4022816496104,36.91986563477109,0.22304391133860982,27.313817400017353,1799.82,1048,1,1,08:54:55,1048 1
239.92415393529532,22.567558844033485,0.26626883809454466,28.393969208765405,1800.01,1048,3,1,13:05:07,1048 3
183.62494455487422,16.855406366686925,0.2747795271159999,28.353103769071037,1799.78,1048,3,1,13:06:43,1048 3
133.8144901675674,9.950679102461006,0.29196527020484714,28.223540742759965,1800.15,1048,3,1,13:08:19,1048 3
79.18478070871755,3.0899641155019353,0.30668034324022786,28.10726392306137,1800.01,1048,3,1,13:09:55,1048 3
52.82994468977685,-0.7770607945308923,0.3244302066311254,28.016874520790857,1799.92,1048,3,1,13:11:49,1048 3
477.4740891333224,35.61674159048702,0.3142938652780007,27.85608326044035,1800.03,1048,3,1,13:16:52,1048 3
728.2005955115761,36.88974449571135,0.26750717513978,27.894952742262554,1799.95,1048,3,1,13:19:16,1048 3
996.3192026304184,36.037600662454174,0.23669846780170142,27.957015427170965,1800.05,1048,3,1,13:21:17,1048 3
1466.2088640801496,34.06314472143208,0.21083665427207804,27.998878731496625,1800.15,1048,3,1,13:23:17,1048 3
1631.3596312971772,34.11673915116482,0.19042180173681106,28.052150882402035,1800.03,1048,3,1,13:25:18,1048 3
258.5736933420187,21.993597296757468,0.30072937480434275,27.983529314853705,1799.89,1049,1,1,11:50:04,1049 1
199.39483430508287,15.888822211102502,0.3077722940547327,27.94817712646684,1799.92,1049,1,1,11:51:39,1049 1
137.01423688896665,10.35596770665581,0.32406778924866975,27.90288609652056,1799.92,1049,1,1,11:53:09,1049 1
81.75330592944668,2.8378940767928578,0.33826570414075113,27.876900762219535,1799.92,1049,1,1,11:54:40,1049 1
54.04338616875147,-1.157620652539274,0.35079511912146555,27.84019308760543,1799.91,1049,1,1,11:56:19,1049 1
471.26839810810463,31.98417413647846,0.2705202272805707,28.040094592251457,1799.97,1049,1,1,12:01:37,1049 1
693.9711161683983,35.896476717990744,0.2258516172679989,28.160073018014973,1799.96,1049,1,1,12:03:38,1049 1
946.0689002381829,36.663680304215035,0.20147032600161346,28.27043242099123,1799.98,1049,1,1,12:05:38,1049 1
1409.4260711446752,36.51898704237093,0.18884932631530404,28.31490944904888,1799.96,1049,1,1,12:07:37,1049 1
1601.5437718808294,35.4663536865105,0.182977814171722,28.337995556862385,1799.97,1049,1,1,12:09:33,1049 1
293.16945034491044,23.186227903201914,0.43648923919751664,28.110063779520548,1800.14,1049,2,1,09:57:20,1049 2
221.21240211188194,17.372051683626072,0.4448852729926538,28.097845936012533,1800.12,1049,2,1,09:58:58,1049 2
153.14586799915602,10.356597023179887,0.45244780196595685,28.092535014441253,1800.11,1049,2,1,10:00:50,1049 2
86.800394038789,2.70672601111378,0.4634832753747619,28.08147729925757,1800.11,1049,2,1,10:02:26,1049 2
53.1090391596393,-1.099084221147625,0.47195276154403154,28.06506906561959,1800.1,1049,2,1,10:04:00,1049 2
555.022665558024,30.631010337955797,0.4379448519381571,28.123817337630335,1800.04,1049,2,1,10:09:04,1049 2
829.8616240178485,32.14321533919565,0.3981437389394996,28.211705129999093,1800.02,1049,2,1,10:11:04,1049 2
1114.0733358843406,32.14970817131705,0.3738099375075502,28.277301478946146,1800.02,1049,2,1,10:12:37,1049 2
1597.409008482496,30.89003736156808,0.346069275154842,28.319362346906498,1800.09,1049,2,1,10:14:38,1049 2
1775.6487368601427,32.18389212836312,0.3232204907108734,28.36701970936205,1800.09,1049,2,1,10:16:21,1049 2
282.4548214639204,30.461640694756184,0.5216686455871574,27.798628411770345,1800.11,1049,3,1,12:58:15,1049 3
215.51798837878968,22.329362538683576,0.5364363204885926,27.761372871897564,1800.12,1049,3,1,12:59:45,1049 3
148.28296004374923,13.950437786199224,0.5537929799174757,27.715985600634987,1800.15,1049,3,1,13:01:19,1049 3
82.92256302798747,4.499117398552128,0.5753393720687543,27.675961247461295,1800.15,1049,3,1,13:02:57,1049 3
50.14234386127821,-0.4064664769367598,0.5926986130020818,27.64332039554568,1799.89,1049,3,1,13:04:31,1049 3
529.208624738865,42.52558103760364,0.5097870085611677,27.715668350480442,1799.98,1049,3,1,13:10:00,1049 3
771.9342711686729,46.47695310532157,0.4112597510781022,27.872947458333137,1800.01,1049,3,1,13:12:00,1049 3
1025.4414404641914,46.997200405802616,0.3440402571866034,28.00931021980188,1800,1049,3,1,13:14:01,1049 3
1472.9832115493764,47.624352019311814,0.2974488857504766,28.09489127779637,1800.05,1049,3,1,13:16:01,1049 3
1630.0081885350387,48.88933423874109,0.26709423794659054,28.171631808658475,1800.06,1049,3,1,13:18:02,1049 3
234.57655325952393,16.521909719453998,0.1769878229132324,28.196794292959396,1799.96,1066,1,1,10:13:11,1066 1
169.83138407725284,12.103081041190055,0.16371441517590207,28.238927771163993,1800,1066,1,1,10:14:51,1066 1
128.3044616361351,6.537802910371087,0.16253283554476244,28.278433377064697,1800.01,1066,1,1,10:16:33,1066 1
85.13753586162893,1.222232461221309,0.16425581660623498,28.27763168065272,1800.01,1066,1,1,10:18:05,1066 1
58.04153033970766,-0.9244128547650897,0.16614693505265876,28.276657148765608,1799.98,1066,1,1,10:19:37,1066 1
372.5604289957518,28.73579915139785,0.1533589040123122,28.334228246331364,1800.24,1066,1,1,10:25:29,1066 1
563.5923605251579,35.58266170638573,0.14262353324109853,28.3688093238776,1799.95,1066,1,1,10:27:30,1066 1
754.2590435564817,39.500644047329764,0.12637219429996005,28.419106119602006,1800.18,1066,1,1,10:29:30,1066 1
1118.9638666111641,45.427962392672505,0.11688557806504118,28.43944855242944,1799.92,1066,1,1,10:31:31,1066 1
241.96208166693185,9.628875487211404,0.10689335126953636,29.357124660809298,1799.93,1066,2,1,10:20:24,1066 2
190.65376730798025,6.787232468922643,0.10981743328135717,29.37534000622044,1799.91,1066,2,1,10:22:25,1066 2
139.40829915557816,3.721020528747912,0.11068441173038929,29.38520401740707,1799.9,1066,2,1,10:24:12,1066 2
89.04305806732015,0.5584843010478601,0.1115569033398076,29.38919748190238,1799.89,1066,2,1,10:25:43,1066 2
58.495083428577686,-0.6770314473487562,0.11306415990011243,29.397543369425694,1799.84,1066,2,1,10:27:38,1066 2
393.38223082910463,19.836476244299362,0.11300681050475121,29.481138939591858,1800.08,1066,2,1,10:33:10,1066 2
594.2016700746316,26.06919733435426,0.1129106419476127,29.489451407700013,1800.05,1066,2,1,10:35:11,1066 2
789.5483426778511,31.261142722584857,0.10779054920157892,29.514742799119453,1800.02,1066,2,1,10:37:12,1066 2
1177.155314154348,37.064019992851726,0.10585527560673878,29.54224440010958,1799.73,1066,2,1,10:39:12,1066 2
256.06416952105525,24.193090445635807,0.3171812191999705,27.48665869076831,1800.01,1066,3,1,11:13:46,1066 3
193.3156042960094,17.872487430038273,0.3161399249258836,27.4735261544417,1800.08,1066,3,1,11:15:17,1066 3
136.95965928652612,10.667787777721713,0.32294718749905227,27.443762686194578,1799.87,1066,3,1,11:17:00,1066 3
80.42863002807212,3.203683350672575,0.3286691810956219,27.413516585927017,1799.91,1066,3,1,11:18:32,1066 3
53.40334424571383,-0.8924428323632033,0.3458474680194028,27.38776411225436,1799.96,1066,3,1,11:20:08,1066 3
469.63731291398835,37.469892527655325,0.3076961127009354,27.453994448332995,1800.02,1066,3,1,11:25:28,1066 3
723.8800570802771,41.514626459980335,0.2870257595583711,27.495595199406,1800.02,1066,3,1,11:27:28,1066 3
994.6157723845461,42.90573778692848,0.2711905452930054,27.516147335791583,1800,1066,3,1,11:29:29,1066 3
1460.176718183204,43.17471882813381,0.24994322694774598,27.548665131007915,1800.01,1066,3,1,11:31:29,1066 3
1631.5141470637566,43.31732611711992,0.2311393262972306,27.60080796877878,1800.02,1066,3,1,11:33:30,1066 3
207.09817242261437,24.21311568295213,0.22942748106736172,27.369759390138825,1800.04,1067,1,1,08:25:01,1067 1
161.68208629719072,17.345061589145512,0.23013498358591447,27.383133103302345,1800.05,1067,1,1,08:26:36,1067 1
118.16428485482317,10.74667272484619,0.24407481921686205,27.366820394798292,1800.07,1067,1,1,08:28:09,1067 1
73.52813410068921,3.5670756997402404,0.26173006496970624,27.276622352186223,1800.11,1067,1,1,08:29:40,1067 1
50.897112465397974,-0.3557695032976887,0.2792084234360446,27.230503824686856,1799.85,1067,1,1,08:31:15,1067 1
319.071331270603,31.447509613946835,0.1455335157554863,27.513162690367135,1800.25,1067,1,1,08:36:20,1067 1
433.39969740767623,33.77042371387183,0.10320677535649432,27.65967519890751,1799.99,1067,1,1,08:38:20,1067 1
473.9117687348633,31.66462252047823,0.06506412355433759,27.802055206369488,1799.99,1067,1,1,08:40:21,1067 1
852.3768257510797,37.460975105978186,0.06785291862783668,27.79347084652513,1800.01,1067,1,1,08:42:03,1067 1
863.2541072252548,35.08388318729333,0.05245108348339836,27.876372212402266,1799.99,1067,1,1,08:44:03,1067 1
224.19754126158838,14.129061538017645,0.141128892067139,27.988081707589966,1799.9,1067,3,1,08:19:40,1067 3
172.2344684647395,9.780971317640185,0.13450288111072575,28.007403548191395,1799.97,1067,3,1,08:21:41,1067 3
130.42603701368134,5.733827698643798,0.14745170660378365,27.98596613367912,1800,1067,3,1,08:23:24,1067 3
78.13000921899696,1.7423375190453905,0.14854530688680945,27.966241840097698,1800.06,1067,3,1,08:25:00,1067 3
55.61670614099841,-0.6719221646350001,0.1644504027728127,27.93977622007198,1800.12,1067,3,1,08:26:35,1067 3
342.40998160718635,22.45612189317831,0.10816723419422689,27.987176787407495,1799.98,1067,3,1,08:32:29,1067 3
540.8767482806004,25.952543599307667,0.09760353417674095,28.001928506837388,1799.99,1067,3,1,08:34:29,1067 3
683.915381088752,30.967744295313544,0.08626188799302781,28.041424744304155,1800.06,1067,3,1,08:36:30,1067 3
1043.4571787546085,36.22171923838845,0.08263905901037076,28.08755151178925,1800.05,1067,3,1,08:38:09,1067 3
1194.9093424676862,34.64514415420899,0.07431277602740519,28.136078104231384,1800.07,1067,3,1,08:40:10,1067 3
188.0367608056407,5.706740282756857,0.045700791221641605,29.327906881673385,1799.96,1070,1,1,12:08:29,1070 1
158.76622211885888,3.8241219328004066,0.046322171861199614,29.32766530585653,1800.29,1070,1,1,12:10:16,1070 1
120.07021434821034,2.350412336391544,0.05094805983560337,29.323784534786363,1799.96,1070,1,1,12:12:03,1070 1
93.94322688019155,0.11045489507738701,0.05773497944104562,29.290975234395344,1799.96,1070,1,1,12:13:37,1070 1
67.65323482601387,-0.7927165649016191,0.06738243085342897,29.273655902727583,1799.99,1070,1,1,12:15:23,1070 1
297.13740939622727,8.66617034484259,0.036239510114651256,29.29440788568191,1800.09,1070,1,1,12:21:25,1070 1
436.61659632438034,10.079987114974939,0.030091053781700024,29.2379208804152,1799.89,1070,1,1,12:23:12,1070 1
549.90951269018,11.317710200250879,0.025294568518127922,29.185783283394297,1800.02,1070,1,1,12:25:12,1070 1
842.2017582973733,13.814937914771273,0.024262458728901152,29.083519255252853,1799.91,1070,1,1,12:27:04,1070 1
960.5785919883124,14.581669358368552,0.02363495887727656,29.089072613503014,1800.03,1070,1,1,12:29:04,1070 1
238.7648363058433,4.827923810730367,0.05434715782832857,29.38327429986065,1799.88,1070,2,1,14:56:54,1070 2
159.82261340787045,4.291982199847597,0.05440519326565199,29.373763052944398,1799.85,1070,2,1,14:59:12,1070 2
163.51247305744775,0.940596696495997,0.05688760820331223,29.352831783540907,1800.14,1070,2,1,15:00:43,1070 2
99.82451622431745,-0.18841699253383304,0.06205230119433964,29.318703736842032,1799.83,1070,2,1,15:02:44,1070 2
60.0387545588577,-0.03447904466750476,0.06785573852680817,29.271068070367217,1799.81,1070,2,1,15:04:44,1070 2
412.9793747056914,7.2921164451404525,0.04571011973665952,29.300673135379522,1800.17,1070,2,1,15:10:46,1070 2
638.5750353015851,8.543830140488035,0.04323200100580382,29.3497743880139,1800.15,1070,2,1,15:12:47,1070 2
1536.6296674245575,-7.886465144633912,0.04156358090168546,29.29243110929939,1800.19,1070,2,1,15:14:47,1070 2
1150.6864972488959,14.127527841052487,0.03965486335559186,29.26755514884992,1799.96,1070,2,1,15:16:48,1070 2
1301.5003865325339,14.256527677824762,0.03734601126656844,29.295769046623274,1799.95,1070,2,1,15:18:30,1070 2
273.5657331193182,21.636966995398506,0.33833228080796846,28.216978673182727,1799.88,1070,3,1,10:55:50,1070 3
209.89406489599725,15.809085501768063,0.3503958739505239,28.203635727890358,1799.91,1070,3,1,10:57:31,1070 3
144.12112324927102,10.028610114478596,0.3621527586591396,28.181179653527487,1800.18,1070,3,1,10:59:11,1070 3
83.97871462171769,2.8068339332781673,0.3857493464787457,28.136848482905755,1800.2,1070,3,1,11:00:50,1070 3
51.92976143375398,-0.6725066011281482,0.39514706305767205,28.121975001311856,1800.19,1070,3,1,11:02:21,1070 3
516.236398207215,30.91761530840165,0.33831707437731035,28.236584067923523,1799.86,1070,3,1,11:07:27,1070 3
746.4540083596472,32.821479546413606,0.25330651493927037,28.444536641843055,1800.12,1070,3,1,11:09:28,1070 3
978.4190849448094,33.62851319060312,0.20083291222203192,28.594239710557943,1800.09,1070,3,1,11:11:27,1070 3
1382.2079214925332,33.139535916379074,0.1504813078772509,28.74656206807495,1800.06,1070,3,1,11:13:28,1070 3
1482.5345785529194,32.01379564002151,0.11418219481819568,28.864327070471376,1800.02,1070,3,1,11:15:28,1070 3
259.2803734935168,26.723606136810098,0.3848004241036281,28.463845922192252,1800.06,1071,2,1,12:18:03,1071 2
195.689289911741,19.68680537862818,0.38283868986306785,28.474514258535287,1800.02,1071,2,1,12:19:53,1071 2
136.87485816835957,11.784206900604111,0.3818210160023715,28.48463701042829,1800.04,1071,2,1,12:21:41,1071 2
80.52319120505177,3.5396053323715937,0.3966823650882267,28.45830816207121,1800.05,1071,2,1,12:23:16,1071 2
52.78170622549671,-0.8660539951792234,0.39891384496558485,28.47148608220501,1799.75,1071,2,1,12:24:46,1071 2
399.3433774059292,33.08417047938799,0.2035896414218981,28.70931801869716,1799.9,1071,2,1,12:31:10,1071 2
437.8670601311896,30.85638992530521,0.09511649081516746,28.85586175776472,1799.85,1071,2,1,12:33:10,1071 2
647.2450902773332,36.15433561726948,0.09659478953509668,28.79405131606776,1800.06,1071,2,1,12:35:26,1071 2
878.6015554837122,37.82070173547882,0.07063859396514031,28.783414790435042,1799.96,1071,2,1,12:37:27,1071 2
1031.6957669512917,32.30243179617148,0.05720507251322727,28.751244960443678,1800.12,1071,2,1,12:39:27,1071 2
278.90527822044083,29.727508048655874,0.5335203623189577,27.50590637969427,1799.83,1071,3,1,09:56:18,1071 3
211.02986014700892,22.06673410369974,0.5424011643540866,27.526577869055192,1799.78,1071,3,1,09:57:53,1071 3
144.5023941160756,13.69980113753654,0.5427191312325548,27.503834011906587,1800.07,1071,3,1,09:59:30,1071 3
81.60771241493975,4.329849196704116,0.5441938499491102,27.53734070486115,1800.01,1071,3,1,10:01:02,1071 3
50.68713962594617,-0.5057970644368053,0.5529636974590358,27.535469275680846,1799.98,1071,3,1,10:02:36,1071 3
526.5087494369036,39.01292047389252,0.4902515332794888,27.67708031808577,1799.93,1071,3,1,10:08:13,1071 3
795.3395593695675,40.751384614823046,0.4352243709458975,27.800045371713622,1799.89,1071,3,1,10:09:54,1071 3
1061.252956382503,40.899150585648364,0.371147279087471,27.957790199258618,1799.86,1071,3,1,10:11:55,1071 3
1523.0948473497194,40.082827676452325,0.31659248617560615,28.082941178309675,1800.1,1071,3,1,10:13:56,1071 3
1672.5397813698519,42.3501478861082,0.27399961365914943,28.192258831493223,1800.08,1071,3,1,10:15:56,1071 3
270.48875564356547,30.621819895492056,0.4629187541723334,28.369574104225265,1800.12,1072,1,1,11:59:43,1072 1
207.28676391200412,22.593629111001327,0.48125636405222405,28.35651443286865,1799.76,1072,1,1,12:01:43,1072 1
146.04212431105952,13.35937579855645,0.49751925188749435,28.347494688426025,1800.03,1072,1,1,12:03:17,1072 1
84.75205840804048,3.596862204275912,0.5133365719831688,28.326726436519117,1800.03,1072,1,1,12:05:08,1072 1
55.038428055058695,-1.841350936938078,0.5445024487849321,28.25529680042076,1799.98,1072,1,1,12:06:38,1072 1
543.0577331447072,41.16463661970628,0.5442532536816322,28.288594331974547,1799.91,1072,1,1,12:12:04,1072 1
819.3566174343472,43.317145420122124,0.5065113563494437,28.365737049226432,1800.21,1072,1,1,12:13:35,1072 1
1102.3325324255911,43.241466986980015,0.47295370106049717,28.438385751232044,1800.16,1072,1,1,12:15:36,1072 1
1583.1833261194947,42.10502834318978,0.438277384862541,28.524417013964207,1800.1,1072,1,1,12:17:36,1072 1
1756.8949832018159,44.247557060146036,0.40508567304865184,28.586626553808305,1800.09,1072,1,1,12:19:21,1072 1
276.35134477348095,29.375355178157253,0.47761948206488136,28.11052711834735,1799.94,1072,2,1,11:47:44,1072 2
208.28727212662244,22.384765347698607,0.4935300008920361,28.09133417258518,1799.85,1072,2,1,11:49:21,1072 2
145.00003787409227,13.733211023730117,0.5127959257393342,28.05972832405034,1800.09,1072,2,1,11:51:04,1072 2
81.998544816938,4.42635323340221,0.5361789257403871,28.028900213317588,1800.07,1072,2,1,11:52:43,1072 2
52.18818744733191,-0.9844197803340946,0.5445339045029363,28.02856596467199,1800.02,1072,2,1,11:54:16,1072 2
549.1677873746664,38.68803891509798,0.546619200445286,28.053543114496776,1800.18,1072,2,1,12:00:11,1072 2
832.8329693827454,40.112062577844256,0.5279086684435331,28.099663603932623,1800.19,1072,2,1,12:02:11,1072 2
1118.7499759022219,40.90827558707649,0.5107491918271353,28.136763036208254,1800.16,1072,2,1,12:04:12,1072 2
1600.5196677525362,41.54463794301125,0.49549692607707796,28.187802409191427,1800.11,1072,2,1,12:06:12,1072 2
1796.8512943707635,39.8306157729535,0.4777628136706526,28.22621196859357,1800.1,1072,2,1,12:08:13,1072 2
260.17458432110243,25.285494265684054,0.34636466675622674,27.12135634191761,1799.87,1072,3,1,08:36:29,1072 3
193.93165823899042,19.137663050465918,0.34535634497616974,27.0826786878492,1799.94,1072,3,1,08:38:12,1072 3
134.3248017732868,11.753177854112963,0.3445834103029493,27.055699654251082,1799.75,1072,3,1,08:39:48,1072 3
76.86779889051819,4.009687535032168,0.3453472918179576,27.028567367701257,1800.08,1072,3,1,08:41:18,1072 3
51.761755305974994,-0.6023392089667144,0.3469047359225574,26.996580247212147,1800.14,1072,3,1,08:42:49,1072 3
499.58615429213773,33.82042876908195,0.32788081227251903,27.03160067340609,1799.98,1072,3,1,08:47:50,1072 3
772.2900399684113,36.09997261093432,0.31449880519343637,27.04813606613355,1800.01,1072,3,1,08:49:21,1072 3
1055.4302448281155,35.14786352617104,0.29187635899530207,27.09772625908144,1800.03,1072,3,1,08:51:21,1072 3
1534.7524510525554,33.8944668991256,0.2702816335807494,27.086845473939583,1799.82,1072,3,1,08:53:19,1072 3
1703.4579019494543,35.70472391005969,0.25348516776267804,27.12924343500258,1800.12,1072,3,1,08:54:51,1072 3
252.67095051991632,14.78509087837935,0.1827581153031808,28.47725977297534,1799.96,1078,1,1,09:35:13,1078 1
192.2225763937061,9.864393789380994,0.16589562221728135,28.560523428431026,1800.2,1078,1,1,09:36:43,1078 1
137.06522416127962,5.820062054496303,0.16928338165800427,28.561021972819937,1800.15,1078,1,1,09:38:16,1078 1
82.40448008910066,1.520714001614056,0.16957278444616267,28.59416991044845,1800.13,1078,1,1,09:39:49,1078 1
58.38577162066149,-1.044605050739707,0.18232530234493494,28.592783787043384,1800.04,1078,1,1,09:41:19,1078 1
441.939604721544,20.97483057911448,0.1461667830164763,28.764088849557528,1799.99,1078,1,1,09:47:21,1078 1
593.3045584988655,23.659247044581203,0.10218344206051949,28.917346983961423,1800.26,1078,1,1,09:49:21,1078 1
823.2176085409577,24.950960897783872,0.09224595997890982,28.974150006920713,1800.2,1078,1,1,09:51:22,1078 1
1149.1328455032674,27.669095318572765,0.07446765009113698,29.027722203717655,1799.86,1078,1,1,09:53:22,1078 1
1296.799173373156,26.7818405342957,0.06663615939225025,29.087199363656968,1800.08,1078,1,1,09:55:22,1078 1
237.34888888657582,23.08556489642773,0.2651321410042543,29.07489063865269,1800.09,1078,2,1,11:16:05,1078 2
185.70412475779972,16.04397385524359,0.26321921179637386,29.08488371512339,1800.07,1078,2,1,11:17:52,1078 2
132.84127473874736,9.696270937972601,0.27442258730729746,29.08418245947047,1800.03,1078,2,1,11:19:50,1078 2
80.26082521468905,2.8320624777032406,0.2916616763233089,29.045951088303713,1800.02,1078,2,1,11:21:32,1078 2
52.51939897462868,-0.6467881151811464,0.3067828717794206,29.004374508827365,1799.99,1078,2,1,11:23:14,1078 2
402.17723501499114,30.451799120374297,0.18515618244435458,29.331391441996306,1799.94,1078,2,1,11:28:53,1078 2
561.8193129558256,35.69219815219329,0.14493519979783567,29.461974299183677,1799.96,1078,2,1,11:30:54,1078 2
778.2509616433379,38.76535787200231,0.13224293880075713,29.50833769243958,1799.87,1078,2,1,11:32:54,1078 2
1204.7468480008752,41.061522434491046,0.12435094572973927,29.51196663939215,1799.9,1078,2,1,11:34:55,1078 2
1418.7114860604768,35.962757425717044,0.11278813127212933,29.56101953713294,1799.89,1078,2,1,11:36:55,1078 2
227.5655034630436,14.566239522655435,0.1492931627323105,28.39094177971322,1800.08,1078,3,1,13:35:58,1078 3
183.84204186479266,10.345623219182865,0.15912405865118795,28.364819927126483,1799.81,1078,3,1,13:37:29,1078 3
131.5101191502974,6.545132612692898,0.1730007418513628,28.337092398025792,1800.09,1078,3,1,13:39:07,1078 3
83.64750652243433,1.5598695476190827,0.19024361542139345,28.29527088251916,1799.86,1078,3,1,13:40:48,1078 3
57.84490624153183,-1.1157454714921038,0.20784037005717954,28.262406269862957,1800.12,1078,3,1,13:42:25,1078 3
457.3508576397517,31.754743661273913,0.24204995330756884,28.191484726549675,1800.15,1078,3,1,13:47:22,1078 3
701.9790493973319,37.37891293526511,0.23423829840909102,28.189279602808384,1799.86,1078,3,1,13:49:20,1078 3
957.4781159708573,38.7741836548188,0.21276002902037125,28.224037556261187,1799.89,1078,3,1,13:51:21,1078 3
1405.4218363765588,39.48169353246245,0.19103272068769014,28.274226828819078,1800.15,1078,3,1,13:53:22,1078 3
1530.5959597763808,40.98628381312632,0.16390452325046048,28.343471172322687,1799.85,1078,3,1,13:55:22,1078 3
220.66637275490876,24.050041260448932,0.24945715588602094,27.86945062198064,1800.09,1089,1,1,08:58:32,1089 1
174.41327897336285,18.088906548467115,0.27077731947698624,27.825169631842872,1800.08,1089,1,1,09:00:32,1089 1
126.93736859913412,11.404005317357415,0.2997577727741088,27.79846819644353,1800.03,1089,1,1,09:02:17,1089 1
77.08172527053131,3.7793022604433957,0.3343950325086814,27.72232466344832,1800.03,1089,1,1,09:04:00,1089 1
51.53091387286569,-0.5424075033356897,0.35332273082776544,27.686685689872146,1800.02,1089,1,1,09:05:40,1089 1
388.8765621725738,35.33365539538814,0.20785605119481773,28.0408631505001,1799.99,1089,1,1,09:11:41,1089 1
419.2017739514199,37.323717550599035,0.11139919792674725,28.29802267280698,1799.98,1089,1,1,09:13:42,1089 1
649.3370743936442,41.30575284730939,0.1108945820914942,28.32267703350955,1799.94,1089,1,1,09:16:05,1089 1
957.37535211951,45.21129592005764,0.09325160336330462,28.35623424576895,1800.28,1089,1,1,09:18:05,1089 1
1038.863544577554,45.90189834689035,0.08253942758273959,28.378539217154373,1799.98,1089,1,1,09:19:57,1089 1
252.80903807498578,27.686499793356905,0.364231432591731,27.05470198324868,1799.85,1089,2,1,09:01:26,1089 2
190.74789775926877,21.242172694912554,0.37791053325967383,27.09309166744074,1800.09,1089,2,1,09:03:24,1089 2
135.07262797419116,12.859617349966202,0.39096085383617446,27.15993081861123,1799.99,1089,2,1,09:04:54,1089 2
78.70063111421862,4.230867081345536,0.41119621095179865,27.153782854295947,1799.98,1089,2,1,09:06:31,1089 2
50.13037082317457,-0.3018339849112979,0.42302370080469565,27.21283945780723,1799.87,1089,2,1,09:08:03,1089 2
520.063325715938,37.6850843251884,0.42762917527830013,27.298370424974802,1799.96,1089,2,1,09:12:56,1089 2
775.21235501106,38.816949471719155,0.3485696207821342,27.472621150350783,1800.17,1089,2,1,09:14:56,1089 2
1041.7321205886017,39.35612596348672,0.3076902220925581,27.55786683007141,1800.12,1089,2,1,09:16:31,1089 2
1511.5074407990267,39.075169256840816,0.2802095942571332,27.688566649998176,1800,1089,2,1,09:18:31,1089 2
1679.6392283710031,39.756543271113564,0.25432240608434514,27.79439851352816,1800.22,1089,2,1,09:20:32,1089 2
268.7209427496475,26.527857922010888,0.40889601436243106,27.320051516476425,1800.17,1089,3,1,09:16:38,1089 3
202.85548528039223,19.91500138255883,0.4164338096707913,27.328030710550138,1799.82,1089,3,1,09:18:08,1089 3
141.17462869482958,12.027137296217557,0.419255413962311,27.31166069166551,1800.06,1089,3,1,09:19:44,1089 3
80.39261999723172,3.9152000985055744,0.4296973301345013,27.296282136823947,1800.08,1089,3,1,09:21:14,1089 3
52.517851378812956,-0.8832386478848108,0.43852490334144795,27.28278830396954,1800.08,1089,3,1,09:22:46,1089 3
540.9285388172416,32.99905201492931,0.439374140099687,27.26788670428349,1800.11,1089,3,1,09:27:58,1089 3
826.0540073672828,32.51479359859064,0.40693267008487394,27.36542667018144,1800.06,1089,3,1,09:29:59,1089 3
1094.8063698544938,33.591813798615256,0.35618268379614254,27.48339726583965,1800.06,1089,3,1,09:31:59,1089 3
1564.7296594202617,32.89258101955167,0.3130092882574779,27.551995582497856,1800.05,1089,3,1,09:34:00,1089 3
1736.5868090592344,33.77181734037859,0.2844454002974605,27.631759116368787,1800.02,1089,3,1,09:35:56,1089 3
261.4963283944075,15.801616103923852,0.21930031841062306,27.870831345392276,1799.85,1090,1,1,12:24:48,1090 1
195.0764748092496,12.168898137249087,0.22237254272307705,27.86676633059993,1800.09,1090,1,1,12:26:23,1090 1
140.52903821466094,6.953520019182025,0.23021811245798854,27.81172273430898,1800.1,1090,1,1,12:27:56,1090 1
80.32428989196221,2.217706528954811,0.24062923424034782,27.773159509845012,1799.85,1090,1,1,12:29:35,1090 1
53.01900468605948,-0.7192278913438942,0.25412626015654366,27.722595938532343,1800.12,1090,1,1,12:31:09,1090 1
513.1476802020305,24.27957174795418,0.2628998727614755,27.764288323353835,1799.98,1090,1,1,12:36:23,1090 1
761.4994847390487,25.2630050948629,0.21579417838352297,27.94529322495723,1800.23,1090,1,1,12:38:24,1090 1
1002.2490350939995,24.805200208458025,0.1687899887547053,28.126029707189062,1799.87,1090,1,1,12:40:25,1090 1
1441.4737061023452,24.633792491975484,0.1427431727171413,28.23640448284808,1799.88,1090,1,1,12:42:25,1090 1
1573.0444000034724,25.91351771289937,0.12336949809869284,28.322345632054887,1800.11,1090,1,1,12:44:26,1090 1
245.77949990027724,20.387992040683137,0.24408477557928265,28.57740185295327,1799.88,1090,2,1,13:17:32,1090 2
192.09117962171788,14.331051000580189,0.2471652371282172,28.582913207813007,1800.16,1090,2,1,13:19:06,1090 2
136.36381278242874,8.619162781282387,0.25576160240724927,28.576289002063994,1799.86,1090,2,1,13:20:41,1090 2
80.00821786658231,2.705721650876035,0.2706794836946553,28.544700484999236,1800.13,1090,2,1,13:22:13,1090 2
54.199579920491196,-0.9280389919536698,0.289085257186,28.503830437946338,1800.1,1090,2,1,13:23:45,1090 2
498.0047635376929,29.119299212550615,0.27613285640576557,28.52931332863114,1800.06,1090,2,1,13:29:14,1090 2
706.4706885731434,31.151346413467543,0.198271835275555,28.731167993373866,1800.09,1090,2,1,13:31:14,1090 2
858.2046037337034,29.915574505499215,0.12185090397523952,28.96505461011352,1800.06,1090,2,1,13:33:15,1090 2
1145.9140891399613,29.476885340255336,0.07955990833332666,29.070982179896127,1800.05,1090,2,1,13:35:15,1090 2
1129.3531678042227,29.026187335910976,0.057610734463874,29.150854052754976,1800.07,1090,2,1,13:37:16,1090 2
260.49581027809097,26.38387420110858,0.35331072986344514,27.451152706366916,1799.93,1090,3,1,10:57:52,1090 3
198.3965157077446,19.286579420022875,0.355780896244014,27.46198111430726,1799.93,1090,3,1,10:59:29,1090 3
140.03663836112406,11.509412543382354,0.36446392393012633,27.476085982294467,1800.16,1090,3,1,11:00:59,1090 3
83.10819721787615,3.0895574428844066,0.37685236717864923,27.426449228922117,1800.15,1090,3,1,11:02:32,1090 3
53.112338970875314,-0.9966714018759056,0.39619155275984974,27.378825459358232,1799.87,1090,3,1,11:04:02,1090 3
517.6391176347109,37.17740137063985,0.39721582468438776,27.374053897678472,1800.08,1090,3,1,11:08:57,1090 3
769.1289015760167,39.890956215228435,0.33768976405466655,27.51662817849381,1800.04,1090,3,1,11:10:57,1090 3
1015.9045657505483,40.689948544192575,0.27908741680097754,27.661570565214898,1799.99,1090,3,1,11:12:58,1090 3
1448.3826062617252,41.00416208380104,0.2294340811240028,27.783670330412285,1799.98,1090,3,1,11:14:58,1090 3
1562.201992774675,42.973547694199816,0.1880612301868844,27.909936600176255,1799.9,1090,3,1,11:16:59,1090 3
173.99957008939984,7.7590402751038825,0.058849552897462534,28.342604133010884,1799.82,1093,1,1,11:42:53,1093 1
146.21001293340242,5.632498824299823,0.0633662198733542,28.379231105225937,1800.15,1093,1,1,11:44:25,1093 1
105.4215787676873,3.942627431239993,0.07275525071870516,28.42489710085154,1800.08,1093,1,1,11:46:09,1093 1
73.45394274351152,1.1963875067961076,0.08363005610936132,28.456062115090077,1800,1093,1,1,11:47:41,1093 1
58.216584831991476,-0.5653954893383187,0.09488929766575088,28.489316994251606,1799.98,1093,1,1,11:49:15,1093 1
305.998710027119,10.889264193167918,0.047289683887779876,28.8010089626298,1799.81,1093,1,1,11:54:54,1093 1
427.19398223828534,13.44976127918974,0.04001141313472906,28.884816240836276,1800.23,1093,1,1,11:56:54,1093 1
526.2525164952975,16.98685510735594,0.037267794992218155,28.930472609885516,1799.92,1093,1,1,11:58:48,1093 1
762.72705492929,20.492178504887143,0.033556630981640675,28.98164249089248,1799.99,1093,1,1,12:00:49,1093 1
876.9503686748294,19.670955376110268,0.029754870935205346,28.99223466598181,1799.93,1093,1,1,12:02:49,1093 1
205.39704674219342,13.379815666904571,0.12401503322199516,28.18525100886547,1799.99,1093,2,1,11:56:23,1093 2
161.9876589116696,9.740801027846828,0.12812196879500193,28.18695141414232,1799.93,1093,2,1,11:57:56,1093 2
122.34071380288881,5.794841504189768,0.1383488068646434,28.174371622280894,1799.88,1093,2,1,11:59:29,1093 2
79.71973649588095,1.501457119343406,0.15155838230557683,28.139058774659375,1799.81,1093,2,1,12:01:06,1093 2
54.233807843006794,-0.5700947506963467,0.16330489981865412,28.12481503242925,1800.05,1093,2,1,12:02:36,1093 2
334.2725247221075,20.02300817352776,0.09721208796746106,28.38807645295223,1799.89,1093,2,1,12:08:08,1093 2
446.54409541440214,18.123719632470678,0.0567979995765646,28.59800310617185,1800.14,1093,2,1,12:10:08,1093 2
580.9375427748714,22.715175002020366,0.05477865342796393,28.655919892426322,1800.06,1093,2,1,12:12:09,1093 2
906.4861454968446,18.791879092427266,0.03646488640937473,28.76385944565527,1799.97,1093,2,1,12:14:10,1093 2
928.955995821774,21.690172836171055,0.034885427267982765,28.816186143181945,1799.91,1093,2,1,12:16:10,1093 2
233.13916053471846,9.556285048369222,0.10500540827246792,28.43762764481042,1799.96,1093,3,1,13:21:49,1093 3
180.80005712112103,7.25767582398174,0.11252855881104655,28.358519773715816,1800.05,1093,3,1,13:23:28,1093 3
132.37368516407017,4.271056965701429,0.11948227893261469,28.25887059190193,1799.86,1093,3,1,13:25:03,1093 3
84.44558438587461,0.8607533403033196,0.12648480331038942,28.18168843527412,1799.98,1093,3,1,13:26:37,1093 3
54.56500849078546,-0.5272262421465163,0.13247281638976496,28.16093928766035,1800.05,1093,3,1,13:28:19,1093 3
409.25283733829093,15.82213756124714,0.0996392205171674,28.246312701354633,1800,1093,3,1,13:33:41,1093 3
588.0803558447454,17.271085103240374,0.07606767511157024,28.36041447875287,1799.79,1093,3,1,13:35:41,1093 3
809.2379061760186,17.83600585893865,0.06640980508941344,28.395819759684365,1799.91,1093,3,1,13:37:42,1093 3
1200.8081950925982,18.439322819215477,0.056982267613565965,28.41029942852436,1800.03,1093,3,1,13:39:42,1093 3
1350.820846649346,16.971609909090727,0.04850077974521725,28.43804004102248,1799.8,1093,3,1,13:41:43,1093 3
198.08490699625423,13.653046917333258,0.12337387594417759,28.92649673264224,1799.83,1097,1,1,10:58:43,1097 1
153.5542161749628,9.8694112856622,0.12318164540613905,28.944816431748,1799.83,1097,1,1,11:00:13,1097 1
117.73228311176084,5.738900160224079,0.13025559356922103,28.922672308638795,1800.11,1097,1,1,11:01:48,1097 1
75.395342613273,1.7419714502948425,0.1433195451476092,28.873117968304136,1800.12,1097,1,1,11:03:23,1097 1
52.37875252924104,-0.3954271246358656,0.15859857524596616,28.82420386590354,1799.83,1097,1,1,11:05:01,1097 1
332.89014245949755,22.36875494546939,0.11003012928374216,28.990309062263865,1800.05,1097,1,1,11:10:33,1097 1
395.67850519835207,22.187390569646947,0.06401701858199878,29.2070666939879,1800.05,1097,1,1,11:12:33,1097 1
500.62718251766694,22.793980572726735,0.04930182585610115,29.32676938225927,1800,1097,1,1,11:14:34,1097 1
687.5590232193847,26.130037738365477,0.04040844909457727,29.39482066495931,1799.98,1097,1,1,11:16:34,1097 1
760.1127363991947,25.841694276314275,0.035773131791345406,29.433113389992556,1799.93,1097,1,1,11:18:14,1097 1
224.8551413246193,14.889641507940517,0.15711794818134397,28.44107171694566,1800.01,1097,2,1,09:22:52,1097 2
171.01839438930025,10.555487971965073,0.15109388310113536,28.470442814682976,1800,1097,2,1,09:24:26,1097 2
120.29048525668084,6.603511557948318,0.15378482560952045,28.429246359661526,1800.01,1097,2,1,09:25:58,1097 2
74.65538167318083,2.0937971256245413,0.16230589721074776,28.45707640821355,1800.02,1097,2,1,09:27:28,1097 2
51.51398403498624,-0.3141213355721782,0.17306256821697732,28.466385160649008,1800.01,1097,2,1,09:28:59,1097 2
356.57690877051783,21.076760683830283,0.11014940844696394,28.829102847217428,1799.98,1097,2,1,09:34:45,1097 2
449.0675884875255,21.018909338880192,0.06647839771189054,29.04020419137927,1799.89,1097,2,1,09:36:46,1097 2
572.9846030758465,22.209053722738645,0.05285695662204124,29.152123933743102,1800.11,1097,2,1,09:38:46,1097 2
810.294391425522,25.31686861877386,0.04411587853058752,29.224056137632157,1800.01,1097,2,1,09:40:47,1097 2
887.9898038291944,25.081892899604917,0.03878107723481959,29.25379895596495,1799.96,1097,2,1,09:42:26,1097 2
164.4742332284153,12.163398636492468,0.09032692005095765,28.3817105152754,1799.96,1097,3,1,10:02:09,1097 3
134.35998078731117,8.971576738172654,0.09526512488092609,28.360777556487093,1800.01,1097,3,1,10:03:49,1097 3
107.7265138442362,5.46365118609981,0.10602149804273445,28.325139410719906,1800.02,1097,3,1,10:05:19,1097 3
72.27256723484074,1.7741408106604504,0.12044034573272296,28.27239276991935,1800.03,1097,3,1,10:06:55,1097 3
52.0771451696833,-0.2724389640194238,0.13782745309037592,28.155133130608025,1800.07,1097,3,1,10:08:34,1097 3
268.1364498370301,18.81224260030813,0.07533556715886555,28.379073570993654,1800.16,1097,3,1,10:14:32,1097 3
305.65644835414724,16.323458003716453,0.03961399598645748,28.530490388023917,1800.17,1097,3,1,10:16:33,1097 3
404.8107592912421,18.98883627711709,0.03569699490398544,28.537133183324162,1800.2,1097,3,1,10:18:33,1097 3
521.0131804028442,20.467304171732533,0.026728807534350016,28.50048276767297,1800.01,1097,3,1,10:20:34,1097 3
223.98145819469013,17.331977048439956,0.17836448031583058,27.96033403951737,1799.99,1104,1,1,11:35:57,1104 1
173.84622960219914,12.366637183905514,0.1783602954146754,27.959164759416442,1800.01,1104,1,1,11:37:27,1104 1
128.24545101379323,6.935113803826066,0.17873401516127885,27.94753179935605,1800.07,1104,1,1,11:39:02,1104 1
81.60057124942018,1.622758879501597,0.1827942467297408,27.956781316045436,1800.11,1104,1,1,11:41:02,1104 1
57.334201774701285,-1.0201536637957336,0.1880699967926927,27.914847081463037,1799.86,1104,1,1,11:42:33,1104 1
374.2162854818787,25.667404643656365,0.14088191674141365,28.05426259885088,1799.93,1104,1,1,11:48:05,1104 1
527.0706324469195,28.57408993950468,0.10674649322194424,28.184500054393535,1799.95,1104,1,1,11:50:05,1104 1
701.656423565696,31.676517464077193,0.09349384642128147,28.254031436609964,1799.97,1104,1,1,11:52:06,1104 1
989.9509459378779,37.6330253085302,0.08185822633724056,28.308600238389378,1800.25,1104,1,1,11:54:06,1104 1
1110.1424080828972,36.919430842190884,0.07303247876591415,28.33574957222965,1799.95,1104,1,1,11:56:07,1104 1
229.72472150957714,15.170547696203233,0.16347145643634076,28.59627120769216,1800.12,1104,2,1,09:19:28,1104 2
180.34569745531977,10.823861805173422,0.16711884268251995,28.570649241060366,1800.15,1104,2,1,09:21:02,1104 2
128.51751667180443,6.6041129067809905,0.17284852799512732,28.56254401777134,1799.85,1104,2,1,09:22:32,1104 2
75.54758063652126,2.3052415870049465,0.18347820818693258,28.54989083827582,1799.85,1104,2,1,09:24:06,1104 2
52.83748984004454,-0.4666174865960684,0.19240732469157557,28.53195935359676,1800.15,1104,2,1,09:25:39,1104 2
442.2532528915359,20.913700000515426,0.14977212094128214,28.72847196736951,1800.02,1104,2,1,09:31:10,1104 2
633.1528577851608,23.58661953842946,0.11684163446125409,28.82956878854224,1800.01,1104,2,1,09:33:11,1104 2
832.9745846311374,24.13161983074688,0.09300611462382874,28.88735477441372,1799.99,1104,2,1,09:35:11,1104 2
1192.1512512241552,26.053462623312,0.07696125936689062,28.976173529182713,1800.27,1104,2,1,09:37:12,1104 2
1278.2009683676317,25.491791353446505,0.06261684557271777,29.061167756668922,1799.93,1104,2,1,09:39:12,1104 2
175.87033741475707,15.485013865167577,0.12242355409760029,27.94209039927664,1800.07,1104,3,1,08:54:42,1104 3
142.14465697414877,11.110919520554173,0.12549957144713417,27.966544798180617,1800.03,1104,3,1,08:56:25,1104 3
111.92479793422955,6.490269795040762,0.13397287277166237,27.968475654958766,1800,1104,3,1,08:58:04,1104 3
72.91581129664435,2.0298231417427153,0.1462560077370173,27.95442569446104,1799.93,1104,3,1,08:59:44,1104 3
54.810237992322925,-0.645142833933903,0.15875336624958436,27.92829530635588,1799.89,1104,3,1,09:01:28,1104 3
284.11415720865585,21.093368698061806,0.08837394914447659,28.214506229653807,1800.05,1104,3,1,09:07:01,1104 3
413.4233020033728,22.719408470342202,0.06704255714156852,28.31935053140424,1800.05,1104,3,1,09:09:01,1104 3
552.0541037404041,27.987855847581876,0.06479943312896781,28.338545274643693,1800.02,1104,3,1,09:11:02,1104 3
825.1194540716601,32.48242299658218,0.057818495382488753,28.369699867470707,1799.98,1104,3,1,09:13:02,1104 3
929.1827101635864,29.246024949239125,0.047244889765480295,28.41323852473329,1800,1104,3,1,09:15:03,1104 3
247.8908592,20.72106413,0.251830435,29.00948747,1800.13,1107,1,1,0.599675925925926,1107 1
192.0599822,15.80241462,0.273099441,28.99955551,1800.01,1107,1,1,0.60082175925925929,1107 1
137.3459733,9.137906977,0.275762489,29.03240746,1799.9,1107,1,1,0.60190972222222217,1107 1
82.84891162,2.425494423,0.289568625,29.02642398,1799.86,1107,1,1,0.60295138888888888,1107 1
52.27406536,-0.571507173,0.290802762,29.03826652,1800.07,1107,1,1,0.60400462962962964,1107 1
259.2398465,21.65562926,0.289261722,29.05104281,1799.99,1107,1,1,0.60513888888888889,1107 1
477.2504732,32.78210588,0.2781555,29.11441648,1799.85,1107,1,1,0.60751157407407408,1107 1
738.9558415,35.87845721,0.264136954,29.15182309,1799.84,1107,1,1,0.60890046296296296,1107 1
1007.75237,37.17592626,0.247176745,29.20478613,1800.08,1107,1,1,0.61030092592592589,1107 1
1475.629336,37.35957164,0.229813749,29.25747113,1800.02,1107,1,1,0.61144675925925929,1107 1
313.0915775,6.250398221,0.133879717,28.72830922,1800,1107,2,1,0.59437499999999999,1107 2
239.5306289,4.378778159,0.136056882,28.73138021,1799.97,1107,2,1,0.59574074074074079,1107 2
168.0747884,2.211334549,0.134846104,28.74377605,1799.97,1107,2,1,0.59701388888888884,1107 2
101.4928807,-0.346398475,0.141344893,28.75335574,1799.9,1107,2,1,0.59829861111111116,1107 2
61.81497501,-1.197004487,0.152923575,28.74272293,1800.11,1107,2,1,0.59952546296296294,1107 2
522.2087443,13.37441373,0.137345153,28.80862405,1800.01,1107,2,1,0.60364583333333333,1107 2
781.5741057,16.28635211,0.13882976,28.80568354,1800.03,1107,2,1,0.60474537037037035,1107 2
1024.405165,18.15469499,0.1225546,28.84238454,1799.72,1107,2,1,0.60613425925925923,1107 2
1473.336712,19.54372021,0.113598465,28.85407516,1800.09,1107,2,1,0.60753472222222216,1107 2
271.5332333,33.35682856,0.527521147,27.4308711,1800.18,1107,3,1,0.43055555555555558,1107 3
206.5298032,24.48105976,0.533986562,27.434709,1800.15,1107,3,1,0.43167824074074074,1107 3
143.0374469,15.00028902,0.542666174,27.4312091,1799.82,1107,3,1,0.43277777777777776,1107 3
82.7509047,4.332886422,0.552669702,27.41730798,1800.12,1107,3,1,0.43388888888888894,1107 3
51.31712289,-0.717741488,0.566884964,27.38937381,1799.82,1107,3,1,0.43496527777777777,1107 3
520.8967019,45.31469629,0.523991487,27.45409751,1800.07,1107,3,1,0.43857638888888889,1107 3
783.5266307,49.08657074,0.470485263,27.55394857,1799.73,1107,3,1,0.43996527777777777,1107 3
1061.834525,49.91270568,0.440756801,27.61693092,1800.02,1107,3,1,0.44136574074074075,1107 3
1546.725294,48.23759126,0.41635251,27.67580565,1800,1107,3,1,0.44275462962962964,1107 3
243.95183746266716,29.987544113184505,0.3668162719802557,28.384622436894063,1799.97,1108,1,1,11:47:54,1108 1
185.89921632779507,23.018444053336882,0.38804606529148394,28.418378581578892,1800.28,1108,1,1,11:49:27,1108 1
133.46326950526654,13.87365301623282,0.40815084257798984,28.401475258437692,1799.92,1108,1,1,11:51:06,1108 1
78.88082617869644,4.502507090846714,0.4432120635444971,28.316885353293902,1799.95,1108,1,1,11:52:37,1108 1
51.38354042042051,-0.6453789826086817,0.45135133796021654,28.31229409695547,1799.95,1108,1,1,11:54:08,1108 1
458.40870258394614,38.93220808835718,0.3048542968030206,28.7553263748765,1800.03,1108,1,1,12:00:02,1108 1
551.610423221764,41.37443404417712,0.16380982300623909,29.156654056512863,1800.22,1108,1,1,12:02:03,1108 1
772.430151717625,40.603105173733994,0.13629467065647774,29.28742755663776,1800.06,1108,1,1,12:04:20,1108 1
1125.7568547987632,40.76843798619573,0.10662347786339377,29.398101922591902,1799.96,1108,1,1,12:06:20,1108 1
266.88459601517377,26.63724219000072,0.38051493170510764,27.39690370734874,1799.92,1108,2,1,09:40:51,1108 2
198.9926442026162,19.78575579082255,0.3718128923439172,27.435243333939397,1799.89,1108,2,1,09:42:29,1108 2
139.79142218754637,12.193507610702351,0.3890810580303266,27.4293867694893,1800.14,1108,2,1,09:44:06,1108 2
82.19137159025571,3.447462582900686,0.39692871796093065,27.418568186336504,1800.1,1108,2,1,09:45:48,1108 2
52.3060760467568,-0.7813286170468886,0.4046164097326415,27.39944578075047,1800.09,1108,2,1,09:47:18,1108 2
534.1248513548085,33.806703799194985,0.401805309260221,27.404590626298557,1799.82,1108,2,1,09:52:22,1108 2
823.2040236386382,33.78142586444018,0.3894576528394815,27.457855644901457,1800.05,1108,2,1,09:54:02,1108 2
1110.0603410175731,33.05528545784934,0.3642218759263164,27.512686936617325,1800.05,1108,2,1,09:55:56,1108 2
1577.104919658319,33.98859821331001,0.3271355490492669,27.569650279808855,1800.03,1108,2,1,09:57:57,1108 2
1742.0995430396988,34.6775289109229,0.2825651886689843,27.674943589667496,1800.01,1108,2,1,09:59:57,1108 2
223.77620222463352,21.80991408504095,0.223668442200639,28.106183386694923,1800.02,1108,3,1,11:02:00,1108 3
168.43339122072777,16.223638392367267,0.22277945249264683,28.103486877898877,1799.97,1108,3,1,11:04:00,1108 3
122.895504088832,10.252664431627512,0.24396245899173238,28.053346281565045,1800.02,1108,3,1,11:05:56,1108 3
78.92212240887815,2.9686606207005073,0.2763060765363172,27.99337060706179,1799.99,1108,3,1,11:07:27,1108 3
54.358928081859936,-0.9743482313176368,0.31023436182293224,27.960260600902835,1799.99,1108,3,1,11:08:57,1108 3
368.4964976217011,26.720876951937615,0.14131492629394973,28.358992131581402,1799.86,1108,3,1,11:14:24,1108 3
380.8557800022049,27.97508923706773,0.07642305648939576,28.53853115762554,1799.87,1108,3,1,11:16:25,1108 3
616.977068190362,30.68464773280144,0.07657088107075927,28.537003861261205,1800.1,1108,3,1,11:18:25,1108 3
638.2311072076363,31.041564666603964,0.04462292212938851,28.636974294190864,1799.84,1108,3,1,11:20:26,1108 3
915.3059536997729,31.994923444847792,0.049731320205919034,28.62376421568146,1800.09,1108,3,1,11:22:26,1108 3
242.41634090131376,21.82575568705605,0.2663150311998076,27.027560943460134,1799.87,1109,1,1,08:22:30,1109 1
184.497064315923,15.857962646351718,0.2645419371062151,27.07740774238901,1800.13,1109,1,1,08:24:14,1109 1
131.63045671503906,9.705393027955322,0.27735626691068166,27.034448721916327,1800.17,1109,1,1,08:26:14,1109 1
77.6686955919301,3.2209146464479357,0.294546290317153,26.98062329890337,1799.86,1109,1,1,08:27:48,1109 1
50.8744771702157,-0.3432963475423784,0.3075965411554795,26.96731872554613,1799.85,1109,1,1,08:29:19,1109 1
457.8222621136839,31.345623135745807,0.2493606850889758,27.100898819803184,1800.07,1109,1,1,08:34:46,1109 1
596.5979753154211,32.874224234561574,0.14803395509571252,27.376814701377867,1800.04,1109,1,1,08:36:47,1109 1
758.6410340674116,33.42645394794114,0.10990486292145872,27.549398356683664,1799.98,1109,1,1,08:39:08,1109 1
1085.8044323386525,34.14971691226153,0.084310724162586,27.604395798477732,1799.96,1109,1,1,08:41:09,1109 1
1142.4647991238494,32.531583359253055,0.06597440231230357,27.62864894489527,1799.92,1109,1,1,08:43:09,1109 1
274.4043512092171,27.173260379368386,0.4444411691548046,27.270468526805075,3.9042,1109,2,1,09:19:42,1109 2
203.8144636742812,19.63790179604494,0.4144681336597102,27.380095798092814,3.72938,1109,2,1,09:21:24,1109 2
140.23703929908567,11.99015357920816,0.40819857356443257,27.44431064294842,3.84593,1109,2,1,09:23:05,1109 2
82.18543476669872,3.3847436837436895,0.4112676226354971,27.487534617976902,3.72938,1109,2,1,09:24:35,1109 2
51.54033950805015,-0.5920394600979167,0.41941483273478974,27.51279810498028,3.43802,1109,2,1,09:26:14,1109 2
330.77435233988615,27.137032779864555,0.12890755186973002,28.313746404260346,3.9042,1109,2,1,09:32:33,1109 2
438.17372705352767,25.545916285494965,0.0778669473436535,28.476599557471165,3.6478,1109,2,1,09:34:33,1109 2
568.9108602326398,33.674869391967334,0.07883170632843264,28.540871049132768,3.4963,1109,2,1,09:36:50,1109 2
880.0441729553556,33.74216163416459,0.06269428898049804,28.629450650594343,3.78765,1109,2,1,09:38:51,1109 2
846.9390426334681,32.93364555689213,0.04821860671995775,28.703797085863364,3.78765,1109,2,1,09:40:51,1109 2
238.7597753410381,17.030804885333946,0.19647147918004268,27.718764521543243,3.72938,1109,3,1,08:22:04,1109 3
188.4695181877543,11.82268324170102,0.1984975946746743,27.719965273137472,3.67111,1109,3,1,08:23:52,1109 3
135.00382289456257,7.0378694280469425,0.20531440264774353,27.714246839082172,3.78765,1109,3,1,08:25:31,1109 3
80.95874563088378,2.0063752722856716,0.2129621258345396,27.679133989002867,3.72938,1109,3,1,08:27:06,1109 3
54.52964821298234,-0.7370047487741798,0.22694125607313345,27.64473611080555,3.37975,1109,3,1,08:28:47,1109 3
424.40046958187247,25.367820102247094,0.16942246254171453,27.814025907668547,3.96247,1109,3,1,08:33:45,1109 3
598.3790026882756,25.8309918097896,0.11509280841892257,27.959833591588055,3.20494,1109,3,1,08:35:45,1109 3
782.490553978419,26.662928940431232,0.09122291552006717,28.073349976150723,4.02074,1109,3,1,08:38:08,1109 3
1138.124856720442,30.289240425007034,0.08101461872155952,28.12199822869699,3.78765,1109,3,1,08:40:09,1109 3
1263.838349886579,29.826746313021943,0.07143882782092206,28.17150702391372,4.25383,1109,3,1,08:42:10,1109 3
300.55554749696137,32.938010339208596,0.6818116733036901,27.298874727769284,1799.8,1111,3,1,09:47:52,1111 3
221.20763319055152,25.716066261953422,0.6645452059358704,27.324967621057695,1800.09,1111,3,1,09:49:40,1111 3
149.397592724598,16.25434670143069,0.6550530297715026,27.343736406704952,1800.05,1111,3,1,09:51:16,1111 3
82.9343500936925,5.255243463087467,0.6563890468529405,27.366992986920497,1800.04,1111,3,1,09:52:55,1111 3
51.50708123898551,-0.9677268429718797,0.6799987456776498,27.337070893530413,1800.04,1111,3,1,09:54:28,1111 3
563.3371209623164,39.41582059708851,0.5988862797919632,27.46847912482283,1799.96,1111,3,1,10:00:12,1111 3
843.4549486630708,40.40562589634982,0.5474707787865931,27.56828196820751,1800.01,1111,3,1,10:02:13,1111 3
1115.8144862239924,42.02389825089583,0.4848061399959799,27.668014381653997,1799.99,1111,3,1,10:04:13,1111 3
1582.8158790250468,42.81556187275966,0.42904445169470445,27.772935774903015,1800.07,1111,3,1,10:05:50,1111 3
1760.7678002343025,42.91195112390694,0.38789915594313656,27.849981028513852,1800.02,1111,3,1,10:07:30,1111 3
230.5354053939953,9.179752483417907,0.09592940551282589,28.91351352202163,1800.16,1113,1,1,11:49:06,1113 1
188.60448607682795,6.2503979982341935,0.1007933896989762,28.89839665643631,1800.16,1113,1,1,11:50:47,1113 1
141.3672338481703,3.5161914792267193,0.11103813125356879,28.878486944725164,1800.08,1113,1,1,11:52:26,1113 1
88.6184932621116,0.5994762006069824,0.12224947754159747,28.848153127927308,1800.07,1113,1,1,11:54:01,1113 1
57.41827134795365,-0.7366562202732794,0.13683323858767726,28.81097243835778,1800.09,1113,1,1,11:55:39,1113 1
465.08479719719077,15.033303787842724,0.11680867860864476,28.879500320171946,1799.99,1113,1,1,12:01:02,1113 1
667.0153355611848,14.958364410028576,0.08118294557832796,28.99569300074355,1799.98,1113,1,1,12:03:02,1113 1
861.6710549239542,15.06932684905139,0.061637861027811346,29.071361511739113,1799.98,1113,1,1,12:05:03,1113 1
1252.7578835935306,14.62372322687787,0.048358790822871596,29.112876846805168,1800,1113,1,1,12:07:03,1113 1
1318.8182492692056,16.15999518425027,0.042230351975850323,29.12363907254969,1800,1113,1,1,12:09:04,1113 1
263.57512089768085,21.148156648875013,0.2964483587029255,28.190889896917753,1799.76,1113,2,1,11:20:08,1113 2
199.74946008480782,15.810114739774317,0.3023838940762792,28.174943383006735,1800.01,1113,2,1,11:21:40,1113 2
142.0561622402219,9.241623942672422,0.31080001496034565,28.166985964876012,1799.98,1113,2,1,11:23:11,1113 2
82.25044076898453,2.785887606720058,0.32642295540681837,28.133932979576024,1799.99,1113,2,1,11:24:47,1113 2
52.711161281372256,-0.7442267096830286,0.3398509498868021,28.103564264849734,1800.01,1113,2,1,11:26:18,1113 2
525.0372635746896,29.739113576056386,0.33969896326879495,28.103362994845146,1799.96,1113,2,1,11:31:27,1113 2
795.3183079464035,29.891924954467953,0.29540414675256227,28.210301640985325,1799.97,1113,2,1,11:33:28,1113 2
1062.2969310190908,29.263219092845628,0.2501015908458579,28.305081361931414,1799.96,1113,2,1,11:35:28,1113 2
1495.4940463450855,29.845843574303345,0.19863207781737796,28.439846104334727,1799.94,1113,2,1,11:37:29,1113 2
1641.710062428114,28.41686708659322,0.1573436369859503,28.546024019411124,1799.92,1113,2,1,11:39:29,1113 2
245.27945695489746,14.796605211506163,0.17016875959171326,29.032591551277246,1799.81,1114,1,1,14:00:51,1114 1
191.13791060767613,10.727085598656824,0.1765424793332052,29.019644519637165,1800.14,1114,1,1,14:02:51,1114 1
142.49144875476577,5.9992432394463115,0.19156097859612148,28.976177009540226,1799.82,1114,1,1,14:04:29,1114 1
88.05265253763386,1.166726779121907,0.2074394124044365,28.936044982035984,1799.82,1114,1,1,14:06:29,1114 1
60.148755607080965,-1.4799531359003442,0.21867220571269877,28.922540891466095,1799.82,1114,1,1,14:07:59,1114 1
454.55765905093676,23.619164185366085,0.1725593973375115,29.014914059257055,1799.78,1114,1,1,14:13:38,1114 1
638.285856074351,25.57879351518313,0.12487681587312886,29.14897375826181,1799.77,1114,1,1,14:15:38,1114 1
871.0102203281621,25.218063549073552,0.1040353141805219,29.25233509167796,1800,1114,1,1,14:17:39,1114 1
1191.3611823443139,26.350588969712362,0.07578291920040534,29.353293062613027,1800.23,1114,1,1,14:19:39,1114 1
1268.6781744471082,25.851046686800657,0.061215408417662195,29.40540732816396,1799.89,1114,1,1,14:21:40,1114 1
252.53798843450997,17.30454442775434,0.21413217929103942,28.503455600007026,1799.87,1114,2,1,13:52:47,1114 2
188.8727461532931,12.49384212759219,0.20430675745469673,28.58812285012004,1800.15,1114,2,1,13:54:26,1114 2
137.5140351329419,7.348916075020925,0.21767142148292834,28.603525558147265,1800.09,1114,2,1,13:56:23,1114 2
80.7682323583969,2.3225539022588935,0.23658013878026427,28.5410211544693,1799.82,1114,2,1,13:58:04,1114 2
53.73555079569961,-0.7312702867152333,0.25529505192121,28.40396742176717,1799.93,1114,2,1,13:59:36,1114 2
455.52098785699695,24.871085476212095,0.18461159528262627,28.497123370179498,1800,1114,2,1,14:05:37,1114 2
654.7671930210445,27.54426072005389,0.14291429271747383,28.602249611062042,1800.08,1114,2,1,14:07:38,1114 2
833.321041219172,28.938293514736362,0.10942995987943238,28.718323031768843,1800.06,1114,2,1,14:09:38,1114 2
1209.656915987757,29.337824078813455,0.08775357310492536,28.81524065028066,1799.98,1114,2,1,14:11:39,1114 2
1336.1355668428316,29.34644975590609,0.07771355187978869,28.875238877762097,1799.94,1114,2,1,14:13:28,1114 2
226.28712390985797,13.926321700415665,0.14130490921761454,28.78799459384109,1799.81,1114,3,1,11:24:05,1114 3
184.49283385546104,10.6837264453036,0.1655857968794297,28.762604414686177,1799.76,1114,3,1,11:25:45,1114 3
130.87084498939106,7.331402818487235,0.1929970810631223,28.721356595044238,1800,1114,3,1,11:27:45,1114 3
81.41320426376187,2.166415698153509,0.23060432732056485,28.646983467415208,1800,1114,3,1,11:29:38,1114 3
55.22532691993768,-0.9220693686921371,0.24582967468961173,28.604323792289485,1799.99,1114,3,1,11:31:11,1114 3
443.25402717520274,28.58691746483224,0.2026516402929106,28.704555113553933,1799.94,1114,3,1,11:36:46,1114 3
629.022901942544,32.459179915972896,0.15661091210976388,28.808150947839632,1799.97,1114,3,1,11:38:23,1114 3
870.9511331183805,33.81755176810349,0.1417435669956006,28.85310722400251,1799.91,1114,3,1,11:40:23,1114 3
1280.8830544363377,34.8281332996128,0.12136553984136858,28.923585296359228,1799.92,1114,3,1,11:42:08,1114 3
1388.3120066459098,35.43399323500949,0.10352716750381134,28.980047512663077,1799.92,1114,3,1,11:44:08,1114 3
217.06929052324776,18.226960955603325,0.18110947154435805,28.484849145504143,1800.24,1116,1,1,13:01:58,1116 1
171.08135422421464,12.968556840945201,0.18405165406164964,28.469892347515735,1799.98,1116,1,1,13:03:29,1116 1
126.20084880661275,7.692358729778012,0.1935459234076917,28.443197566363423,1799.96,1116,1,1,13:04:59,1116 1
78.71891526143216,2.2061986208171325,0.20578109447104267,28.41326239201919,1799.97,1116,1,1,13:06:33,1116 1
53.10633147660219,-0.5526866008582654,0.21948999915464207,28.36644163178427,1799.99,1116,1,1,13:08:07,1116 1
369.5839240797319,28.90576605189996,0.1574588659898862,28.47675489291635,1799.83,1116,1,1,13:13:58,1116 1
551.2922811383514,33.790202107308254,0.13480108402894894,28.525804499222758,1799.94,1116,1,1,13:15:58,1116 1
754.594978497772,38.49131888517255,0.12650443402390288,28.538369675414522,1799.99,1116,1,1,13:17:31,1116 1
1172.2906740726046,40.554279573431586,0.11734097551186497,28.54688533436908,1800.09,1116,1,1,13:19:32,1116 1
1285.861150342384,42.03341056422622,0.10616356607282652,28.594468553940715,1799.8,1116,1,1,13:21:32,1116 1
259.09511241087483,30.07555369714626,0.4356510988367748,28.708529841956448,1799.99,1116,2,1,09:12:37,1116 2
199.59743371239904,22.191545863596787,0.4554472321257613,28.67077777807256,1800,1116,2,1,09:14:08,1116 2
137.85853955906157,14.134789379945136,0.4721249650413812,28.648415326863265,1799.99,1116,2,1,09:15:42,1116 2
80.52934015903259,4.291311429650549,0.4880428426426307,28.61675320003345,1799.99,1116,2,1,09:17:18,1116 2
51.00469564534071,-0.5816803946413408,0.4967970510939802,28.59584825012893,1800.01,1116,2,1,09:18:49,1116 2
503.849213401435,45.60757134268351,0.49328088751788673,28.595365477461232,1799.95,1116,2,1,09:23:32,1116 2
776.639709068506,49.7403018152814,0.4818642797144127,28.662003462196836,1800.2,1116,2,1,09:25:21,1116 2
1071.336978655254,48.003191551498894,0.4712984777007291,28.705673856878697,1800.14,1116,2,1,09:27:03,1116 2
1553.160942433013,47.76936197911684,0.4534855297379572,28.74879614582774,1800.13,1116,2,1,09:29:04,1116 2
1733.7440812330706,49.49589286200147,0.4357614047321801,28.798382666462317,1799.8,1116,2,1,09:30:36,1116 2
225.72666260110526,22.79341632839656,0.2490851479550958,28.624071664986793,1800.04,1116,3,1,12:50:00,1116 3
177.77431590389455,16.24288885632401,0.25546594679825213,28.578715301601253,1800.09,1116,3,1,12:51:31,1116 3
126.72487841535015,9.985567742654709,0.2661027661787972,28.559716395320113,1800.09,1116,3,1,12:53:03,1116 3
74.3694860399878,3.558565238975537,0.28242894051804884,28.51803789796677,1800.17,1116,3,1,12:55:04,1116 3
52.20570689057727,-0.6827371552538636,0.29814541124889943,28.4694042830419,1800.14,1116,3,1,12:57:04,1116 3
420.0020360971095,34.41745597896682,0.23531525979831605,28.638945092044178,1799.92,1116,3,1,13:02:45,1116 3
629.2327912171264,41.75337490750219,0.21555564698144594,28.727640350868032,1799.92,1116,3,1,13:04:23,1116 3
899.7114080192748,41.98471600458,0.20523333004697467,28.773948909862646,1800.26,1116,3,1,13:06:24,1116 3
1357.6023584752081,42.81738326829097,0.19568893472816137,28.81514589111327,1799.94,1116,3,1,13:08:24,1116 3
1537.9844284445219,41.7169146067858,0.1844920940300819,28.8099611549924,1800.25,1116,3,1,13:10:20,1116 3
240.4457765704713,16.40700735615394,0.19119111454614537,28.081241605684227,1800,1120,1,1,09:43:22,1120 1
185.82721498231595,12.159225663969572,0.1994268805139277,28.1028838289267,1799.99,1120,1,1,09:45:17,1120 1
135.3875688915605,7.104984881628762,0.20976736693499665,28.073463320533687,1800.26,1120,1,1,09:46:55,1120 1
81.44900272704825,2.0346503263366733,0.22439722306597662,28.04574601799166,1799.89,1120,1,1,09:48:33,1120 1
54.05629624659569,-0.6925025240317985,0.2291541601579639,28.034301541922307,1800.23,1120,1,1,09:50:08,1120 1
478.01930835088694,24.578416807418282,0.2117031593423478,28.111767131760537,1800.14,1120,1,1,09:55:47,1120 1
732.9027051689885,26.079387561447888,0.18748820340283137,28.16972060833816,1800.14,1120,1,1,09:57:23,1120 1
983.6276120914633,26.976248157590575,0.1635086462740258,28.24217260138491,1800.14,1120,1,1,09:59:23,1120 1
1435.0849828478522,27.693404323807396,0.1476256123555912,28.276966421454734,1800.15,1120,1,1,10:00:59,1120 1
1569.3960990663022,28.95841244132435,0.12876928984890948,28.354487074140863,1799.82,1120,1,1,10:02:59,1120 1
242.71198697808924,14.886629869185587,0.17209739240621114,28.400785988770135,1800.17,1120,2,1,11:37:10,1120 2
186.74148016385138,11.118593568996953,0.1795446071759691,28.414113213506,1799.9,1120,2,1,11:38:48,1120 2
136.32664586098733,6.488939800082675,0.18959908759363434,28.365063835511265,1799.93,1120,2,1,11:40:42,1120 2
81.31256662864722,1.758666761127216,0.1859434564257782,28.383624494217834,1799.92,1120,2,1,11:42:12,1120 2
53.77518101989432,-0.584073224464327,0.20132674323342167,28.322018013182337,1799.96,1120,2,1,11:43:47,1120 2
467.5750800784216,24.584340603886627,0.19680200029999814,28.335346630615227,1799.97,1120,2,1,11:49:22,1120 2
696.76183487129,27.658206485425843,0.1688945989005575,28.416242787377538,1799.96,1120,2,1,11:50:57,1120 2
968.9736453974126,27.34423489471241,0.15490823405809698,28.44668314999528,1799.98,1120,2,1,11:52:58,1120 2
1411.1113539919074,29.295777513457846,0.14326443741681447,28.49741668852183,1800,1120,2,1,11:54:43,1120 2
1563.8142169725602,30.446151596577472,0.13202579621466404,28.553965063871214,1799.99,1120,2,1,11:56:44,1120 2
253.0194595873291,27.188290721953088,0.35881262461413277,27.58929888769815,1800.02,1121,1,1,11:34:26,1121 1
192.44447923488627,20.475609981261396,0.3709787030259757,27.611909475005476,1799.95,1121,1,1,11:36:03,1121 1
136.02108098958973,12.47108539721755,0.3852199259653411,27.606553640961668,1799.93,1121,1,1,11:37:35,1121 1
78.47645510576864,4.126409507517874,0.3952511865558486,27.594807426163825,1800.2,1121,1,1,11:39:09,1121 1
50.04899661908225,-0.25819917249130475,0.3898669135380524,27.529348568674543,1799.92,1121,1,1,11:40:47,1121 1
499.67033702906923,37.54181721498119,0.37120464719051927,27.3505854079154,1799.75,1121,1,1,11:46:48,1121 1
779.4072970532885,37.80909380343757,0.34592487599314825,27.373669096158686,1800.11,1121,1,1,11:48:49,1121 1
1047.640303314504,39.30351595400367,0.31668757910284084,27.56601442671412,1800.07,1121,1,1,11:50:49,1121 1
1519.386098720974,39.87950756672976,0.2967226925287975,27.566320656561828,1799.81,1121,1,1,11:52:50,1121 1
1682.2645101081957,41.278021961925134,0.2673749440562136,27.65642302429087,1800.1,1121,1,1,11:54:50,1121 1
244.9398162091007,20.749774232102517,0.24512907454973476,27.236869551594005,1800.22,1121,2,1,09:45:45,1121 2
187.34753897784677,15.515391687899038,0.2531674865255505,27.269152018299604,1800.16,1121,2,1,09:47:45,1121 2
132.84927975716678,9.379910407588657,0.2591505511079494,27.2074235380674,1800.14,1121,2,1,09:49:30,1121 2
78.59971426795327,3.0839771713333266,0.28116538542481373,27.088005380045807,1799.83,1121,2,1,09:51:27,1121 2
52.53499441847848,-0.5861797740389643,0.2788809228847451,27.04467158150685,1800.13,1121,2,1,09:53:01,1121 2
481.34097884905697,31.308718352540833,0.2677991323093751,27.179752878072144,1800.04,1121,2,1,09:58:38,1121 2
754.5417865211467,32.433721923652165,0.25117698417417544,27.087381677976666,1800.07,1121,2,1,10:00:39,1121 2
1030.731858364939,33.11459091365456,0.23768083965694137,27.216287066711807,1800.03,1121,2,1,10:02:39,1121 2
1483.6152486358778,35.125567094813995,0.2172408133893994,27.142527225856224,1800.06,1121,2,1,10:04:40,1121 2
1687.2170028164724,32.990678551990555,0.20963270500048745,26.998835253417063,1799.82,1121,2,1,10:06:40,1121 2
201.1485124586239,14.640095907084033,0.1283542095962269,29.33464410697678,1799.78,1121,3,1,13:21:10,1121 3
153.16538768494644,10.540765824730627,0.12508652530427158,29.368823862637367,1800.07,1121,3,1,13:22:41,1121 3
123.70755846875593,6.2786454041783255,0.1466504237668536,29.32713985159172,1800.06,1121,3,1,13:24:13,1121 3
75.42124037993437,2.0026719479757324,0.15140634532096317,29.329249924365342,1800.04,1121,3,1,13:25:55,1121 3
55.72605187942822,-0.725003516616418,0.17598295311099288,29.26500968745828,1800.01,1121,3,1,13:27:26,1121 3
338.26656687391767,24.669621543150424,0.11830005818093606,29.421911279771116,1799.96,1121,3,1,13:33:27,1121 3
485.67744597122436,27.435037297232736,0.0917141522071189,29.497542408767238,1799.93,1121,3,1,13:35:28,1121 3
609.6439474440664,30.377129364290028,0.0751130977123711,29.567017298936978,1799.88,1121,3,1,13:37:28,1121 3
968.7821930449902,35.74226234576111,0.07394054330768626,29.58378275878634,1800.17,1121,3,1,13:39:29,1121 3
997.6090972740826,36.80501208118776,0.06254708171756714,29.576611490467457,1800.15,1121,3,1,13:41:29,1121 3
270.7530052320389,29.106843520308754,0.46538174443552416,27.784728298209163,1800.12,1123,1,1,10:22:52,1123 1
205.9882876467502,21.577202377016295,0.4784181072089483,27.783053537159212,1799.78,1123,1,1,10:24:27,1123 1
142.1704328766417,13.302490265161314,0.48430153421805006,27.82178152692734,1800,1123,1,1,10:26:07,1123 1
80.55275013758943,4.33975049753763,0.4935481700905296,27.800923136778792,1800.02,1123,1,1,10:27:44,1123 1
50.72784392674696,-0.514794244266064,0.5023104470356913,27.801513571568,1799.98,1123,1,1,10:29:14,1123 1
531.1935393512626,37.17224944838492,0.4697847241091209,27.909454291412757,1800.12,1123,1,1,10:34:55,1123 1
824.5105024122073,36.39497184526108,0.461088848513297,27.981071162184264,1799.76,1123,1,1,10:36:28,1123 1
1115.7733361822286,36.11162737139178,0.45101066645341636,28.010647446166967,1799.99,1123,1,1,10:38:03,1123 1
1601.6823018867456,34.648729706912434,0.4257514596673765,28.073667283365356,1799.99,1123,1,1,10:40:04,1123 1
1783.5710828564684,37.25008761848504,0.4173466753258307,28.12040421669422,1799.95,1123,1,1,10:41:42,1123 1
260.76382761889846,26.376080246584408,0.3765257320157157,27.86795294262659,1800.07,1123,2,1,10:31:54,1123 2
198.78071477113505,19.31660352540304,0.380959446220487,27.859159003155288,1799.99,1123,2,1,10:33:39,1123 2
141.0605430458738,11.683090511970208,0.4041004052364907,27.828132999544756,1800,1123,2,1,10:35:23,1123 2
82.18261521084509,3.5137263232008653,0.43181943253009186,27.790039283241278,1799.99,1123,2,1,10:36:58,1123 2
52.97660293608438,-0.9835541851315142,0.44648905639435055,27.76248484661888,1799.95,1123,2,1,10:38:29,1123 2
503.6166312763825,34.98182192320321,0.35877265938676955,27.94097413036193,1799.87,1123,2,1,10:44:27,1123 2
722.1429997184733,36.27761300482633,0.2525258660032363,28.200803965215542,1800.21,1123,2,1,10:46:27,1123 2
956.182226461098,36.95840153650837,0.20504765802074443,28.304771208154403,1799.93,1123,2,1,10:48:50,1123 2
1388.7569464969629,36.355379011200924,0.1687527729051908,28.399207776255054,1800.01,1123,2,1,10:50:50,1123 2
1497.7185889717696,38.586830479390954,0.14353785122904983,28.489009067847192,1800.3,1123,2,1,10:52:51,1123 2
248.8525274092709,27.29134905076663,0.35982716501224954,28.13859778506678,1800.04,1127,1,1,10:49:00,1127 1
192.18424309764467,20.01088215866966,0.37283782604216475,28.115923757111833,1800.01,1127,1,1,10:50:39,1127 1
134.41549986875356,12.427304228846303,0.38590427704085906,28.07989339397493,1800.01,1127,1,1,10:52:21,1127 1
78.67653585875665,4.031400752833532,0.40618963882641296,28.045784001023,1800.04,1127,1,1,10:54:00,1127 1
50.527218051809214,-0.39395913628283447,0.4334423022531278,28.00852485848889,1800.04,1127,1,1,10:55:31,1127 1
490.57088662716086,42.24088000208303,0.42036977900893074,28.060950731563274,1799.98,1127,1,1,11:00:39,1127 1
729.9899114146492,46.607718468925626,0.3535153174783512,28.20525358358135,1799.94,1127,1,1,11:02:10,1127 1
980.6060973995728,45.736813185968124,0.2899418563484572,28.352287829927157,1800.22,1127,1,1,11:03:46,1127 1
1368.414102447092,48.935927132915836,0.22253761396837404,28.526291052803362,1799.9,1127,1,1,11:05:47,1127 1
1456.327719561668,47.74526232725653,0.16590997890715803,28.713916668425384,1800.15,1127,1,1,11:07:47,1127 1
264.5110287662763,33.37249095355047,0.5309279168320213,28.20768964584287,1799.92,1127,3,1,12:02:14,1127 3
201.49288351127805,25.00658990992555,0.5527132347100594,28.16622416658688,1800.18,1127,3,1,12:04:03,1127 3
140.35441609139014,15.241266372872007,0.5645671581470721,28.14480318610647,1800.17,1127,3,1,12:05:44,1127 3
79.27667839309916,5.231842963734406,0.5859202079084975,28.120052390226643,1799.88,1127,3,1,12:07:19,1127 3
49.987399301094165,-0.367707394865106,0.6041693040506639,28.090324542232597,1800.18,1127,3,1,12:08:49,1127 3
521.7680700858758,45.08391344651974,0.5698185436615336,28.13244851077604,1800.18,1127,3,1,12:13:51,1127 3
772.9934376359482,47.74983203927807,0.4592279186384894,28.34985249998841,1800.17,1127,3,1,12:15:39,1127 3
1011.7914783591436,47.9031852354847,0.34875517897322417,28.599686975817153,1799.89,1127,3,1,12:17:39,1127 3
1436.333507705514,48.128777057346234,0.27240785867711487,28.803399252887118,1800.15,1127,3,1,12:19:40,1127 3
1571.45502150875,47.16364363663455,0.21950826052564848,28.944737695494755,1799.83,1127,3,1,12:21:29,1127 3
207.80384689516342,9.573758625656154,0.08602240786323909,29.03438545195163,1800.02,1130,1,1,11:10:16,1130 1
169.83246952918108,7.1814175738421975,0.09616190483122686,28.982607699298956,1800,1130,1,1,11:12:09,1130 1
126.97294264539939,4.441221323711395,0.10774473601630918,28.97466456319239,1800.01,1130,1,1,11:13:41,1130 1
75.90125159390502,1.5426326634926024,0.11777265291075958,28.95751788801429,1799.95,1130,1,1,11:15:12,1130 1
56.89693849975546,-0.6356027939332035,0.1296768507099682,28.913392794357744,1799.92,1130,1,1,11:16:44,1130 1
329.5423482117614,16.605975889520874,0.07668865222909163,29.163373305232252,1800.1,1130,1,1,11:22:46,1130 1
520.8573711320289,19.471455658231132,0.06976679812383016,29.16615816356868,1800.04,1130,1,1,11:24:46,1130 1
703.5839939491491,22.12380862175801,0.06370935034350514,29.240917234934724,1799.96,1130,1,1,11:26:47,1130 1
979.3410390451478,27.30301789876965,0.056969262464593495,29.2971248135624,1799.9,1130,1,1,11:28:47,1130 1
1016.313422182215,25.82129418770729,0.04457055780500245,29.36152868469177,1799.82,1130,1,1,11:30:48,1130 1
223.79641217988896,14.635708463089186,0.14510611033051243,27.63544788996204,1799.91,1130,2,1,10:54:03,1130 2
176.41074853799412,10.639808502691528,0.1511835739793256,27.550539439089505,1799.94,1130,2,1,10:56:04,1130 2
129.64292044716558,6.587867772009204,0.1670758477650452,27.587361627257543,1799.9,1130,2,1,10:57:55,1130 2
75.5931524981938,2.3582087760235164,0.17718605362930648,27.50432086970018,1800.18,1130,2,1,10:59:50,1130 2
58.3124415813586,-1.2207069494551872,0.21592833753364185,27.39931174144995,1799.9,1130,2,1,11:01:21,1130 2
397.5981403059705,21.82418736654787,0.1254833109186962,27.661145636421473,1799.8,1130,2,1,11:07:17,1130 2
523.1458234381098,24.415789724032805,0.08755511159915523,27.773234532642366,1800.04,1130,2,1,11:09:17,1130 2
634.6832068227066,27.044404712400357,0.06885788613549232,27.863798039399285,1800.03,1130,2,1,11:11:18,1130 2
1106.5280339912667,29.121927505115064,0.07236148474352082,27.865376534016594,1800.01,1130,2,1,11:13:18,1130 2
1291.4235943865237,26.17201482426969,0.06392313014892191,27.955716987721686,1800.22,1130,2,1,11:15:19,1130 2
227.16207894011697,22.1833745022008,0.23029365280572972,28.007351217006068,1800.12,1130,3,1,09:42:27,1130 3
178.82376590736956,16.001335831724074,0.23867060183459915,28.06153653931756,1800.03,1130,3,1,09:44:00,1130 3
127.37227703363644,9.848296724421894,0.24709296670652758,28.12114950761801,1800.23,1130,3,1,09:45:48,1130 3
79.46993869733409,2.7033921784167583,0.2551065432788496,28.122619852278238,1799.86,1130,3,1,09:47:34,1130 3
54.85367524070579,-0.9295318664378363,0.25934545591244323,28.10098995354485,1800.09,1130,3,1,09:49:06,1130 3
447.65108225384284,36.13666961293797,0.26240859877942146,28.044723816815363,1800,1130,3,1,09:54:15,1130 3
680.8179957978703,40.5546332433966,0.23319187782049935,28.17255299680591,1799.92,1130,3,1,09:55:50,1130 3
942.4592003821696,41.38744724994916,0.21397819112145477,28.249705431578793,1799.85,1130,3,1,09:57:47,1130 3
1407.2492281726875,39.74370288399894,0.19061904665833718,28.262078720277096,1800.12,1130,3,1,09:59:47,1130 3
1567.9107287596717,40.14905392779287,0.17445272509087678,28.345182356525143,1800.06,1130,3,1,10:01:48,1130 3
268.34601194241566,25.031720666367626,0.3938635773964925,27.69367324929791,1800.03,1131,1,1,10:05:45,1131 1
206.09451163061348,17.971767218053103,0.3996387832446188,27.66319726769826,1800.02,1131,1,1,10:07:42,1131 1
142.90591319273165,10.979416596570918,0.4058005257617923,27.656178270416383,1800.02,1131,1,1,10:09:32,1131 1
82.6932576579625,3.1831809975402656,0.4148114520409463,27.64391759697247,1800.01,1131,1,1,10:11:14,1131 1
52.330536076847196,-0.7590210003638281,0.4177460544292731,27.640876099948827,1800.06,1131,1,1,10:12:44,1131 1
516.6849236585247,35.552852745105326,0.4130084418310893,27.699317789819958,1800.12,1131,1,1,10:18:26,1131 1
796.8572366790837,36.68965490492616,0.39418080426605256,27.73982814291646,1799.84,1131,1,1,10:20:05,1131 1
1085.6035262520606,36.468107721511124,0.38157417998245935,27.75898214925071,1800.17,1131,1,1,10:21:47,1131 1
1570.5503870839445,35.55908430459595,0.3651203994129798,27.79276333959224,1799.89,1131,1,1,10:23:21,1131 1
1749.0001456175003,36.68751245020035,0.3425251898152291,27.84382466530724,1800.24,1131,1,1,10:25:00,1131 1
257.5406684650823,17.789456795821074,0.23697876128799222,28.033352045239646,1799.93,1131,2,1,11:00:45,1131 2
196.83045325272244,12.94910573951974,0.2390804638945567,28.03764012202279,1799.92,1131,2,1,11:02:16,1131 2
139.9728922335843,7.531130573573372,0.2426011510927202,28.040359652122536,1800.22,1131,2,1,11:03:55,1131 2
84.46344543795821,1.7861335216697916,0.24686194183487858,28.043628161213647,1799.93,1131,2,1,11:05:25,1131 2
56.79744316182723,-1.1893357815635772,0.2534284615520493,28.01714465921874,1800.24,1131,2,1,11:06:56,1131 2
488.3535482369615,27.84340656038413,0.2556968483899065,28.02640849467783,1800.17,1131,2,1,11:11:39,1131 2
757.3969638522256,30.6295648830696,0.2513969190487028,28.045709546252933,1800.11,1131,2,1,11:13:11,1131 2
1035.8749145249192,31.41744327915959,0.24272201647267394,28.08775295351088,1800.11,1131,2,1,11:14:52,1131 2
1515.2174051275965,30.994184770883027,0.23247130605778435,28.11522696180793,1800.11,1131,2,1,11:16:28,1131 2
1694.10740083009,31.628255078799537,0.2221970045633284,28.154000754086713,1799.75,1131,2,1,11:18:02,1131 2
247.62608812844383,18.967166763145986,0.23786356139737294,28.243659167908817,1799.94,1131,3,1,14:16:11,1131 3
189.8973347723482,13.876388329572086,0.24210352078214975,28.251757186628925,1800.19,1131,3,1,14:17:42,1131 3
135.56911136225526,8.29114404682267,0.2509698492421619,28.241862992186725,1799.89,1131,3,1,14:19:18,1131 3
80.22321525592078,2.461869776262671,0.2575914185690968,28.254266398091683,1799.85,1131,3,1,14:20:48,1131 3
52.3916767729573,-0.5425650146887406,0.26880471530291017,28.228848146661463,1800.15,1131,3,1,14:22:19,1131 3
480.72955736665585,30.421177982986496,0.27407919268032577,28.25053015096983,1800.01,1131,3,1,14:26:51,1131 3
746.1257492423516,32.89887984869779,0.26011634258134486,28.26673903784312,1800.01,1131,3,1,14:28:51,1131 3
1001.3284039703695,34.690549017010184,0.23319209090261764,28.323084905150065,1800.02,1131,3,1,14:30:52,1131 3
1445.8447281052906,33.47752942383432,0.1912887209336733,28.445225528906715,1800.02,1131,3,1,14:32:52,1131 3
1559.1395625369298,33.68389806051047,0.14944202785122954,28.559288558428786,1800,1131,3,1,14:34:53,1131 3
264.27280319944686,21.58700190825635,0.32400539267477557,28.757542970149625,1799.83,1133,1,1,10:44:48,1133 1
199.23589474584733,16.40907908153952,0.33316361608375555,28.76221535774349,1800,1133,1,1,10:46:34,1133 1
139.04130309566438,10.036883306102181,0.3413672235085528,28.775319438534627,1799.93,1133,1,1,10:48:22,1133 1
79.00650458548532,3.3610855600969947,0.34675800736015827,28.787513005585044,1800.13,1133,1,1,10:49:56,1133 1
51.46689375412186,-0.5358062408295425,0.3487776513210188,28.811741480984235,1800.07,1133,1,1,10:51:27,1133 1
519.1824655546527,29.570388720272327,0.3459079729564391,28.90918188366661,1800.05,1133,1,1,10:56:42,1133 1
798.2656468554633,30.995730521342786,0.33353577190585515,28.961125233024624,1799.97,1133,1,1,10:58:13,1133 1
1091.1590602531628,30.641513910492204,0.3308861282386592,28.9890601948549,1800.24,1133,1,1,10:59:45,1133 1
1575.894269883953,29.390229877345963,0.3122128247733507,29.05216416354885,1800.13,1133,1,1,11:01:31,1133 1
1760.8115947201695,29.997746299260015,0.2999774428716265,29.105487924359487,1800.07,1133,1,1,11:03:02,1133 1
214.99120857729795,23.304994245326917,0.23870101514606962,27.327264784071517,1800.01,1133,2,1,09:32:42,1133 2
160.17058432637722,17.412277434951307,0.23733065863418124,27.32747767072806,1800.02,1133,2,1,09:34:43,1133 2
117.97898154364911,10.627610401729426,0.24906189739688095,27.354477722394737,1799.94,1133,2,1,09:36:43,1133 2
73.06962161656337,3.6853732285070278,0.2727022346409433,27.322850457489945,1799.92,1133,2,1,09:38:37,1133 2
49.569652736338334,-0.11089313228241511,0.27857716702434576,27.245900003968018,1799.99,1133,2,1,09:40:29,1133 2
467.2840511413012,35.69963151535128,0.30830344555723543,27.140979848687888,1799.98,1133,2,1,09:46:49,1133 2
701.5774346102734,37.291110670412124,0.24570637948273794,27.1938972527477,1800.03,1133,2,1,09:48:50,1133 2
934.4682246684479,37.61822484274212,0.1982107623150151,27.2455652898428,1800.11,1133,2,1,09:50:50,1133 2
1351.7383297207857,37.167808185845395,0.15861528909539888,27.35170258238653,1800.14,1133,2,1,09:52:31,1133 2
1504.223764086927,36.47782836158597,0.13953375946327282,27.474469705397333,1800.15,1133,2,1,09:54:32,1133 2
229.62295002304828,20.858541278766666,0.2262442141820818,28.076694437835968,1799.9,1133,3,1,10:31:17,1133 3
181.4104422244899,14.533074412464144,0.22787537878537706,28.11836654743432,1800.07,1133,3,1,10:33:17,1133 3
128.93141204961665,8.744158568824785,0.23054268756682036,28.140547065883084,1800,1133,3,1,10:35:01,1133 3
79.85398727493833,2.408423981146224,0.23809274876588216,28.132720936048656,1799.96,1133,3,1,10:36:32,1133 3
53.939304616367785,-0.7508320900066457,0.2570393982557911,28.11950241418569,1800.14,1133,3,1,10:38:17,1133 3
440.1625526606685,32.098215072888244,0.23089728478158783,28.227455784592962,1799.9,1133,3,1,10:43:41,1133 3
649.2539265993333,35.48400078811307,0.18661173059888347,28.346639717043715,1799.83,1133,3,1,10:45:41,1133 3
875.9092125621662,36.6455926735514,0.15853628865238312,28.43792222494846,1800.04,1133,3,1,10:47:42,1133 3
1273.7056256564565,38.236666708131956,0.13309673058720353,28.52512465288062,1799.96,1133,3,1,10:49:43,1133 3
1417.8842304253617,37.409861492469084,0.11704883958749543,28.58877455858129,1799.9,1133,3,1,10:51:43,1133 3
233.99130931552074,20.868240370624424,0.2316982504499387,29.13814063190326,1800.02,1140,1,1,12:26:55,1140 1
173.34336279227827,16.146098798863004,0.23480186152703278,29.198955285968726,1799.93,1140,1,1,12:28:56,1140 1
130.68510367208268,9.726453618465223,0.26501352333460376,29.121302187010023,1799.9,1140,1,1,12:30:42,1140 1
79.79405759066753,2.778122892842467,0.2780461113912583,29.08659565262908,1800.18,1140,1,1,12:32:25,1140 1
52.09429515227055,-0.529689018545637,0.28129931159216764,29.063006864389653,1799.86,1140,1,1,12:33:56,1140 1
412.71865235222214,28.660854712740914,0.08341949700643184,29.579603353447887,1800.06,1140,1,1,12:41:48,1140 1
497.61283541044406,29.832740608705997,0.06288781703364112,29.647393012005985,1800.02,1140,1,1,12:43:49,1140 1
793.0178686383331,31.257345945058994,0.05255985361752726,29.653710665160112,1799.99,1140,1,1,12:45:49,1140 1
803.7427792638899,28.716223095543693,0.04032673232454194,29.71443107409375,1799.99,1140,1,1,12:47:50,1140 1
202.11793736766919,13.985093503971365,0.12291120377299986,28.846968595672458,1800.1,1140,2,1,12:41:14,1140 2
164.36207275042335,10.640295478791355,0.13773684561013297,28.789496406427244,1800.14,1140,2,1,12:43:14,1140 2
127.57485657415558,6.4542506512750855,0.16011399751958688,28.74446192998039,1799.79,1140,2,1,12:44:55,1140 2
81.10172524845,1.72511355703335,0.17601793564775697,28.710841377105044,1800.14,1140,2,1,12:46:28,1140 2
57.82651602204538,-1.1111953492893583,0.20768567381855013,28.635203652555145,1799.82,1140,2,1,12:48:01,1140 2
367.5033768576039,23.401251567419145,0.12261505398821822,28.88114610678569,1800.05,1140,2,1,12:53:50,1140 2
490.2054969241479,24.962459478881794,0.0838868818800571,28.970694776671213,1800.09,1140,2,1,12:55:50,1140 2
652.3567251137041,27.322251807621385,0.07206415468154127,29.01643071402216,1800.07,1140,2,1,12:57:40,1140 2
1013.7301298637199,28.153074210837048,0.06139905449537634,29.044645270754554,1800.12,1140,2,1,12:59:40,1140 2
963.3426475673963,28.490855221372932,0.046423488494814785,29.09495081114346,1800.11,1140,2,1,13:01:41,1140 2
193.54902594861358,11.922116045496074,0.09977203162026047,28.813004429393164,1799.89,1140,3,1,12:04:27,1140 3
152.112553352352,8.807364282971664,0.10321062851748257,28.81080815807809,1800.19,1140,3,1,12:06:16,1140 3
126.62199995802419,4.813156697306895,0.1167346027807745,28.761743773012913,1799.88,1140,3,1,12:08:16,1140 3
80.9431037499653,1.3832823949241482,0.13905225069657612,28.730317087181714,1799.9,1140,3,1,12:10:11,1140 3
56.06793304716357,-0.6457206526103333,0.14922377267038595,28.69887809179331,1799.9,1140,3,1,12:11:42,1140 3
312.9484306846664,18.198786540102045,0.0804162475882041,28.90900410370963,1800.19,1140,3,1,12:17:33,1140 3
454.8204638797177,21.701601672026896,0.0677965345394121,28.939656360674256,1799.91,1140,3,1,12:19:33,1140 3
549.9774077555792,23.009924648597842,0.05176005488214804,28.994366821499664,1799.91,1140,3,1,12:21:34,1140 3
771.476123269903,24.456931918155405,0.03995242703832808,29.02334669258068,1799.9,1140,3,1,12:23:34,1140 3
237.3426977311095,7.607704885818674,0.08208791493743121,29.130247921485033,1799.92,1143,1,1,13:19:19,1143 1
191.29816513476425,5.442085986194253,0.08890985979227033,29.128048820213927,1799.86,1143,1,1,13:21:08,1143 1
138.86513215589417,3.343034742927878,0.09878855214612496,29.122991009982588,1800.13,1143,1,1,13:23:08,1143 1
88.23375198300967,0.5174180378800652,0.09395439631371666,29.171333584526415,1800.07,1143,1,1,13:24:41,1143 1
61.69000558825931,-0.8339237593707473,0.10678677208215585,29.139259696860798,1800,1143,1,1,13:26:27,1143 1
420.8395421877018,12.293000037724925,0.07728700896139416,29.235356045351978,1799.93,1143,1,1,13:32:28,1143 1
520.9055711347742,13.599990015814738,0.04854308878192535,29.333068693562353,1799.88,1143,1,1,13:34:28,1143 1
618.5332067616839,14.126520389525835,0.035049779993735486,29.370488015536992,1799.84,1143,1,1,13:36:29,1143 1
903.1830323777965,15.334235052021425,0.028907787140557847,29.406804994388004,1799.79,1143,1,1,13:38:29,1143 1
936.7276827951302,14.661430532638615,0.023170921311654543,29.436613480428043,1800.08,1143,1,1,13:40:30,1143 1
258.1898055133015,26.53507761033919,0.3771844480632854,28.052433810267182,1799.81,1143,2,1,11:21:11,1143 2
196.7252214762086,19.83027164334706,0.3902280775988182,28.037928092002733,1799.78,1143,2,1,11:22:57,1143 2
138.0705074254378,12.001492339883427,0.3991550573717282,28.026384786805956,1800.08,1143,2,1,11:24:33,1143 2
80.3175139390712,3.7697874688270763,0.4163181225241697,27.99299496247374,1799.73,1143,2,1,11:26:04,1143 2
52.28702975894552,-0.7951227603894037,0.4315252702411727,27.99913086512757,1799.99,1143,2,1,11:27:41,1143 2
518.9722793946871,35.85930589861579,0.41769370648820514,28.041549478416606,1800.17,1143,2,1,11:33:18,1143 2
785.7743988868946,37.162915944656525,0.36635237005228355,28.15563284825015,1800.17,1143,2,1,11:35:06,1143 2
1042.5566746456643,36.98288809668471,0.2983345629793432,28.312878739139627,1799.85,1143,2,1,11:37:01,1143 2
1482.8498987669814,35.92670394877756,0.23359579101442549,28.47729411455755,1799.83,1143,2,1,11:39:01,1143 2
1638.0351299490692,35.40168820037752,0.1978388167649383,28.582708386658183,1800.11,1143,2,1,11:41:23,1143 2
243.1699539390349,20.45239376700151,0.2443483815532,28.565728260571255,1799.97,1143,3,1,13:41:52,1143 3
192.45713710989887,15.07095298185035,0.2667089877757055,28.522115515294363,1799.98,1143,3,1,13:43:33,1143 3
133.44128588639305,9.1983266204135,0.26451102011086947,28.525105021342593,1800.01,1143,3,1,13:45:29,1143 3
79.17624788924117,2.8526553499067915,0.27503192165928775,28.474545728606085,1800.03,1143,3,1,13:47:01,1143 3
52.46078940682379,-0.6184027113647389,0.29477386866650435,28.438072817340476,1800.04,1143,3,1,13:48:36,1143 3
467.0817854729379,32.37545598283475,0.26664742972792244,28.56068628770851,1799.99,1143,3,1,13:54:00,1143 3
655.8619544377883,34.28817237405776,0.18419454614526762,28.782388112553917,1799.96,1143,3,1,13:56:00,1143 3
785.6390550024303,34.586683586753914,0.11981831047821685,28.946522493952422,1799.97,1143,3,1,13:58:01,1143 3
1175.8447266852731,35.06859679641432,0.10025409440161012,29.002023202690612,1799.95,1143,3,1,14:00:01,1143 3
1217.5265021576802,34.987088191364066,0.07826827481204475,29.050905468633534,1800.01,1143,3,1,14:02:02,1143 3
193.0101500889951,23.53027102477275,0.2065595374240653,27.95863181746081,1800.13,1147,1,1,10:17:11,1147 1
153.71989860851505,17.107623846093585,0.2141215499678883,27.939430303547592,1799.89,1147,1,1,10:18:51,1147 1
115.61368515976243,10.701008575649883,0.23653163364169905,27.874450903068897,1800.14,1147,1,1,10:20:26,1147 1
75.28709272288741,3.2511144770472686,0.2648151785938789,27.77738838574693,1800.14,1147,1,1,10:22:05,1147 1
52.05036445709179,-0.6439606250333282,0.2962376575400985,27.67590596340736,1800.15,1147,1,1,10:23:47,1147 1
298.6882066771073,32.76104174525492,0.1443721740510289,28.201703789676824,1800.15,1147,1,1,10:29:26,1147 1
425.26257895171915,37.58110012684691,0.11452998706821844,28.313215941424364,1799.87,1147,1,1,10:31:27,1147 1
574.5127633097226,40.15922676470045,0.09659935289930796,28.387885112147938,1799.85,1147,1,1,10:33:27,1147 1
876.0870217478302,42.388350979912246,0.08016256954919075,28.459242546719405,1800.16,1147,1,1,10:35:28,1147 1
843.646629569092,43.776011379821284,0.06518644115265759,28.50094411214757,1799.88,1147,1,1,10:37:28,1147 1
181.86047127857654,20.236201667822968,0.1700181402235517,27.663696643455914,1800.16,1147,2,1,08:21:10,1147 2
145.42935214416977,14.769788468038936,0.1762316637480082,27.637471134114662,1799.9,1147,2,1,08:22:43,1147 2
109.66793784983396,9.245411786812474,0.19207876897994142,27.568832791290912,1800,1147,2,1,08:24:18,1147 2
71.68988229915998,3.067936286164789,0.21519773519304725,27.507629466090513,1800,1147,2,1,08:25:49,1147 2
52.00474783710622,-0.5011682428680938,0.24281275988256668,27.403067868638768,1800.12,1147,2,1,08:27:24,1147 2
316.2340353277723,34.299497511170145,0.16303568140920638,27.734207664562454,1800.05,1147,2,1,08:33:04,1147 2
441.9946926063419,37.55296127977151,0.1203231374646856,27.991064917812423,1800.19,1147,2,1,08:35:05,1147 2
574.0823243387256,39.713994435751445,0.09666891263523922,28.15034283163869,1799.99,1147,2,1,08:37:05,1147 2
863.9281200138961,44.06661663197714,0.08311219226927648,28.271164508167075,1799.84,1147,2,1,08:39:06,1147 2
947.2220805556382,43.31999443475843,0.07218886823460972,28.34615573214821,1800.04,1147,2,1,08:41:07,1147 2
184.79433276694354,15.078957203994442,0.1246528593957501,28.458465019707344,1800.02,1147,3,1,10:33:50,1147 3
146.39125973706084,11.421237094194064,0.13326267298215783,28.425108450876845,1800.03,1147,3,1,10:35:50,1147 3
115.6955203073747,7.384144269117068,0.16101682369914327,28.332810004741,1800.05,1147,3,1,10:37:31,1147 3
73.40614726328519,2.606740522743956,0.18903391181265858,28.226020215293886,1800.06,1147,3,1,10:39:04,1147 3
50.57125056186439,-0.21510458300158913,0.2184482487458935,28.132904806963595,1800.08,1147,3,1,10:40:54,1147 3
236.35501477658354,18.963995149710126,0.06992160698425565,28.569718195935184,1800.16,1147,3,1,10:46:52,1147 3
289.63303815396364,21.583735094418767,0.05127824870682579,28.666302777262636,1799.86,1147,3,1,10:48:52,1147 3
415.2353225521854,25.10643131746199,0.04789322456855798,28.711840741115605,1800.11,1147,3,1,10:50:53,1147 3
435.33088160137436,30.59324636037179,0.037432490785098624,28.774267715901512,1799.77,1147,3,1,10:52:53,1147 3
610.4367000576108,26.88654671122181,0.03233420271448494,28.80226613432025,1800.03,1147,3,1,10:54:54,1147 3
273.441412316437,21.479269866983906,0.3510577870264846,27.781883958113323,1800.01,1150,1,1,12:54:46,1150 1
208.32725656079208,15.869620539417644,0.36130518138320394,27.783896875889198,1800.01,1150,1,1,12:56:41,1150 1
143.5063902798828,9.791395325202217,0.3635589477516397,27.765459230509713,1800.06,1150,1,1,12:58:14,1150 1
81.78857929002587,3.081218016981606,0.37770112796876754,27.718401822104155,1799.84,1150,1,1,12:59:54,1150 1
50.34136505357545,-0.3242217598450955,0.3868390320492378,27.743077264888893,1800.11,1150,1,1,13:01:26,1150 1
505.59494407735446,34.2684574270502,0.3725538348611422,27.739214316797444,1800.12,1150,1,1,13:06:38,1150 1
778.9463423207004,36.30145626442262,0.3533231647312795,27.80114847337587,1799.82,1150,1,1,13:08:38,1150 1
1061.7341923976276,35.753865434052024,0.32749968269143764,27.836992152816194,1800.12,1150,1,1,13:10:39,1150 1
1536.5232971401645,35.89591860678271,0.3054287958071955,27.885283176228764,1799.87,1150,1,1,13:12:39,1150 1
1717.8162786170024,34.636184185120584,0.2744308727844446,27.95736595733087,1799.85,1150,1,1,13:14:40,1150 1
251.7388072443459,21.257040619663137,0.28365916963229815,28.61521799706399,1799.95,1150,2,1,13:35:29,1150 2
193.30727770888757,15.454003598703784,0.2880195097819678,28.590735227705487,1800.01,1150,2,1,13:37:23,1150 2
138.0367567919105,9.229031508798473,0.3032136260518386,28.55848800162315,1799.99,1150,2,1,13:39:11,1150 2
79.80363254016306,2.9925545329036987,0.3186950646573388,28.523303693679082,1799.99,1150,2,1,13:40:42,1150 2
51.73298507146723,-0.557006053725237,0.34450727944108817,28.478144682279734,1799.96,1150,2,1,13:42:16,1150 2
455.86285780775273,31.36281401556192,0.2515457959800612,28.686600858306658,1799.96,1150,2,1,13:47:44,1150 2
608.099843672551,32.708547883497324,0.15419188150837612,28.96676815170585,1799.92,1150,2,1,13:49:44,1150 2
775.602879287641,33.32687898220998,0.1146237498828665,29.09048404899066,1799.86,1150,2,1,13:52:01,1150 2
1056.3375913962677,36.28146127666579,0.08642032553788911,29.204364466247945,1800.13,1150,2,1,13:54:02,1150 2
1111.0596707176758,33.677119587998895,0.06609932507776502,29.288964404254997,1800.12,1150,2,1,13:56:22,1150 2
264.96572180951347,25.16134210723876,0.3911078813541583,28.506797186285052,1799.73,1150,3,1,10:13:49,1150 3
202.47840863091358,18.676474289163696,0.40683417555956314,28.48516322832705,1800,1150,3,1,10:15:34,1150 3
143.46409113869908,11.2371411739845,0.43419673716149304,28.432054068158084,1799.97,1150,3,1,10:17:09,1150 3
80.5475058406525,3.7356144221457717,0.44103188922217623,28.422124188727807,1799.95,1150,3,1,10:18:43,1150 3
50.36730243707748,-0.3637981076990952,0.4500446478012766,28.420751445824738,1800.25,1150,3,1,10:20:14,1150 3
506.37740961890466,36.42583462650316,0.40673021410937527,28.549847185389005,1799.91,1150,3,1,10:25:24,1150 3
763.0994136196281,39.57668248854658,0.35895267932933866,28.654846006121556,1800.14,1150,3,1,10:27:25,1150 3
1031.9756249891016,39.343349661503986,0.3154895102770523,28.776612968014838,1800.12,1150,3,1,10:29:07,1150 3
1495.1069853490344,39.34723923573164,0.2818978295758049,28.88404850792569,1800.09,1150,3,1,10:30:51,1150 3
1664.9204535874585,39.311381701678776,0.2529383990667359,28.97406699948445,1800.05,1150,3,1,10:32:52,1150 3
236.79195016773843,20.33576648796977,0.23934493228512319,27.723519038771816,1800.16,1151,1,1,10:25:08,1151 1
183.95420202152187,14.454267904230964,0.24127549238661378,27.811195687980312,1799.74,1151,1,1,10:26:39,1151 1
131.53025431229548,8.549779368768325,0.24569516781194714,27.848539916629335,1799.9,1151,1,1,10:28:12,1151 1
76.31519935572442,2.8309472346359206,0.24861910295514938,27.900558812240494,1800.07,1151,1,1,10:29:42,1151 1
51.96761548639768,-0.5728710501994635,0.25134295014234,27.929931828302063,1799.96,1151,1,1,10:31:14,1151 1
241.8017398922718,20.434421225417577,0.25027362094114086,27.984761557588758,1800.06,1151,1,1,10:32:44,1151 1
241.81334298222313,19.94751307832715,0.2444504657258825,28.056446718083194,1799.96,1151,1,1,10:34:18,1151 1
432.35981470984785,32.76357715156097,0.2371552078332116,28.123964106066786,1799.82,1151,1,1,10:35:49,1151 1
663.8208484185135,39.33539219095293,0.22952847467551252,28.19641384801135,1800.01,1151,1,1,10:37:19,1151 1
930.0681835173878,40.45856439035995,0.2193228152462716,28.277033449788963,1799.86,1151,1,1,10:38:50,1151 1
1385.8341526272557,41.45841468988432,0.2082414910934643,28.365020085372006,1800.01,1151,1,1,10:40:26,1151 1
1557.1065442777222,41.93310104501308,0.1978349414557905,28.451501306575395,1799.9,1151,1,1,10:42:00,1151 1
293.6666568031226,15.590204576671141,0.2937248639398264,27.951859684435252,1800.12,1151,2,1,10:30:04,1151 2
225.38157874064132,10.961743947116206,0.2973002868000312,27.98450288917957,1800.05,1151,2,1,10:31:35,1151 2
156.16246921606322,6.420007921367621,0.3026210628630148,28.001502843838804,1799.95,1151,2,1,10:33:10,1151 2
88.33423377506344,1.5130543317434904,0.3084822164515818,28.02923677491996,1800.22,1151,2,1,10:34:41,1151 2
53.583257573042765,-0.8369301508322129,0.311540160597931,28.031607634727592,1800.12,1151,2,1,10:36:18,1151 2
538.2467989893777,25.040446861863327,0.31904094038907826,28.1212299501015,1799.83,1151,2,1,10:40:53,1151 2
802.0094439001056,29.865130682707985,0.3166296711400497,28.137832606466596,1800.07,1151,2,1,10:42:24,1151 2
1081.4503202939136,31.91603525547543,0.3146805805575701,28.1664238816426,1799.98,1151,2,1,10:44:02,1151 2
1557.695343113025,33.365691766447505,0.31050030355838737,28.203760428518795,1800.23,1151,2,1,10:45:37,1151 2
1752.5451965566103,32.49485723764714,0.30241857659410637,28.244668582009755,1799.85,1151,2,1,10:47:18,1151 2
219.111329763608,19.95943978692548,0.20678099150677542,29.307192305387066,1800.07,1151,3,1,13:01:35,1151 3
170.35529837777278,14.51970579549165,0.21085032699728215,29.301653115868795,1800.13,1151,3,1,13:03:28,1151 3
125.06974937869111,8.716814619076553,0.2249257482196067,29.296477656611266,1799.83,1151,3,1,13:05:28,1151 3
78.13933897936026,2.4439768357169473,0.23838897097920897,29.275647317167714,1800.15,1151,3,1,13:07:17,1151 3
53.454298496602604,-0.8467226244166945,0.24939992884654694,29.165238307519814,1800.04,1151,3,1,13:09:05,1151 3
369.8965306764296,32.00001674335781,0.1786787942931516,28.83784823244133,1800.11,1151,3,1,13:15:07,1151 3
538.7880792032389,40.16738795356993,0.1597953454068374,28.842181717809854,1800.04,1151,3,1,13:17:00,1151 3
736.9504023914703,45.59661637138689,0.14898188414909982,28.856657885912426,1800.22,1151,3,1,13:19:01,1151 3
1139.2941650220362,49.6101853299187,0.140609519148411,28.817376906908695,1799.8,1151,3,1,13:21:01,1151 3
1251.1931708107452,52.41544204017955,0.13024261348096114,28.880238181652818,1800.18,1151,3,1,13:23:02,1151 3
242.16026485657912,22.151030131286248,0.2683015384986894,27.940082180789503,1800,1155,1,1,11:22:19,1155 1
185.57047367594006,16.45654909649765,0.27647833518126474,27.950859270626268,1799.98,1155,1,1,11:24:12,1155 1
130.2935137108906,10.4253499028848,0.29065190418641185,27.91488698534409,1799.94,1155,1,1,11:26:01,1155 1
78.96638902197925,3.241694981497845,0.31966315443071786,27.817443731042623,1800.26,1155,1,1,11:27:48,1155 1
50.693388889200186,-0.3361403021900064,0.32489462921466783,27.79242799785714,1800.27,1155,1,1,11:29:19,1155 1
437.78509755310444,30.340908894354822,0.2169674033370283,27.98674271808396,1800.02,1155,1,1,11:35:10,1155 1
543.7214292152214,30.550354195665545,0.11849774340963798,28.271614016407522,1799.99,1155,1,1,11:37:11,1155 1
692.5579505304861,30.35810679370275,0.08717911587125755,28.380934305380745,1800.05,1155,1,1,11:39:11,1155 1
950.978856947411,32.31612564763814,0.0656605220063461,28.429361054185883,1800.06,1155,1,1,11:41:12,1155 1
954.4684861334164,32.65050309715338,0.053267150334719515,28.506153081487852,1800.08,1155,1,1,11:43:12,1155 1
187.49941160985674,18.379176285200266,0.16212580529761847,29.001183656173254,1800.06,1155,2,1,11:01:19,1155 2
149.19180774374223,13.235198110826015,0.16575301346340254,29.013024678960807,1799.99,1155,2,1,11:02:50,1155 2
111.79232615238708,8.125967993676385,0.17700988263851417,28.930443736934567,1799.98,1155,2,1,11:04:22,1155 2
72.23569873262346,2.585379804095064,0.19261060064017185,28.871714217636747,1800,1155,2,1,11:05:56,1155 2
50.485897665981994,-0.29921677339829233,0.2072394214123664,28.7762637856279,1800.02,1155,2,1,11:07:27,1155 2
330.29175296768125,28.98497016266144,0.1459405493435138,29.08021231735396,1799.96,1155,2,1,11:13:04,1155 2
436.14954337280176,28.816211752083095,0.09186852925255387,29.362767443732597,1799.95,1155,2,1,11:15:05,1155 2
555.455082040201,31.33678176411188,0.07485028707489154,29.428916060084973,1799.95,1155,2,1,11:17:05,1155 2
795.9334193291036,35.249626805353905,0.062117387120555416,29.54637659728473,1799.92,1155,2,1,11:19:06,1155 2
827.8828833903418,34.1377154264651,0.051022700810721605,29.653446699009095,1800.18,1155,2,1,11:21:06,1155 2
205.12399604258957,20.685761811684117,0.20368545739001653,28.980273699998513,1800.06,1155,3,1,12:15:08,1155 3
158.42843296354,15.184036063931726,0.2064295938099558,28.98939537980852,1800.07,1155,3,1,12:16:44,1155 3
117.59329581269988,9.03060933189309,0.2152656492495984,28.957734867542385,1800.06,1155,3,1,12:18:15,1155 3
72.64955145615892,3.0020962919979444,0.22958236826101974,28.8821227892908,1800.1,1155,3,1,12:19:45,1155 3
50.62985927521316,-0.37542726168793883,0.2441150016778715,28.804082836723246,1800.15,1155,3,1,12:21:17,1155 3
363.718134392132,31.811135326718784,0.1795279807635195,29.106559181865443,1800.16,1155,3,1,12:27:08,1155 3
504.3710690681796,32.1791786646104,0.11929462694793677,29.3960320027168,1799.84,1155,3,1,12:29:08,1155 3
676.9169803828643,33.60423451036446,0.09847306854626865,29.52752412071958,1799.85,1155,3,1,12:31:09,1155 3
1010.7457705821035,35.4975794008226,0.08230688531218985,29.65990936058363,1800.07,1155,3,1,12:33:09,1155 3
1093.49079578212,35.71641126282293,0.07136878820694743,29.732398854916173,1800.03,1155,3,1,12:35:10,1155 3
274.02843383956144,18.711448211723248,0.2761644010492209,28.300266805342137,1799.79,1158,1,1,08:31:58,1158 1
211.58836020818123,13.56751620907471,0.28818493851768445,28.305996530287615,1800.01,1158,1,1,08:33:59,1158 1
148.00964258206008,8.16024985283463,0.2987703899808841,28.291081729466253,1799.7,1158,1,1,08:35:44,1158 1
85.57839730830815,2.1418420622553294,0.308725083274867,28.296842441344396,1799.98,1158,1,1,08:37:23,1158 1
53.66099787106522,-0.9089669553784304,0.32595305814338094,28.273910228101883,1799.96,1158,1,1,08:38:59,1158 1
520.3763769316852,28.63590126974613,0.3050795531672383,28.34890706291876,1800.12,1158,1,1,08:44:31,1158 1
784.5546985909824,31.72464204437064,0.2857298370758768,28.40419440645967,1800.04,1158,1,1,08:46:31,1158 1
1039.1530492004665,33.919039572904296,0.25214803284653486,28.493202260179473,1800.01,1158,1,1,08:48:17,1158 1
1497.81835911486,36.61976650496549,0.24071826047296607,28.526324481544734,1800.01,1158,1,1,08:50:02,1158 1
1681.1806426849023,35.8908271963853,0.2246630087795659,28.568505741436738,1800.07,1158,1,1,08:52:02,1158 1
267.8327497376647,12.472378387899337,0.17513566516753531,28.339488243870623,1800.08,1158,2,1,11:10:08,1158 2
204.82073311109872,9.036372352196787,0.1773188213768726,28.329433625321002,1800.08,1158,2,1,11:11:48,1158 2
146.60029182676803,5.028828160576415,0.18025556410057472,28.325937311914316,1800.05,1158,2,1,11:13:25,1158 2
87.36760609549356,1.0306998553505997,0.18755204674626827,28.30923893770848,1800.05,1158,2,1,11:15:12,1158 2
57.95731470321485,-1.1367065446750668,0.19531304439246572,28.287258370772335,1800.04,1158,2,1,11:16:45,1158 2
480.688578337869,18.49779316986734,0.15716310035378425,28.41945196178269,1800,1158,2,1,11:22:09,1158 2
678.810032819936,19.48553967998238,0.1114087333772813,28.567330618207652,1800.01,1158,2,1,11:24:09,1158 2
869.4228494505272,20.83604330191832,0.08802814972807242,28.622357984189573,1800.04,1158,2,1,11:26:10,1158 2
1265.7532682810215,21.668090964531086,0.07467231958725132,28.660831024849326,1799.8,1158,2,1,11:28:10,1158 2
1432.7563561594839,19.741095731213093,0.06441703113917392,28.70631134529769,1800.06,1158,2,1,11:30:11,1158 2
258.0219873291446,15.833722359872851,0.2018847565388236,29.07351848793918,1799.84,1158,3,1,11:36:57,1158 3
198.93852928627825,11.551691679362388,0.20781317193168525,29.062700617083596,1800.12,1158,3,1,11:38:31,1158 3
141.54381919154983,7.005191524554019,0.22119834978741298,29.03641972332219,1800.09,1158,3,1,11:40:02,1158 3
84.34460693634082,1.7314530203650234,0.2214424964943008,29.045411047990967,1799.78,1158,3,1,11:41:33,1158 3
51.23852957280222,-0.30652703344437865,0.22674520591525177,29.025059254490515,1800.09,1158,3,1,11:43:04,1158 3
501.0589714814279,25.333415393971215,0.23704598020379783,29.00613767407925,1800.05,1158,3,1,11:48:51,1158 3
746.3939550841483,27.812301729578436,0.20471582489059403,29.059816791938243,1800.05,1158,3,1,11:50:33,1158 3
1007.622975241126,28.452966201546964,0.1831251703946231,29.12923875396422,1800.05,1158,3,1,11:52:11,1158 3
1434.3282644669873,30.759179052902294,0.15933911437753767,29.19715577909133,1800.03,1158,3,1,11:54:12,1158 3
1589.6475892189228,29.698998782435396,0.13621054722472636,29.250190806653006,1800.07,1158,3,1,11:55:53,1158 3
234.7844099727781,20.031308673302068,0.22880259477482254,28.510652260495846,1799.96,1160,1,1,11:07:47,1160 1
179.1191474845443,14.790467623166204,0.23142040794026536,28.486028615691218,1799.97,1160,1,1,11:09:22,1160 1
130.28863434043427,8.555962108778676,0.2356206410746621,28.470307731574792,1799.98,1160,1,1,11:10:54,1160 1
80.52220915782884,2.27419797982628,0.24195004907903994,28.44702738044734,1800.02,1160,1,1,11:12:30,1160 1
54.39389046221426,-0.8214838432184361,0.24893165622580787,28.414079078753105,1800,1160,1,1,11:14:01,1160 1
463.4098787429692,30.034343120701255,0.24522162999090916,28.47779442191586,1800.22,1160,1,1,11:19:10,1160 1
727.8636426521846,30.192374237954905,0.2168436305176163,28.554214382071283,1799.91,1160,1,1,11:21:10,1160 1
965.28487177198,30.875370197192588,0.1786986579024666,28.666230161705574,1800.19,1160,1,1,11:23:11,1160 1
1397.1555127936708,29.714428228283065,0.1441138326888685,28.767901692542708,1800.17,1160,1,1,11:25:11,1160 1
1504.4858348775324,31.2056889660122,0.11993763669899075,28.842283187789,1800.15,1160,1,1,11:27:12,1160 1
227.9316903012294,19.796087523258944,0.21246291348551924,28.573965510551375,1800.1,1160,2,1,13:01:04,1160 2
178.67987926440972,13.943260437882207,0.2135882503581957,28.560644619632882,1799.85,1160,2,1,13:02:35,1160 2
125.6893559928397,8.743537857817934,0.22054901424128526,28.542864941827805,1799.83,1160,2,1,13:04:09,1160 2
79.88053597277089,2.317678832737748,0.23554913668196967,28.48580218744756,1799.85,1160,2,1,13:05:41,1160 2
54.47644985765829,-0.8620429346223302,0.24915215820607023,28.46396630049326,1800.08,1160,2,1,13:07:12,1160 2
430.01815465670796,30.746889819249706,0.21241528464059758,28.558581263855523,1800.04,1160,2,1,13:12:47,1160 2
587.8524180693363,31.10057727789359,0.1363861482334171,28.798974452765282,1800.01,1160,2,1,13:14:47,1160 2
732.9675945436346,30.491019584719975,0.09535945346013065,28.960450735184214,1800.02,1160,2,1,13:16:48,1160 2
1016.4144168779159,31.194274239975133,0.06997860050629018,29.03988063601016,1800.01,1160,2,1,13:18:48,1160 2
1061.826078912859,30.190679789613434,0.0559490432050455,29.0728282296415,1799.99,1160,2,1,13:20:49,1160 2
244.6574230042665,18.665525526228944,0.22356969058799825,28.506036272424456,1799.88,1160,3,1,13:36:03,1160 3
189.91562328855812,13.626849877453232,0.23203203287103139,28.495292775394823,1799.82,1160,3,1,13:37:50,1160 3
135.30081396809408,7.928580012511719,0.23209058365395746,28.457691841248177,1800.17,1160,3,1,13:39:32,1160 3
78.9294844309668,2.53979017964176,0.23756111648592404,28.403559285191857,1799.96,1160,3,1,13:41:15,1160 3
52.60655339097397,-0.5452100729060455,0.2449328022764037,28.385423337725676,1799.97,1160,3,1,13:42:45,1160 3
452.89467416974065,29.836340062482428,0.2263912547959939,28.43679291815785,1799.93,1160,3,1,13:48:23,1160 3
699.4887094603803,33.50379333886785,0.21050281962836562,28.474225008401525,1799.94,1160,3,1,13:50:24,1160 3
962.7877262100102,33.5212134393344,0.189084532094268,28.537408028649445,1799.93,1160,3,1,13:52:24,1160 3
1380.1089030328797,36.2078233809127,0.16399206321604046,28.62909400960947,1799.91,1160,3,1,13:54:25,1160 3
1502.9324731151082,35.901269396571756,0.1349212742971151,28.736255259111452,1800.18,1160,3,1,13:56:25,1160 3
171.20386651132335,6.6645734508887555,0.04893410380676068,27.31995345892297,1800.13,1162,1,1,08:32:09,1162 1
132.17651236175521,5.224763422233425,0.05239075379123194,27.178548391339973,1799.92,1162,1,1,08:33:50,1162 1
118.91216138700932,2.6891906849055505,0.056948433579540415,27.03208276437485,1800.1,1162,1,1,08:36:03,1162 1
82.54514200095609,0.5795673903881077,0.06211060617125319,26.939189283534212,1799.92,1162,1,1,08:37:41,1162 1
65.09051776164385,-0.7064670480246792,0.07022728058012585,27.01494584879817,1800.03,1162,1,1,08:39:36,1162 1
270.8779936688672,16.320180199503987,0.06408433462491524,27.162924719925925,1799.77,1162,1,1,08:45:09,1162 1
328.34340787354324,18.45171272635645,0.045777563444133855,26.821830078593628,1800.17,1162,1,1,08:47:10,1162 1
540.8654605888322,20.89446223002966,0.04614998420044309,26.758799166789792,1799.98,1162,1,1,08:49:10,1162 1
740.043787122133,24.933195905585386,0.03934129593769909,26.77289628771055,1799.78,1162,1,1,08:51:33,1162 1
1009.6373099453515,19.843995838160165,0.03376077098377463,26.831398881862082,1800.07,1162,1,1,08:53:33,1162 1
230.43523631865517,16.04555850735602,0.16808196138473327,27.348412479388806,1800.02,1162,2,1,09:32:20,1162 2
179.39487841789864,11.578722666042179,0.17153666450960953,27.339563606047278,1800,1162,2,1,09:34:18,1162 2
125.74352239963362,7.25954932041529,0.17551321246270424,27.311380649410623,1800.01,1162,2,1,09:35:53,1162 2
78.12705819130855,2.160354836771055,0.18600288855732985,27.306609823145063,1800.05,1162,2,1,09:37:53,1162 2
55.5882887374482,-0.7926024561635121,0.19629664733605706,27.29755909432222,1800.03,1162,2,1,09:39:27,1162 2
489.5308082576166,23.06397756126052,0.20184680120403528,27.285193124124532,1800,1162,2,1,09:44:16,1162 2
753.4675246726804,23.749874369328275,0.17950159344764974,27.335514741963877,1800.02,1162,2,1,09:46:16,1162 2
1013.0595946764671,22.392307618223796,0.14620575500904848,27.430941416321684,1799.98,1162,2,1,09:48:17,1162 2
1417.42744907744,24.11724258943245,0.11761978176362042,27.535449312722132,1799.99,1162,2,1,09:50:17,1162 2
1535.467909756052,24.785619186293353,0.09788727612589564,27.5424082506646,1800.01,1162,2,1,09:52:18,1162 2
232.0345686035672,14.759551358442069,0.15929923218491887,27.590122096683924,1800,1162,3,1,09:00:36,1162 3
181.03895359264644,10.369154334802287,0.1586463370152111,27.588144401060863,1799.77,1162,3,1,09:02:07,1162 3
129.54130245306638,6.170927123035848,0.16093128806405607,27.578238541572183,1799.83,1162,3,1,09:03:39,1162 3
83.21880475833868,1.3730592859677961,0.16623447419749746,27.544282221027824,1799.88,1162,3,1,09:05:12,1162 3
53.54931153362979,-0.4785498930719572,0.1724702823356276,27.476056732324206,1799.92,1162,3,1,09:06:45,1162 3
463.59558904168233,22.509027843573957,0.176814343356409,27.460566752463606,1800.07,1162,3,1,09:11:38,1162 3
707.4102503938186,23.90766676329207,0.1520706529965458,27.516591516821304,1799.8,1162,3,1,09:13:39,1162 3
945.0084813883279,24.753370639838003,0.12948165124815406,27.59396964420043,1799.84,1162,3,1,09:15:39,1162 3
1369.5393344589152,25.465846231047742,0.11073325234756717,27.622876788138242,1799.85,1162,3,1,09:17:40,1162 3
1506.3652438923652,26.112640129019365,0.098145028666267,27.65104567936111,1799.91,1162,3,1,09:19:40,1162 3
230.01195324621852,30.056857667312507,0.33336268947331055,27.80425626633566,1800.13,1166,1,1,13:42:49,1166 1
173.91658483871615,23.097372362908537,0.34606991372797086,27.72162860047169,1799.89,1166,1,1,13:44:39,1166 1
125.23228914687724,14.104650198653413,0.36029755147152875,27.6817953042266,1799.93,1166,1,1,13:46:23,1166 1
76.03315531268166,4.335915723814655,0.37219372809051315,27.590077981876604,1800.01,1166,1,1,13:48:04,1166 1
51.728108344068396,-0.7867765008801683,0.3870864429590281,27.565434238910864,1800.06,1166,1,1,13:50:05,1166 1
418.495870257901,43.37651522198589,0.28979083617776275,27.869519577948694,1800.11,1166,1,1,13:55:53,1166 1
574.1397140992607,48.908895433626995,0.21090426713803673,28.11652894407084,1800.11,1166,1,1,13:57:54,1166 1
782.9301636500718,52.525404600216625,0.1867148971616389,28.1584026757125,1800.13,1166,1,1,13:59:54,1166 1
1213.9054522771662,51.197572848163624,0.164233386899297,28.255196756946532,1799.8,1166,1,1,14:01:55,1166 1
1315.2628711110947,54.44785971683602,0.14760511055248907,28.310253474918532,1799.85,1166,1,1,14:03:55,1166 1
203.86339927624564,20.03064722614954,0.18326339970347352,27.714518996669614,1800.2,1166,2,1,14:48:42,1166 2
161.83611772839959,14.429436343609378,0.18870920514151493,27.709012513099164,1799.89,1166,2,1,14:50:16,1166 2
119.73445905201542,8.591536250654705,0.19623825458790425,27.67898451293694,1800.19,1166,2,1,14:51:47,1166 2
78.11565956283026,2.2614187244242427,0.20689115196590216,27.649937430285107,1799.92,1166,2,1,14:53:22,1166 2
57.01408653882839,-1.1564761251260771,0.21795872696887952,27.596602062956887,1799.91,1166,2,1,14:54:53,1166 2
349.9990311908665,34.23549075555345,0.1748733324062625,27.73639744592425,1800.18,1166,2,1,15:00:12,1166 2
514.5108759512984,38.00512988107868,0.1388685399212916,27.875609218515812,1800.18,1166,2,1,15:02:12,1166 2
731.4929619304413,39.4718156160716,0.12386783081040416,27.929645399706533,1799.88,1166,2,1,15:04:13,1166 2
1103.6888012555758,43.88541413239212,0.11349401390372711,27.963529078071478,1799.88,1166,2,1,15:06:13,1166 2
1241.3797258010372,44.956623176944284,0.10671940155704912,27.996076223745305,1799.88,1166,2,1,15:08:14,1166 2
241.88354987957297,19.16223413378746,0.22389882947300602,27.829739574778454,1799.79,1166,3,1,14:23:36,1166 3
185.5838070268208,13.062025982450155,0.21123902053976568,27.8942576433847,1800.1,1166,3,1,14:25:06,1166 3
136.02437160691764,7.154505872047214,0.21206172730376643,27.912037119683255,1799.77,1166,3,1,14:26:46,1166 3
82.50460125740096,1.7864179978658108,0.22053239215624568,27.876432824862025,1800.04,1166,3,1,14:28:23,1166 3
54.56898681422236,-0.9041906582393847,0.22986677470029693,27.853223456845434,1800.01,1166,3,1,14:30:05,1166 3
399.09641935408644,25.71630020130973,0.15431059521869553,28.180640288882174,1800.03,1166,3,1,14:35:42,1166 3
563.9246753237106,28.927745148129368,0.1184723871452965,28.288665131885992,1799.99,1166,3,1,14:37:43,1166 3
756.8719313583025,33.08837574488201,0.10915442047230518,28.32394966623899,1800.01,1166,3,1,14:39:43,1166 3
1092.2567595574694,37.66381698502638,0.09572006432309607,28.40139392436256,1800,1166,3,1,14:41:44,1166 3
1271.7001741271263,36.18760233751109,0.09011947794794817,28.40777729114859,1800.27,1166,3,1,14:43:44,1166 3
245.25508812282828,29.28354243886044,0.3602997440202775,27.69259137133571,1799.76,1167,1,1,13:35:21,1167 1
188.39716480731775,21.771831804004172,0.3741733945310916,27.67520212830689,1800.05,1167,1,1,13:37:22,1167 1
134.98443666966935,13.674177225997038,0.41194620078511046,27.650783950297832,1800,1167,1,1,13:39:03,1167 1
79.86737041420514,4.39378511507544,0.4530734842008692,27.563906396562324,1800.01,1167,1,1,13:41:00,1167 1
50.84936800637898,-0.4998920473221482,0.482303291357292,27.516656686367273,1800,1167,1,1,13:42:31,1167 1
443.5991965366966,41.49633754659339,0.30356422195422855,27.84289473013816,1799.99,1167,1,1,13:48:11,1167 1
667.2676613295969,45.041970613106024,0.25161587577382283,27.949903958155275,1800.01,1167,1,1,13:50:11,1167 1
956.8913770943109,46.089478989095326,0.254996230077269,27.931732834258977,1800.05,1167,1,1,13:52:32,1167 1
1433.349590283605,44.6879852854891,0.23699445592984728,27.960915854085357,1800.1,1167,1,1,13:54:32,1167 1
1610.7515336972324,45.07714558140259,0.2257435956638946,28.01057148381139,1800.07,1167,1,1,13:56:33,1167 1
292.84340607223197,28.431785544344784,0.5841581040057802,28.5581171128813,1800.02,1167,2,1,12:10:54,1167 2
220.1292155483961,21.435363633661886,0.5938804084568919,28.53505397524069,1800.03,1167,2,1,12:12:31,1167 2
149.70966317179753,13.54381958055059,0.6008802219550561,28.509375260868815,1800.04,1167,2,1,12:14:02,1167 2
82.90612284825599,4.438991531237881,0.6164270609184261,28.477381973155296,1800.06,1167,2,1,12:16:01,1167 2
50.086199394435766,-0.4142830685394856,0.6354293274972815,28.47059974205001,1799.77,1167,2,1,12:18:02,1167 2
554.3758105230378,38.155271758739744,0.5983531926459645,28.54717470778724,1800.02,1167,2,1,12:23:36,1167 2
820.7998653962028,38.999719114300134,0.49236620469105447,28.733907233092886,1800.08,1167,2,1,12:25:37,1167 2
1076.3788574008495,41.68043890616339,0.40933061808783344,28.815600479735778,1799.85,1167,2,1,12:27:37,1167 2
1544.6839643606738,41.968028807528015,0.36971809041749404,28.821771790002572,1800.01,1167,2,1,12:29:08,1167 2
1720.0363943392265,41.853193086128094,0.33250539804678186,28.812674749689837,1800.14,1167,2,1,12:31:09,1167 2
264.48403358671897,27.956112694630352,0.418384619332123,28.301759106871938,1799.72,1167,3,1,12:51:58,1167 3
201.32477961917223,20.24434858244539,0.4172868689140609,28.2986123893416,1800.09,1167,3,1,12:53:37,1167 3
140.72819914094057,12.808242959445636,0.4474452508806459,28.230615293102055,1800.16,1167,3,1,12:55:07,1167 3
81.08126182544704,4.067947578796039,0.47750505361135087,28.166227012999343,1799.93,1167,3,1,12:56:47,1167 3
50.16659787361491,-0.34806709942412567,0.4953603374812402,28.135509901774107,1799.97,1167,3,1,12:58:19,1167 3
281.7016228595318,27.954083357147667,0.4988512175927161,28.112727733848093,1800.01,1167,3,1,13:00:13,1167 3
264.8641928538272,28.427850891382917,0.4282809849791983,28.246540400600182,1800.01,1167,3,1,13:02:07,1167 3
496.08872190925376,39.750313982526244,0.39766988494074584,28.30582214397175,1800.07,1167,3,1,13:04:07,1167 3
687.0576053800696,44.34210858804349,0.2737785846520752,28.57882374153671,1800.08,1167,3,1,13:06:08,1167 3
939.9250897654605,45.948192789002704,0.24655981434290627,28.64399941365464,1800.13,1167,3,1,13:08:36,1167 3
1383.9698601614964,46.959248603644745,0.22021633578893632,28.708654723559135,1799.84,1167,3,1,13:10:10,1167 3
1535.8337589955345,47.50435008139911,0.1977531108167828,28.761869712590446,1800.19,1167,3,1,13:12:10,1167 3
245.18473142155472,24.608270028135763,0.31598575032915127,29.4956904666445,1800.09,1168,1,1,12:19:43,1168 1
185.44843395079087,17.136312292759765,0.2965377107659417,29.567044446510046,1799.99,1168,1,1,12:21:20,1168 1
131.77148441171005,10.079978833165297,0.2973535653564241,29.57787681050441,1799.97,1168,1,1,12:23:20,1168 1
73.9278216787296,4.013024644450602,0.31674074565815397,29.535943566882548,1799.95,1168,1,1,12:25:21,1168 1
53.82681130733034,-1.1449497592573552,0.3391450078606506,29.488539589874907,1800.17,1168,1,1,12:27:21,1168 1
447.9227501684109,35.31787365308569,0.2783393795057638,29.716820397451393,1800,1168,1,1,12:33:23,1168 1
648.1553585208338,40.52538329850493,0.22480872328438395,29.923118981200105,1799.93,1168,1,1,12:35:23,1168 1
891.0345608677171,41.456444958995306,0.1993461914875781,30.048716569399165,1800.2,1168,1,1,12:37:24,1168 1
1322.2603356159757,43.14676684409641,0.18172230591567903,30.135765357151428,1799.82,1168,1,1,12:39:24,1168 1
1480.9310149135256,43.41210959415555,0.16832058162148741,30.19646513344642,1800.07,1168,1,1,12:41:25,1168 1
252.8100314262091,25.585548469478752,0.3284556950113597,27.17048017854933,1799.77,1168,2,1,09:53:34,1168 2
192.5822004440937,18.766801705199367,0.33060305363536363,27.13454393856888,1799.83,1168,2,1,09:55:13,1168 2
133.92134593602242,11.545765099435856,0.33244094459455725,27.124435516568344,1799.85,1168,2,1,09:56:43,1168 2
79.81903348464407,3.4065147443134993,0.33911380924446727,27.128181736595476,1799.87,1168,2,1,09:58:27,1168 2
51.76539156603297,-0.5466963714038002,0.33893649711169177,27.139522199374916,1799.86,1168,2,1,10:00:27,1168 2
462.07773289789884,39.60217815264106,0.3147008270123088,27.214993471037616,1800.14,1168,2,1,10:05:52,1168 2
682.9498368346228,43.40536045385462,0.2551907206236467,27.325929140591814,1800.11,1168,2,1,10:07:53,1168 2
900.023673461382,43.3542362499853,0.1987932386385967,27.47278120504845,1800.09,1168,2,1,10:09:53,1168 2
1317.7446840013204,42.434006921228914,0.1615293579893181,27.578662030359162,1800.05,1168,2,1,10:11:54,1168 2
1407.988204014567,44.56257070056891,0.1356709003748107,27.658427450082808,1800.07,1168,2,1,10:13:43,1168 2
252.24323764758088,21.677429515932605,0.2686882487425062,27.757096138849008,1800.08,1168,3,1,10:35:26,1168 3
194.55793611587077,15.362750779025673,0.267700968025272,27.79011178388883,1799.92,1168,3,1,10:37:20,1168 3
141.3099920204072,8.581340524425723,0.2729756702818522,27.818077183323044,1800.1,1168,3,1,10:38:58,1168 3
83.027907020788,2.3310786192891255,0.27275460859008144,27.84793431714459,1800,1168,3,1,10:40:43,1168 3
55.91414215724167,-1.1296404606430868,0.2744219112474799,27.8606482166407,1800.2,1168,3,1,10:42:14,1168 3
454.58868419008917,34.12193480065813,0.2549209391365692,27.975764677006733,1799.86,1168,3,1,10:47:42,1168 3
649.2245419199742,38.617968252316345,0.19852183649724234,28.116130447689198,1800.04,1168,3,1,10:49:43,1168 3
829.035321459706,40.19096312136505,0.15138153102077484,28.275555589937863,1799.91,1168,3,1,10:51:43,1168 3
1191.3836107035233,40.68816157695595,0.11812470261748298,28.383663450086534,1800.08,1168,3,1,10:53:44,1168 3
1311.6928805486593,39.27839167837409,0.10027064678791614,28.482930569007042,1799.96,1168,3,1,10:55:44,1168 3
148.77732723082656,4.239658085559116,0.04918961070621595,28.43551618504247,1799.98,1169,1,1,14:41:31,1169 1
112.83017289831949,2.456622741212879,0.050188363918318525,28.456695471621952,1799.95,1169,1,1,14:43:02,1169 1
82.60442462372458,0.4237706921400739,0.05234727448197338,28.45169244739203,1799.96,1169,1,1,14:45:03,1169 1
60.93317523931121,-0.43584806527233316,0.053733090100502874,28.458598377495917,1799.96,1169,1,1,14:46:42,1169 1
366.0593993593788,4.725498987974843,0.02472967609571785,28.667157501359114,1799.88,1169,1,1,14:52:43,1169 1
632.1160911384127,3.6350143533914614,0.017751562448197797,28.690352771223985,1800.21,1169,1,1,14:54:44,1169 1
921.0845837034444,3.0235452364658366,0.014870379915572125,28.71077185555095,1800.19,1169,1,1,14:56:44,1169 1
1334.5457370015495,3.3645708463096873,0.013774942545594896,28.73094927877701,1800.14,1169,1,1,14:58:45,1169 1
1451.5652931842112,3.756530355874707,0.012885996261053643,28.73427033868267,1800.12,1169,1,1,15:00:45,1169 1
195.91124782670164,9.830841458534092,0.0851308258371441,28.375368414336208,1800.1,1169,2,1,14:32:30,1169 2
158.73196471855314,6.5339813225761745,0.08236726482714378,28.415539797165422,1800.08,1169,2,1,14:34:10,1169 2
117.91606368953593,3.735806577814601,0.08221254839126173,28.388424826650446,1799.75,1169,2,1,14:35:54,1169 2
81.16535521951194,0.757295397472219,0.08435271326894803,28.348935189742154,1800.08,1169,2,1,14:37:31,1169 2
55.669122157662926,-0.4186747384543428,0.0877414683773868,28.322576853464025,1800.04,1169,2,1,14:39:01,1169 2
321.3594817334608,14.02544372873951,0.06469061105832877,28.478950438822945,1799.76,1169,2,1,14:44:40,1169 2
416.80321126065326,12.037240149161356,0.03544669825208201,28.622524080593113,1800.12,1169,2,1,14:46:40,1169 2
565.2907028946721,10.92931791348509,0.025528231785290754,28.70186643738657,1800.01,1169,2,1,14:48:41,1169 2
761.4181233694538,12.988710148012991,0.021392899806934106,28.734453988912694,1799.99,1169,2,1,14:50:41,1169 2
932.5866881562565,11.81889986989566,0.01905989206908052,28.738805386844767,1800.01,1169,2,1,14:52:42,1169 2
181.53836167492258,7.65750716157513,0.06113197144924198,28.589978058557392,1799.91,1169,3,1,15:14:15,1169 3
149.2747657120676,5.1138817879993255,0.05960774869752802,28.602132187788296,1799.89,1169,3,1,15:15:47,1169 3
110.84064436063761,3.00499339104277,0.05995157484090333,28.625573492977477,1799.87,1169,3,1,15:17:48,1169 3
87.70180115255582,0.29505946064669636,0.06090706069521322,28.62107756832241,1800.16,1169,3,1,15:19:36,1169 3
59.75373192634847,-0.4600162027654304,0.061613761509036226,28.60199582272535,1800.15,1169,3,1,15:21:19,1169 3
282.65467752797036,11.665311537142342,0.04817458994791161,28.71925969711147,1799.87,1169,3,1,15:27:11,1169 3
392.1605773209644,11.148818244352139,0.03137016529960475,28.824677269890838,1799.86,1169,3,1,15:29:12,1169 3
1039.2357760910913,10.039308264585777,0.018180744271990734,28.922177843372843,1800.05,1169,3,1,15:35:14,1169 3
191.71810225266756,16.020054837803457,0.13602889154624256,27.6354695114088,1799.86,1170,2,1,14:38:10,1170 2
156.78660819265906,11.396944302526284,0.14175830418162522,27.5733953387085,1799.93,1170,2,1,14:39:58,1170 2
115.90727213991639,7.206563036093007,0.1547187351825648,27.557671888390335,1799.9,1170,2,1,14:41:40,1170 2
73.45691782758279,2.3877430888018374,0.16968798675998956,27.451377523748643,1800.01,1170,2,1,14:43:19,1170 2
50.662228384091414,-0.21596959195595036,0.19037862942921555,27.3990996928937,1800.05,1170,2,1,14:45:20,1170 2
330.5589004604687,20.93115322361159,0.09865185377159155,27.748627196414013,1799.95,1170,2,1,14:50:53,1170 2
482.9999276705422,20.002130001104064,0.0666002400465113,27.904059984048597,1800.22,1170,2,1,14:52:54,1170 2
628.2072697005499,24.71639036192498,0.0632303604593087,27.85040526904577,1800,1170,2,1,14:54:33,1170 2
984.7144084803418,22.28205847832841,0.047064947387861746,27.956061288951254,1799.97,1170,2,1,14:56:34,1170 2
1057.2126382707088,24.574215624496127,0.044707733524523896,27.987010383333114,1799.93,1170,2,1,14:58:35,1170 2
186.62907923709182,15.734923984973047,0.13001539807758944,28.059214654029645,1799.85,1175,3,1,11:13:48,1175 3
147.49251920058225,11.410944602108362,0.1323155727641663,28.01389714985256,1800.03,1175,3,1,11:15:48,1175 3
111.8602508032141,7.031773249030341,0.14305171794812413,27.951396100548237,1799.87,1175,3,1,11:17:47,1175 3
73.21860546209935,2.2476432557183665,0.15787409228184898,27.86697129641258,1800,1175,3,1,11:19:50,1175 3
56.92136978746281,-0.8524098143022526,0.17197305328785975,27.82167936322967,1800.08,1175,3,1,11:21:50,1175 3
307.3389617833092,24.118626309500875,0.10717979678076368,27.9575745517455,1800.01,1175,3,1,11:27:39,1175 3
418.08221380491347,26.22472746865368,0.0775859990545964,28.050998524498848,1799.82,1175,3,1,11:29:39,1175 3
571.5935892075871,30.292732761695635,0.07159503317388399,28.053605142794055,1799.9,1175,3,1,11:31:40,1175 3
837.8089667416621,33.44595982185132,0.05973547374470674,28.098754539919074,1799.98,1175,3,1,11:33:40,1175 3
938.7710575331299,31.804801889755723,0.05139976735066617,28.108307726775145,1800.02,1175,3,1,11:35:44,1175 3
221.32776364717026,10.02880934146495,0.09965537122873992,28.562811562907317,1800.06,1178,2,1,10:54:26,1178 2
177.99311648620463,6.94878064572666,0.1021057867506262,28.571137756451837,1800.01,1178,2,1,10:56:03,1178 2
130.84716339681407,4.171741723362028,0.1101928180072835,28.548993934170795,1800,1178,2,1,10:57:48,1178 2
85.91263001725453,0.7778038340326905,0.12235017921103625,28.51500084624469,1799.95,1178,2,1,10:59:48,1178 2
62.02624389448791,-1.0959684471817814,0.1310656367365647,28.47507992895234,1800.01,1178,2,1,11:01:33,1178 2
365.679360422275,13.948115616579273,0.07293453776920236,28.443624442126605,1800.19,1178,2,1,11:07:09,1178 2
484.7860755299479,13.219015222304641,0.044111181919424175,28.470370113962954,1800.11,1178,2,1,11:09:10,1178 2
642.2557251254626,16.43191948967795,0.042995908968609386,28.37430822863409,1799.73,1178,2,1,11:11:10,1178 2
942.2072397539438,18.527312612973432,0.0372539815701817,28.3190560479814,1800.02,1178,2,1,11:13:11,1178 2
1120.3690422203113,16.278212420410984,0.03211776852788099,28.311826458843324,1799.87,1178,2,1,11:15:11,1178 2
198.02315408284005,17.141518196501153,0.15163523393415596,28.093992190870356,1800.04,1178,3,1,11:08:05,1178 3
157.38486877993816,12.678721947329798,0.15976018297871758,27.928375292418238,1799.87,1178,3,1,11:09:36,1178 3
117.38191751036709,8.071713439020767,0.1784755333406988,27.738668560843752,1800.09,1178,3,1,11:11:34,1178 3
73.3458547928405,2.7612335873303944,0.19755039112232978,27.672175307946485,1799.94,1178,3,1,11:13:09,1178 3
52.732680975475176,-0.5062795758463032,0.21296764736901014,27.584873521297737,1800.06,1178,3,1,11:14:45,1178 3
298.8887418737313,20.411126286106487,0.0877639385031513,27.70367988559761,1800.15,1178,3,1,11:20:22,1178 3
377.2538184587585,23.162443784862372,0.06323903920277736,27.721097892642405,1799.96,1178,3,1,11:22:22,1178 3
494.4540177042277,27.467632892369483,0.05785154014106003,27.74365802167971,1800.07,1178,3,1,11:24:23,1178 3
762.3230723235426,24.629670752898903,0.04014621639644836,27.788037219703654,1800.16,1178,3,1,11:26:23,1178 3
854.6263159504686,26.359648283529314,0.0389417329377253,27.733692449427608,1799.96,1178,3,1,11:28:24,1178 3
281.64598846211067,22.315336319521204,0.37378899277547595,27.514310528831334,1799.96,1180,3,1,15:36:21,1180 3
209.53449840269374,17.281103302334785,0.37808821985197505,27.491991348078678,1799.98,1180,3,1,15:37:53,1180 3
144.80846416380635,10.751022170912764,0.39084482637521817,27.472496092089106,1799.97,1180,3,1,15:39:24,1180 3
81.85108758652935,3.4656708798182225,0.4105425861687045,27.427262520208707,1799.98,1180,3,1,15:40:54,1180 3
52.03410974070435,-0.829534601460479,0.4293982036541263,27.3840980580546,1799.97,1180,3,1,15:42:26,1180 3
567.4511905206788,27.06239050081065,0.4385361236687074,27.368482793775794,1800.19,1180,3,1,15:47:28,1180 3
844.8823901595496,27.212344532320497,0.3879015711522359,27.478512382423084,1799.94,1180,3,1,15:49:29,1180 3
1120.7337582557418,27.050767550150738,0.3396432351737424,27.59588744445952,1800.21,1180,3,1,15:51:29,1180 3
1588.4602953046292,27.579727492361542,0.3057077822320234,27.61857268919713,1799.97,1180,3,1,15:53:30,1180 3
1760.114618630605,28.018041998266956,0.27040740656131396,27.748222739764035,1799.97,1180,3,1,15:55:30,1180 3
203.49293969790213,15.72351461526291,0.13978340487417198,27.78308042505608,1800.19,1181,1,1,14:02:14,1181 1
167.80143399311962,10.563372422772584,0.14074433910941914,27.86610409718343,1799.88,1181,1,1,14:03:49,1181 1
120.98135258623984,6.411783589284901,0.14398711492683358,27.926625069896165,1799.82,1181,1,1,14:05:21,1181 1
76.08436516798977,1.8502144566759504,0.14351211267561836,27.860319604769767,1800.07,1181,1,1,14:07:07,1181 1
54.85898527751294,-0.5370715378112776,0.14519083478806247,27.825912829409706,1800.09,1181,1,1,14:08:37,1181 1
374.5392334348352,25.502924648382027,0.1374868354698843,27.893012286367803,1800.06,1181,1,1,14:13:33,1181 1
543.9518759808439,31.238920740428295,0.11968410458895543,28.073508438039326,1799.95,1181,1,1,14:15:33,1181 1
699.7252342097221,33.822885163056796,0.09768989047357943,28.165764959266745,1799.86,1181,1,1,14:17:34,1181 1
999.3633858634483,35.606785671657704,0.07672046774090992,28.174311106636647,1800.05,1181,1,1,14:19:34,1181 1
1093.8200692218225,31.897791648464853,0.06040871361654446,28.253203436473576,1800.28,1181,1,1,14:21:35,1181 1
186.73227583056075,17.92268476686653,0.3005607511530035,28.635192447633663,1800.11,1181,2,1,12:16:02,1181 2
132.45182303307695,10.925109801288931,0.3105927621605068,28.61488251605803,1800.09,1181,2,1,12:17:48,1181 2
80.16210840715789,3.2683611902688887,0.3387778549837473,28.553402992931165,1800.12,1181,2,1,12:19:24,1181 2
53.77482397547149,-0.9275134195242016,0.3333370865868794,28.566157638524718,1799.83,1181,2,1,12:20:59,1181 2
322.4703221346381,19.941061760208385,0.09063210139642472,28.46821237715714,1799.99,1181,2,1,12:26:51,1181 2
412.31081905688046,21.388317485414564,0.06153292888401412,28.458796809959814,1800.02,1181,2,1,12:28:51,1181 2
600.0008654332663,24.027433863985056,0.05815150014388506,28.287886740971853,1799.75,1181,2,1,12:30:52,1181 2
769.2744471459985,26.056214074057504,0.04246362194904163,28.33257514882609,1799.95,1181,2,1,12:32:52,1181 2
202.20213528124603,11.362532046764509,0.10043850823772171,27.601026199748826,1799.87,1181,3,1,13:42:48,1181 3
158.2428231077153,5.891975553121696,0.07198157059364922,27.69893014513007,1800.14,1181,3,1,13:44:27,1181 3
118.42944413525272,3.0682264878081513,0.06563575701602528,27.717514193221476,1800.14,1181,3,1,13:46:10,1181 3
81.65210182145347,0.6139816595011495,0.064269091829671,27.670332251405863,1799.92,1181,3,1,13:47:56,1181 3
59.27612238912038,-0.4298521586225003,0.06507320005745579,27.65462034949413,1800.21,1181,3,1,13:49:45,1181 3
305.44115825355766,12.431240590131718,0.05360945189650065,27.665177885305095,1799.91,1181,3,1,13:55:06,1181 3
455.5359703574519,12.352895719775933,0.03842132403494953,27.709887052910652,1799.92,1181,3,1,13:57:06,1181 3
741.2134287586334,10.887819630591947,0.033484357417167106,27.85972423494767,1800.12,1181,3,1,13:59:07,1181 3
1070.9097231965457,12.098830528781177,0.028588389520999992,27.948587031113835,1800.07,1181,3,1,14:01:07,1181 3
1286.431004557669,9.558738393989831,0.023269068262942096,27.856329260235125,1799.82,1181,3,1,14:03:08,1181 3
214.87262289650099,12.04008647993285,0.11319746831949655,29.14343842670708,1800,1183,1,1,10:10:32,1183 1
170.20209225050255,8.54119808521813,0.11504649818644344,29.136728142752684,1800.01,1183,1,1,10:12:12,1183 1
126.31178842893286,5.350293971671404,0.1286612339785693,29.080182345066454,1800.02,1183,1,1,10:14:13,1183 1
82.07914017871553,1.1920864131650912,0.12823903796013064,29.074141805288697,1800.02,1183,1,1,10:15:43,1183 1
61.57683880454089,-1.0780383055789207,0.13899188102597293,29.071543877280252,1800.05,1183,1,1,10:17:17,1183 1
378.42847990032055,24.349404504848234,0.1327088540685618,29.080456305695524,1800.03,1183,1,1,10:22:59,1183 1
581.3880271622602,31.456586759354817,0.13247748146183844,29.08171881174108,1800.02,1183,1,1,10:24:58,1183 1
828.1505783089561,35.31728648041773,0.13333662591820375,29.077869460156816,1799.99,1183,1,1,10:26:58,1183 1
1265.5557404134481,39.249247625306666,0.13306621614187292,29.091397378594806,1800,1183,1,1,10:28:59,1183 1
1408.529642654058,40.718084541720046,0.12437831862889148,29.137078784000146,1799.97,1183,1,1,10:30:59,1183 1
276.89335273913713,28.544480803740576,0.4845644468315868,27.60778371905106,1800.12,1183,2,1,08:14:01,1183 2
208.6750961642262,21.313168380278427,0.4885313374862456,27.63453647104861,1800.03,1183,2,1,08:15:32,1183 2
144.59884051637752,12.886649604622283,0.49187099306984305,27.65210534414725,1799.94,1183,2,1,08:17:10,1183 2
82.18202918139981,3.93753429076646,0.4946925973047336,27.67565869770176,1799.87,1183,2,1,08:18:46,1183 2
53.12937748662718,-1.1383013200618277,0.4972610591356699,27.684239595513958,1799.82,1183,2,1,08:20:17,1183 2
528.7378670504391,37.89287981582907,0.4706101848058065,27.76352255690827,1799.98,1183,2,1,08:25:23,1183 2
807.2084542173701,38.78452645275998,0.4360235007443123,27.846299353896146,1799.89,1183,2,1,08:27:23,1183 2
1078.8833656437248,39.90026856728792,0.3922676547651739,27.938864580868486,1800.18,1183,2,1,08:29:24,1183 2
1551.4808988466918,39.61991963398217,0.3569885639989589,28.03077410815267,1800.07,1183,2,1,08:31:24,1183 2
1734.887492835725,39.56607573915635,0.33547925669701023,28.08822616837935,1800.03,1183,2,1,08:32:58,1183 2
244.31237190754064,7.448457818811358,0.08625193085366391,28.72325883286326,1800,1183,3,1,14:31:36,1183 3
185.25972621823993,5.504696608315947,0.08662215466707267,28.72913274613154,1800.03,1183,3,1,14:33:30,1183 3
137.06053773244625,3.139567336443581,0.09255730735260409,28.682349629925625,1800.07,1183,3,1,14:35:19,1183 3
84.01303679047571,0.7658815035988501,0.1025637075745543,28.639190863049606,1799.78,1183,3,1,14:37:09,1183 3
57.28955432856133,-0.6532925945396549,0.11630821764508903,28.598066906463433,1800.11,1183,3,1,14:39:01,1183 3
419.6618191742557,14.776828164210425,0.09530400414510463,28.746909444522235,1800.02,1183,3,1,14:44:02,1183 3
607.0110448364725,19.368396813631332,0.08904840572379748,28.781467213640155,1800.01,1183,3,1,14:46:02,1183 3
827.4755573258185,21.218869988965388,0.08170481103342374,28.835351306416182,1800.24,1183,3,1,14:48:03,1183 3
1237.9905029139795,22.801894141219197,0.07525279774452893,28.869269706826646,1799.96,1183,3,1,14:50:03,1183 3
1387.8542396434332,22.427035826556722,0.0680685300868366,28.91008484875713,1799.78,1183,3,1,14:52:04,1183 3
258.0715734119502,6.078824703362441,0.07836459900162618,28.68012874412247,1800.1,1186,2,1,14:35:03,1186 2
194.0574213707152,4.562251219969008,0.07884373886712809,28.67926486923519,1800.04,1186,2,1,14:36:40,1186 2
147.31011519722117,2.257101537689708,0.08256710647345702,28.677575078721006,1800.08,1186,2,1,14:38:14,1186 2
83.71700915770684,0.6684060602486531,0.09036231763678848,28.64858601554509,1800.07,1186,2,1,14:39:58,1186 2
63.649487871817406,-0.9790921961454482,0.09957687075250046,28.63240467016574,1800.03,1186,2,1,14:41:34,1186 2
406.4993351804002,12.39231819882952,0.07559800720655854,28.748445282230243,1799.99,1186,2,1,14:47:02,1186 2
609.9567223294384,13.334508567314982,0.061519413530756434,28.81554208165044,1799.97,1186,2,1,14:49:03,1186 2
853.4099770567803,13.857029687737356,0.05679240881212416,28.84332355581518,1799.95,1186,2,1,14:51:03,1186 2
1190.6063483369269,17.787111381844426,0.05348507183034906,28.86269061071159,1800.18,1186,2,1,14:53:04,1186 2
1350.6405003924324,17.67587209937133,0.050165870166447794,28.88502980075753,1799.89,1186,2,1,14:55:04,1186 2
208.07207380766746,13.158562069762569,0.11804660292319548,28.880303005105702,1800.03,1186,3,1,12:24:09,1186 3
165.80948716432212,10.08088577451668,0.13003067486504424,28.780290408606135,1799.99,1186,3,1,12:26:10,1186 3
120.33411605940937,5.692116246311778,0.12439278620257331,28.771397712241082,1800.02,1186,3,1,12:27:40,1186 3
82.82435190267078,1.36344258943025,0.15231502264398322,28.727685778631077,1800.02,1186,3,1,12:29:16,1186 3
59.29469681882327,-1.014258567356878,0.1586778429501011,28.678648740768622,1799.77,1186,3,1,12:30:49,1186 3
346.60321642790854,26.4054922343228,0.12845294889670208,28.767283006567936,1799.99,1186,3,1,12:36:50,1186 3
496.4421752288446,30.661712442090987,0.1041153261075976,28.906155856420604,1799.96,1186,3,1,12:38:51,1186 3
627.3679913038688,33.26677015834376,0.08399928111396984,28.959270446123625,1799.93,1186,3,1,12:40:51,1186 3
996.8141490185739,37.94299939339046,0.08080276794572362,29.005039725884902,1799.9,1186,3,1,12:42:51,1186 3
1141.7604684347039,36.52785626669993,0.07286269283974492,29.033457049182033,1799.88,1186,3,1,12:44:52,1186 3
186.70689439860985,5.405420775306224,0.04311690825799321,27.977362403162648,1800.15,1190,1,1,15:26:15,1190 1
154.00030086871485,3.892467424954937,0.04567797716648728,27.99565930506639,1800.12,1190,1,1,15:27:51,1190 1
120.31558796237607,2.2334369889820063,0.048779902965519456,28.03936562325787,1799.75,1190,1,1,15:29:27,1190 1
77.5551573291443,0.633741562615967,0.05251907496710228,28.00921457558612,1799.78,1190,1,1,15:31:00,1190 1
62.08341593604148,-0.4975539775122382,0.05921997819918037,28.077685302467078,1799.99,1190,1,1,15:32:43,1190 1
294.4244205702173,7.996032532667637,0.03325374096012479,28.185188858361663,1799.9,1190,1,1,15:38:30,1190 1
418.4496299019659,9.850633001625505,0.028501327452022548,28.185419688020893,1799.87,1190,1,1,15:40:21,1190 1
540.2156295912737,11.822541591367251,0.026139462799281962,28.169694386658644,1799.85,1190,1,1,15:42:22,1190 1
870.6273761867046,13.500269656451312,0.024583450323448424,28.15606842426413,1800.14,1190,1,1,15:44:22,1190 1
1042.8383216265831,14.062809687059664,0.024987972505112154,28.218188916789792,1800.11,1190,1,1,15:46:23,1190 1
299.3638450864529,21.321303994573096,0.42760054578895357,28.09622552270381,1799.81,1190,3,1,11:09:29,1190 3
225.57717722332293,15.776167839794239,0.42978022462437365,28.110633614269354,1799.79,1190,3,1,11:11:09,1190 3
154.30470088734253,9.786391237622773,0.4387593906834284,28.110276678579734,1800.03,1190,3,1,11:12:42,1190 3
88.1059113622546,2.341457876787776,0.459931909993297,28.09348584556559,1799.99,1190,3,1,11:14:17,1190 3
52.83186220018732,-1.0315435059663862,0.4774580894340286,28.07162669399814,1799.96,1190,3,1,11:15:48,1190 3
582.0403926460439,25.798497948964993,0.47290444200869264,28.11917024930036,1799.78,1190,3,1,11:21:01,1190 3
856.5470269424131,26.021742232088357,0.39783212316964106,28.263543909856978,1800.07,1190,3,1,11:23:02,1190 3
1128.132650193745,26.678650209995947,0.34173160854023044,28.385007164746934,1800,1190,3,1,11:25:02,1190 3
1596.7687896603195,27.98343071840937,0.31344387754862735,28.45543146302945,1799.96,1190,3,1,11:26:52,1190 3
1777.483239190363,28.41324509538463,0.2911914844002232,28.514728714487283,1799.95,1190,3,1,11:28:43,1190 3
255.44878766462088,20.120595382281316,0.2610791283715748,27.755661475714554,1799.99,1196,3,1,10:15:19,1196 3
195.11454937647355,14.632966296271473,0.26250208922734336,27.794266276680204,1800.13,1196,3,1,10:16:52,1196 3
138.04850594989395,8.54303480653123,0.2626794602001624,27.847395705610477,1800,1196,3,1,10:18:23,1196 3
81.3140776391138,2.4336115495027775,0.26682744564740307,27.89050775482887,1799.87,1196,3,1,10:20:02,1196 3
52.5091641582087,-0.5962833033513982,0.2674756969787138,27.92506043091086,1800.04,1196,3,1,10:21:40,1196 3
464.63116832395934,32.08598463166759,0.2573265616599768,28.06956239736804,1799.99,1196,3,1,10:26:24,1196 3
712.0009869826706,35.728706269904194,0.23650971037284427,28.157629296213116,1800.15,1196,3,1,10:28:24,1196 3
964.0724996642263,37.52117795197178,0.2139580436747923,28.240898289184866,1800.06,1196,3,1,10:30:25,1196 3
1419.5238396787302,36.41712399773986,0.187844948716599,28.36331307576504,1799.96,1196,3,1,10:32:25,1196 3
1551.5663939927067,37.77656444924728,0.16226165060202954,28.48214077302059,1799.83,1196,3,1,10:34:26,1196 3
242.85044194253246,21.9169747453343,0.27645617230830766,28.11590844759331,1799.95,1198,1,1,11:29:55,1198 1
184.9292501090636,16.186261312666307,0.2796922767439515,28.1460285558824,1799.87,1198,1,1,11:31:29,1198 1
130.78909664298203,9.782890103008437,0.285248642126876,28.13795051858212,1799.84,1198,1,1,11:33:00,1198 1
77.29109106120349,3.0533955610009307,0.2891586234747953,28.11934239971864,1800.12,1198,1,1,11:34:38,1198 1
49.97323909058159,-0.26204162939994413,0.28985516417492185,28.096553922016145,1800.12,1198,1,1,11:36:10,1198 1
449.4867460259667,33.65629555154302,0.2679800896865908,28.080160584737605,1800.13,1198,1,1,11:41:19,1198 1
693.4355974235314,37.66125924261014,0.2474206967885696,28.157599122607913,1800.13,1198,1,1,11:43:20,1198 1
949.0087420399551,38.59034819607665,0.22364003614762099,28.25796929563531,1799.79,1198,1,1,11:45:20,1198 1
1393.1760041645653,39.49373749122583,0.20159383576434234,28.309242785904946,1799.8,1198,1,1,11:47:21,1198 1
1559.7676334475066,38.35086317428294,0.18086334960149975,28.356695386680244,1800.1,1198,1,1,11:49:22,1198 1
239.67876562600034,22.862198596292707,0.28247838007275006,28.025829756331426,1800.04,1198,2,1,10:51:04,1198 2
183.81329943352844,16.77133073012894,0.2874338071477378,28.018286961090155,1800.02,1198,2,1,10:52:57,1198 2
130.98583406892362,10.00177393619222,0.29273601189052484,28.00945936862111,1800.01,1198,2,1,10:54:55,1198 2
76.77415660498038,3.2532834874457985,0.2978984075277639,27.997175615798273,1800.02,1198,2,1,10:56:49,1198 2
50.66389212718439,-0.3572474967229725,0.30120199559768407,27.942394782539033,1800.02,1198,2,1,10:58:20,1198 2
451.4603268961143,35.75518304790872,0.2900665588642436,27.91967005088524,1800.06,1198,2,1,11:03:36,1198 2
702.0226178597759,39.822225186029364,0.2722625808642218,28.007977347684456,1800.05,1198,2,1,11:05:12,1198 2
963.4531847469858,39.54727401487236,0.24076087657957376,28.101150630359168,1800.04,1198,2,1,11:07:13,1198 2
1407.3148899713624,39.15362503408641,0.20681755651681794,28.147407761673275,1800.01,1198,2,1,11:09:13,1198 2
1536.717649055729,40.14738083093978,0.17559880477760229,28.303755856751547,1799.99,1198,2,1,11:11:14,1198 2
238.43098329652645,17.628431228876927,0.20413664929352185,28.10186057857162,1800.29,1198,3,1,11:49:08,1198 3
182.12077683524092,12.621964772685507,0.20054683322073982,28.121355742838638,1800,1198,3,1,11:51:02,1198 3
131.13976229476216,7.587913378890793,0.209205858498672,28.097074434288494,1799.98,1198,3,1,11:52:36,1198 3
80.03376504868034,2.1140458362739922,0.21438761631269843,28.107126312721157,1800.01,1198,3,1,11:54:10,1198 3
54.12671689740826,-0.674652949925934,0.22160736073562456,28.098725052845534,1800.08,1198,3,1,11:55:40,1198 3
408.54788644628763,25.39357865001709,0.15926282964212163,28.27746569881462,1800.01,1198,3,1,12:01:06,1198 3
568.1989486257343,26.790624972597417,0.11044756522294419,28.409741296974452,1800.01,1198,3,1,12:03:07,1198 3
765.9422174298828,27.346128455675352,0.0904949868167471,28.47794485552545,1800,1198,3,1,12:05:07,1198 3
1057.7293848613072,30.39101781313749,0.07160620824444545,28.533640442288238,1799.97,1198,3,1,12:07:08,1198 3
1183.7240988690746,28.465710569378455,0.06076964460844149,28.574438863363035,1799.97,1198,3,1,12:09:08,1198 3
244.51394992822566,17.338140078848504,0.2095627059643841,27.993987586800586,1799.86,1201,1,1,12:56:06,1201 1
184.12980257606392,12.518588821738259,0.20257272306295085,27.977060414373714,1799.93,1201,1,1,12:57:40,1201 1
132.14047099227452,7.125385383563911,0.1998627594282515,27.966845127070908,1800,1201,1,1,12:59:11,1201 1
83.25253070554476,1.5179713956648997,0.19940619213715613,27.969955586058667,1800.08,1201,1,1,13:00:44,1201 1
53.21066900459226,-0.5927391163547846,0.2009083937135625,27.944417636539555,1800.11,1201,1,1,13:02:16,1201 1
432.8705612599669,26.461668338294466,0.18540095678649712,27.985844242674585,1799.91,1201,1,1,13:07:04,1201 1
641.64152004687,26.22815720991985,0.13568219715489707,28.160122768987485,1800.25,1201,1,1,13:09:04,1201 1
852.2846101428531,26.273975651838008,0.10834064757843988,28.254876552247023,1800.26,1201,1,1,13:11:05,1201 1
1235.227821938055,27.526067320161875,0.09058542474027832,28.320768314772337,1800.01,1201,1,1,13:13:05,1201 1
1369.0963355606054,26.037391654483248,0.07635067449926096,28.368068028064535,1800.05,1201,1,1,13:15:06,1201 1
253.43368024649848,25.707213121358603,0.3418770626501619,28.73304954881119,1799.97,1201,2,1,11:53:20,1201 2
196.36676756466207,18.0820338997537,0.34256522402530853,28.75459920495342,1799.97,1201,2,1,11:54:51,1201 2
137.1444265725746,10.98092672478038,0.34688753663723815,28.751075597536474,1799.95,1201,2,1,11:56:21,1201 2
80.3494242961132,3.29704121642152,0.35696031939638484,28.730844051209626,1799.91,1201,2,1,11:57:52,1201 2
52.62436179138156,-0.8362900459568895,0.3660939597623763,28.72922168052113,1799.9,1201,2,1,11:59:27,1201 2
500.2409281641043,34.582882507381335,0.3481417112868913,28.79888564982878,1800.09,1201,2,1,12:04:39,1201 2
762.20060732864,35.588955848047554,0.3036155186066013,28.893091343425727,1800.05,1201,2,1,12:06:39,1201 2
1013.4437808093344,36.786303507355555,0.2602309823634233,29.012127034045307,1800.05,1201,2,1,12:08:40,1201 2
1449.9918991611476,37.48863082994333,0.21896926759925325,29.126919830976465,1800.01,1201,2,1,12:10:40,1201 2
1586.6330472719742,38.32750252686777,0.18585200782962943,29.240272760637602,1800.01,1201,2,1,12:12:41,1201 2
265.81667566372613,16.749836439559083,0.23464570544656133,27.645091932877605,1800.09,1201,3,1,10:16:36,1201 3
200.1155058797869,12.445586838954595,0.2342080086942705,27.712564158644575,1799.96,1201,3,1,10:18:08,1201 3
140.31032797439107,7.437743970161875,0.23651388060687226,27.748377537423362,1800.07,1201,3,1,10:19:42,1201 3
84.27235387463244,1.817018631105007,0.24136777209977245,27.773274231117494,1799.93,1201,3,1,10:21:13,1201 3
55.98745544104593,-1.0467863664709727,0.24794525189278782,27.796214996888896,1800.09,1201,3,1,10:22:43,1201 3
505.2539302426212,24.095498309042444,0.23685878887289993,27.928325751237423,1799.95,1201,3,1,10:27:19,1201 3
763.2885066756377,24.23936088720731,0.1969950022712885,28.06866892813923,1800.1,1201,3,1,10:29:20,1201 3
1029.1501154092716,23.226387546767068,0.16647435793874704,28.16930861301019,1799.97,1201,3,1,10:31:20,1201 3
1475.5113145994774,23.14509684768927,0.14081749596968235,28.29403911371905,1800.12,1201,3,1,10:33:21,1201 3
1615.8114174408465,23.947561916870793,0.12076462814216571,28.389064578246455,1799.98,1201,3,1,10:35:21,1201 3
268.2493743,39.84876368,0.649502114,27.21175456,1799.84,1216,1,1,0.47987268518518517,1216 1
199.1468357,30.1991592,0.640600469,27.21754381,1799.86,1216,1,1,0.4812731481481482,1216 1
139.5942409,18.53218766,0.667731078,27.18363437,1800.12,1216,1,1,0.48234953703703703,1216 1
80.35798509,5.828395101,0.683590672,27.15459445,1800.16,1216,1,1,0.48343749999999996,1216 1
51.5006058,-0.961990872,0.714006938,27.11214705,1800.16,1216,1,1,0.48449074074074078,1216 1
524.3974827,51.87987156,0.650321729,27.21037535,1799.84,1216,1,1,0.48842592592592587,1216 1
793.6976248,51.61281191,0.54671884,27.39895901,1799.86,1216,1,1,0.48982638888888891,1216 1
1039.424316,52.36690519,0.423579082,27.6349345,1800.11,1216,1,1,0.49121527777777779,1216 1
1487.249406,51.95603913,0.349238382,27.79058629,1800.09,1216,1,1,0.49261574074074077,1216 1
255.7039677,42.33722614,0.642323044,27.62285551,1800.05,1216,2,1,0.62243055555555549,1216 2
192.9481626,31.44658987,0.642649553,27.59281533,1800.11,1216,2,1,0.62370370370370376,1216 2
134.2246641,19.50670992,0.654434098,27.56279226,1799.88,1216,2,1,0.62489583333333332,1216 2
77.82956222,6.4313525,0.67050364,27.51547807,1799.93,1216,2,1,0.62594907407407407,1216 2
50.53693692,-0.58464305,0.725692714,27.42448608,1799.97,1216,2,1,0.62700231481481483,1216 2
480.7152272,57.45128862,0.562780858,27.53975641,1800.05,1216,2,1,0.63118055555555552,1216 2
720.6410481,59.3462899,0.44140318,27.69996685,1799.91,1216,2,1,0.63255787037037037,1216 2
990.8627189,59.90855109,0.403491867,27.80474762,1799.98,1216,2,1,0.63425925925925919,1216 2
1465.177405,58.89144321,0.374498256,27.84295318,1799.82,1216,2,1,0.63564814814814818,1216 2
202.4954839,18.07782386,0.383891748,28.46193668,1800.01,1216,3,1,0.63809027777777783,1216 3
141.6982529,10.77554538,0.388074202,28.45398107,1800.08,1216,3,1,0.63928240740740738,1216 3
80.32585745,3.552578414,0.398716043,28.4032655,1800.15,1216,3,1,0.64041666666666663,1216 3
50.89385795,-0.456653219,0.406141517,28.343441,1800.23,1216,3,1,0.64146990740740739,1216 3
499.598522,37.58167635,0.394775282,28.28463279,1800.12,1216,3,1,0.64519675925925923,1216 3
768.5196552,41.28473075,0.382542299,28.34973538,1799.87,1216,3,1,0.64642361111111113,1216 3
1047.804384,43.12468001,0.374295002,28.3956504,1799.89,1216,3,1,0.64782407407407405,1216 3
1528.996557,43.92158595,0.369606547,28.39193089,1799.91,1216,3,1,0.64921296296296294,1216 3
253.1323871735643,19.426602164221254,0.2550698259225611,28.046027721275962,1800.1,1219,2,1,09:11:05,1219 2
193.94837245500798,14.29111403867412,0.26153224747271137,28.040383974273727,1800.05,1219,2,1,09:12:59,1219 2
136.31918802500087,8.636942752844272,0.265936728223853,28.04388058316636,1800.05,1219,2,1,09:14:41,1219 2
78.7724017219612,2.821169947435699,0.2715833490369264,28.01685094739131,1800.06,1219,2,1,09:16:12,1219 2
51.29336633330197,-0.3963091889504321,0.28452966900353394,27.95578953927445,1799.78,1219,2,1,09:17:43,1219 2
496.6754576099332,30.417955550963544,0.3006592344847483,27.947574011844225,1800.09,1219,2,1,09:22:49,1219 2
756.1567152842797,35.031843342043906,0.2926041093621008,27.96992984577388,1800.09,1219,2,1,09:24:33,1219 2
1026.52179229247,36.953311617091344,0.2789559143278681,28.016175978958337,1800.09,1219,2,1,09:26:34,1219 2
1493.465497186075,38.77125110887925,0.26813565423874436,28.054423602776566,1800.06,1219,2,1,09:28:34,1219 2
1662.9352922335593,39.31941125309948,0.245541791540142,28.141322934081117,1800.02,1219,2,1,09:30:27,1219 2
196.78288677862915,17.053923295220976,0.1509474160505516,26.760608584344403,1799.94,1223,1,1,09:32:46,1223 1
158.3944033374952,12.275430445969796,0.15725325079402777,26.86665785964113,1799.9,1223,1,1,09:34:16,1223 1
116.87782399205125,7.7541407622671095,0.1716492161575878,26.74289241405124,1800.18,1223,1,1,09:36:00,1223 1
72.47691757942508,2.764915289939056,0.19314962112260117,26.59959147196364,1799.94,1223,1,1,09:37:32,1223 1
50.04543565021394,-0.1514324512648396,0.2154352986820264,26.51751971989959,1799.91,1223,1,1,09:39:03,1223 1
400.8697686160306,30.06428178362566,0.18556200736584447,26.608966674100174,1800.2,1223,1,1,09:44:47,1223 1
794.4781724495377,29.69219260526561,0.05028468705808404,26.815334600810946,1800.01,1223,1,1,09:50:49,1223 1
867.4569995069411,31.71374825726816,0.0475790252783546,26.79709485888485,1799.8,1223,1,1,09:52:49,1223 1
246.60160401049896,20.93648767769066,0.26604288379578733,28.628284000076267,1799.84,1223,2,1,10:56:25,1223 2
190.6533504134172,14.801441734059148,0.26500422311178795,28.646798371702424,1800.07,1223,2,1,10:57:55,1223 2
134.36119699204656,8.890142927754031,0.2683818270401252,28.635964888998785,1799.75,1223,2,1,10:59:30,1223 2
79.3936593443346,2.7221183426823745,0.2797210140721264,28.62459939426359,1800.01,1223,2,1,11:01:01,1223 2
52.30347480322598,-0.6063838103860061,0.2910156446991767,28.610041810601302,1799.99,1223,2,1,11:02:35,1223 2
411.91237501993925,30.97798221247238,0.20279906475844134,28.898352258410217,1800.08,1223,2,1,11:08:37,1223 2
557.318933944319,33.78081789174583,0.1390854021171355,29.112061415501582,1799.99,1223,2,1,11:10:37,1223 2
684.5442501931688,35.94533437966303,0.10414110233997292,29.260635511459164,1799.95,1223,2,1,11:12:38,1223 2
1023.4485132792502,37.45171925834988,0.08591411550012992,29.326748155814887,1800.22,1223,2,1,11:14:38,1223 2
1082.2642469058678,37.278827107716545,0.07148755348479081,29.403489687054098,1799.87,1223,2,1,11:16:39,1223 2
258.1908633840514,18.55738590444979,0.25624549699408095,28.47573535009869,1800.17,1223,3,1,11:26:18,1223 3
201.48633044060074,13.802081968829375,0.27907822498672147,28.429769599318004,1799.9,1223,3,1,11:28:09,1223 3
142.73676029762382,8.367480399888194,0.2974725536671774,28.39721737740726,1800.16,1223,3,1,11:29:40,1223 3
81.65066477661227,2.662072194180651,0.31522716542370843,28.36537526189456,1799.86,1223,3,1,11:31:32,1223 3
51.64125410370144,-0.5069654007302322,0.3369993885718272,28.325143935181398,1800.13,1223,3,1,11:33:05,1223 3
471.4901413957502,26.972678311143984,0.22946910193835476,28.61866322458558,1800.01,1223,3,1,11:38:40,1223 3
612.6218950709606,27.681135799133497,0.1303215722744197,28.93857922193513,1799.96,1223,3,1,11:40:40,1223 3
804.1293162913857,27.1747106292249,0.09829893613110871,29.05898211207689,1799.91,1223,3,1,11:43:01,1223 3
1152.3745471145253,30.48791881650014,0.08412293768162801,29.118784376164314,1800.15,1223,3,1,11:45:02,1223 3
1273.9850520578939,29.906238543785356,0.07311618535552365,29.15017565169366,1799.83,1223,3,1,11:47:02,1223 3
237.98601489513055,23.732448464983097,0.2742058129480166,28.574476595214165,1800.01,1226,1,1,11:16:52,1226 1
184.91977499670944,17.47146584663181,0.286193046610667,28.56754430291536,1800,1226,1,1,11:18:43,1226 1
136.17326150766215,10.810145360935858,0.329071718294092,28.477513239535757,1800,1226,1,1,11:20:38,1226 1
79.21383017289627,3.619324140081511,0.35605131955527847,28.427695792439106,1800.23,1226,1,1,11:22:22,1226 1
52.52931391455664,-0.7939155112931398,0.395708521993495,28.34659625709698,1799.98,1226,1,1,11:23:54,1226 1
374.7128209271525,33.62155074112929,0.1857995473736182,28.827994804275225,1799.97,1226,1,1,11:29:53,1226 1
552.9758567394331,39.47240250478435,0.15745291577810397,28.928587561281613,1799.93,1226,1,1,11:31:53,1226 1
768.8131982196264,42.442909300231534,0.1425302912021007,28.969834292159813,1799.92,1226,1,1,11:33:54,1226 1
1175.7120339414657,44.54803372905688,0.12792784214261335,28.989117244393164,1799.95,1226,1,1,11:35:54,1226 1
1317.1342340188362,44.336991209811494,0.11610551979565198,29.038096242814937,1799.94,1226,1,1,11:37:55,1226 1
260.06087373935213,21.15094088388358,0.2868193450436758,28.21882512148802,4.9997,1226,2,1,12:49:50,1226 2
197.84051040532646,15.602754427483726,0.290659334806024,28.204376514585455,5.06963,1226,2,1,12:51:44,1226 2
139.44524143316048,9.501875546691537,0.3024189055393405,28.18485461647045,4.54519,1226,2,1,12:53:17,1226 2
82.53733781327766,2.68166968879393,0.3166649433480869,28.153812980807633,4.25383,1226,2,1,12:54:47,1226 2
54.27553719500897,-0.9942586421772927,0.3200182860573545,28.1506009646176,4.07901,1226,2,1,12:56:18,1226 2
498.0305526721869,31.104506626546517,0.2982159207777216,28.156129198132028,4.66173,1226,2,1,13:01:47,1226 2
750.5632183356605,33.64158269461293,0.26149447407528004,28.249847848586526,4.42864,1226,2,1,13:03:47,1226 2
1026.7082488999463,34.0824695412643,0.24531001817828194,28.28130895790191,4.07901,1226,2,1,13:05:22,1226 2
1496.2979109738258,33.73849443514824,0.22402999432628493,28.304012381245883,5.30272,1226,2,1,13:07:22,1226 2
1648.8109272545146,36.05700660203015,0.20379802751510184,28.360263312755183,4.66173,1226,2,1,13:09:22,1226 2
265.45338203684383,19.112665699427897,0.26581218994860023,28.638178485483557,4.02074,1226,3,1,10:53:02,1226 3
205.85582287409255,13.70990910785396,0.2746124686155953,28.630240840278955,3.84593,1226,3,1,10:54:53,1226 3
146.50458064134713,7.868964277284751,0.2824870222538742,28.631522915417037,4.13728,1226,3,1,10:56:40,1226 3
85.9835793987711,1.961394265009004,0.2954544289313075,28.605473790450162,3.68277,1226,3,1,10:58:16,1226 3
56.15691045240103,-1.3034506225326983,0.3133581737448796,28.571772269882228,3.55457,1226,3,1,10:59:57,1226 3
479.6130792809865,30.37653423753571,0.25862705223865745,28.704308741907884,4.07901,1226,3,1,11:05:28,1226 3
694.6819338612524,35.77009122155143,0.217496828768591,28.801660435561185,4.02074,1226,3,1,11:07:29,1226 3
938.811428172116,38.465540889249034,0.19815732452413767,28.854604706652264,4.02074,1226,3,1,11:09:29,1226 3
1386.97337471957,39.06975733744147,0.17863843599400772,28.9060813953421,4.13728,1226,3,1,11:11:30,1226 3
1539.856225847864,40.144707848935795,0.16410426745056514,28.962591912166477,3.72938,1226,3,1,11:13:30,1226 3
252.48003560180595,6.375823857824907,0.07611496130542086,27.58876358987413,1799.98,1228,2,1,10:19:37,1228 2
188.65998041880226,5.1111251815414,0.0808975167659289,27.633350309462468,1800.14,1228,2,1,10:21:38,1228 2
145.73542798847913,2.5282320356063592,0.08514736901148058,27.62823686856631,1799.79,1228,2,1,10:23:32,1228 2
82.58191741633581,0.8155273082301279,0.09278344377615386,27.738440370050675,1800.24,1228,2,1,10:25:32,1228 2
60.63620049918328,-0.7653110194014672,0.10131676200916054,27.761252975779783,1799.86,1228,2,1,10:27:14,1228 2
377.92921991091936,15.541888026251542,0.08364720804822623,27.93327769371032,1800.15,1228,2,1,10:32:34,1228 2
582.0103194850814,17.992412098013887,0.07503633544109573,27.988823120017816,1800.04,1228,2,1,10:34:34,1228 2
806.1545091075773,20.32232102559058,0.0723194434296586,27.99366833576141,1799.95,1228,2,1,10:36:19,1228 2
1180.7097621657167,24.547587816360014,0.07035839014482068,28.04441432757357,1799.84,1228,2,1,10:38:19,1228 2
1400.97160833349,22.4671490638453,0.06768196803252244,28.091140183093696,1800,1228,2,1,10:40:20,1228 2
321.96712754483457,12.423588144280725,0.320230034449776,27.97641637978552,1800.01,1228,3,1,13:13:22,1228 3
239.34248058964607,9.528225726007502,0.31322151669185605,27.822692243230478,1799.93,1228,3,1,13:14:55,1228 3
163.35051684548617,5.819303667804109,0.3226294750679968,27.744883982286115,1800.11,1228,3,1,13:16:42,1228 3
89.81772103501977,1.432045577737376,0.3245277397952999,27.732580931455388,1799.94,1228,3,1,13:18:30,1228 3
53.35020117101835,-0.8477937973559411,0.3338388394315429,27.674682234734,1800.1,1228,3,1,13:20:24,1228 3
597.5253613364598,16.253338278335285,0.334325374374177,27.60120912675138,1800.06,1228,3,1,13:26:36,1228 3
885.946689437409,17.30816553181823,0.338288591559068,27.547763082080397,1800.13,1228,3,1,13:28:08,1228 3
1168.3620928353694,18.219682865663945,0.31680338415504505,27.577366008166997,1800.17,1228,3,1,13:29:51,1228 3
1653.6472795154716,18.458385691293092,0.3106013842766704,27.523056350709073,1799.95,1228,3,1,13:31:45,1228 3
1855.68242631151,16.92295496957551,0.30392567375334983,27.53157271041678,1799.97,1228,3,1,13:33:22,1228 3
236.85190756781617,6.848983839014686,0.07257570311880723,28.114441729923687,1799.85,1234,1,1,08:53:14,1234 1
187.48066703574605,4.5499761363520514,0.07032521931533137,28.137240664468045,1800.15,1234,1,1,08:54:57,1234 1
137.42766512653677,2.697005669124084,0.07610137758826215,28.121324962244085,1799.87,1234,1,1,08:56:32,1234 1
92.57792982332863,0.28292392713268394,0.09340897186320087,28.084734121184148,1799.87,1234,1,1,08:58:10,1234 1
60.18233615730816,-0.754272570910699,0.10967890150815952,28.045895230695393,1799.88,1234,1,1,08:59:41,1234 1
393.8876001260601,11.29955187356876,0.06335759649304377,28.161003939723653,1799.92,1234,1,1,09:05:42,1234 1
562.247575047184,13.696864506718303,0.05347479305186961,28.201512372506496,1800.22,1234,1,1,09:07:14,1234 1
789.4813636054585,14.081765958409417,0.04739254804332886,28.231181175500907,1799.89,1234,1,1,09:09:01,1234 1
1198.845700637537,14.476193345337727,0.041763283880133915,28.252888379414625,1799.88,1234,1,1,09:11:02,1234 1
1306.1045808925164,14.854320446428764,0.03694885071135408,28.28501561766717,1799.88,1234,1,1,09:13:02,1234 1
230.74961089929812,3.2001697405243785,0.032380624693063915,30.638031854483184,1800.19,1234,3,1,15:31:07,1234 3
173.25293875078367,2.4531564767292653,0.03312387704740947,30.62656387815959,1799.89,1234,3,1,15:32:48,1234 3
129.74365878255352,1.4231932669463687,0.03523432048137412,30.630543484316437,1799.87,1234,3,1,15:34:48,1234 3
99.00258086512811,-0.053529614647736624,0.04656075872695323,30.59101519925419,1799.88,1234,3,1,15:36:33,1234 3
73.73412761897839,-0.8989614892173567,0.05756548946053567,30.544811201067958,1799.92,1234,3,1,15:38:33,1234 3
335.67701121487534,5.329985892457116,0.024631140362743196,30.661102810628936,1799.85,1234,3,1,15:44:12,1234 3
562.4882748204575,5.895660094574605,0.022947677072335096,30.66791455070977,1800.11,1234,3,1,15:45:47,1234 3
741.926072656591,7.943903979482788,0.024244992533035192,30.629329415492244,1799.82,1234,3,1,15:47:47,1234 3
1024.914147613046,9.001908671684266,0.019746087793620925,30.678887118466342,1800.06,1234,3,1,15:49:48,1234 3
1216.2385858223447,8.74394683117686,0.01896696725722145,30.71054072977744,1800.01,1234,3,1,15:51:48,1234 3
405.53720801961,-0.16202714376822977,0.015135784110543664,30.772950120696137,1800,1234,3,1,15:53:49,1234 3
190.20148179183062,17.49651437056793,0.1531373001763538,28.90146353765097,1799.91,1260,1,1,11:58:20,1260 1
149.98662567891947,12.49044462715374,0.15351458517194877,28.88294176302319,1799.9,1260,1,1,11:59:51,1260 1
116.1084664514388,7.409067918273982,0.16701226490744753,28.822680318339053,1799.89,1260,1,1,12:01:33,1260 1
74.04801943648512,2.357382169576826,0.1860477315202579,28.74589757661909,1799.86,1260,1,1,12:03:06,1260 1
52.30583795736915,-0.523607875191834,0.2055826318103182,28.654321712327896,1800.15,1260,1,1,12:04:37,1260 1
318.49996372929826,23.164896746152053,0.10901629855837505,29.0836705125927,1800.05,1260,1,1,12:10:08,1260 1
430.4185614226744,22.129857340661545,0.06824264860376661,29.310185879636602,1800.02,1260,1,1,12:12:09,1260 1
543.3276171084059,25.58779215349642,0.05906837128376143,29.375011682856073,1800.03,1260,1,1,12:14:09,1260 1
768.1946500593916,30.93197982321262,0.05230655062396312,29.441129479624728,1800,1260,1,1,12:16:10,1260 1
793.9347357943459,31.33739262891434,0.0449525641957117,29.453619873376308,1799.99,1260,1,1,12:18:10,1260 1
200.12765413866737,3.8566765312261277,0.033882632566873176,29.86352465917174,1799.95,1260,2,1,13:58:19,1260 2
161.8020888928308,2.6639863887714714,0.03411916944785711,29.841302783204124,1799.97,1260,2,1,14:00:04,1260 2
120.33846700485051,1.614424660323978,0.03657233145579743,29.81654985107225,1799.99,1260,2,1,14:01:48,1260 2
82.26519492855047,0.33787136308883253,0.041296086872671924,29.788272430517615,1799.99,1260,2,1,14:03:48,1260 2
64.95200998749769,-0.5068236250325361,0.04690583913431139,29.760546579245034,1800,1260,2,1,14:05:31,1260 2
325.2036913239628,6.060174968304503,0.028111604476195436,29.83743101474482,1800.05,1260,2,1,14:11:07,1260 2
456.0450929683678,7.249903049256196,0.023083786716615273,29.892256521698776,1800.06,1260,2,1,14:13:08,1260 2
592.156254424785,8.485222949277444,0.02072468841983526,29.907926918122467,1799.76,1260,2,1,14:15:08,1260 2
862.6095713485311,10.407279622601042,0.01926998051782982,29.93448323578047,1800.01,1260,2,1,14:17:09,1260 2
1060.4267318740349,9.375267270894069,0.017502789412172412,29.958339510265613,1800.05,1260,2,1,14:19:09,1260 2
197.82828443508208,13.580108747450334,0.12253037898668205,28.95437045033278,1800.17,1260,3,1,13:34:08,1260 3
161.11062492631635,9.459764283952037,0.12558083106022588,28.908188064643305,1799.79,1260,3,1,13:35:42,1260 3
118.57028801861414,5.711724007954063,0.1313923875082021,28.923356055252558,1800.07,1260,3,1,13:37:42,1260 3
76.28233405197757,1.6098953639502682,0.13856733275091612,28.882138567062373,1800.1,1260,3,1,13:39:34,1260 3
58.354642642641515,-0.9127441149093405,0.14642372358508438,28.914360543586966,1800.11,1260,3,1,13:41:05,1260 3
370.78178180622945,25.58920356145181,0.14424764806410137,28.854079571393434,1800.13,1260,3,1,13:46:12,1260 3
564.091135358518,30.723970445729435,0.1309705865188015,28.938284733961144,1800.18,1260,3,1,13:48:13,1260 3
784.7198454888272,33.249319535814266,0.12056991578939778,28.951743532201718,1800.25,1260,3,1,13:49:51,1260 3
1199.0126533271125,33.27897866176239,0.10532209304370409,29.08211915163238,1799.96,1260,3,1,13:51:52,1260 3
1300.7685169392755,34.352617544329085,0.09219551779870318,29.144176062916824,1799.99,1260,3,1,13:53:52,1260 3
233.85539577163004,26.094676925765572,0.2997296468587727,28.76259837208679,1800.07,1269,1,1,12:36:38,1269 1
179.7883510326552,19.059852382272844,0.30413498682524964,28.761441559217108,1799.74,1269,1,1,12:38:19,1269 1
128.8887835512633,12.113210657192077,0.33329615560269116,28.68464917013959,1800.02,1269,1,1,12:40:08,1269 1
77.492866815226,4.045119544040648,0.3719736754032174,28.60927758308358,1800.02,1269,1,1,12:41:46,1269 1
50.55829771272795,-0.3621297191579935,0.3831487598470342,28.580294157137576,1800.04,1269,1,1,12:43:16,1269 1
397.4067931144699,35.38722090529324,0.21574063822500247,28.98182415026812,1799.98,1269,1,1,12:48:52,1269 1
497.9312938701487,39.44760455959567,0.1391479266098927,29.204118547035023,1799.95,1269,1,1,12:50:52,1269 1
679.3876662085568,40.2327144483581,0.11387212542336994,29.286165502282316,1800.21,1269,1,1,12:53:20,1269 1
750.1755946204901,38.37645468147389,0.062163896682928495,29.454350081623947,1799.87,1269,1,1,12:55:20,1269 1
907.9696794532147,37.48681148878558,0.05845448363256712,29.46984800143411,1800.18,1269,1,1,12:57:21,1269 1
228.32509510590722,19.14035067989074,0.20396718359799262,28.165325360003116,1800.06,1269,2,1,12:31:42,1269 2
181.20344575406057,13.96697219203145,0.2174967147563356,28.145529300451148,1799.76,1269,2,1,12:33:24,1269 2
128.5184700453461,8.905950999043338,0.2333306138534421,28.075657082522145,1799.81,1269,2,1,12:35:23,1269 2
78.49786382306618,2.8285432777916912,0.2616514609119691,27.957166509002587,1799.86,1269,2,1,12:36:59,1269 2
52.248351207598404,-0.5508492323176107,0.2843439766737205,27.963635110082567,1800.12,1269,2,1,12:38:30,1269 2
420.1771451210005,27.849613334384685,0.1813890206221278,28.20166761430138,1800.08,1269,2,1,12:44:07,1269 2
567.2707024662795,28.9128090294744,0.11794560008165969,28.316273625122903,1800.11,1269,2,1,12:46:07,1269 2
717.1807123532552,30.862120395148523,0.09234570056308279,28.45297103304856,1799.83,1269,2,1,12:48:39,1269 2
1003.2245717197997,32.954552320547926,0.07145941620704582,28.551385656468636,1800.06,1269,2,1,12:50:39,1269 2
1080.9384952537193,30.5754321556559,0.057046450021479435,28.632073476815847,1800.01,1269,2,1,12:52:40,1269 2
237.81375136254238,25.023692702507024,0.2975992179470509,27.78686710395409,1800,1269,3,1,10:22:21,1269 3
189.73463679046108,18.673770637924324,0.33421722223686906,27.733664052365352,1800.01,1269,3,1,10:23:57,1269 3
134.21614886865888,11.491960735093976,0.34954322171431584,27.720308065818724,1799.98,1269,3,1,10:25:32,1269 3
78.37768679509115,3.806089456326953,0.3694443407625139,27.676005148360193,1800.01,1269,3,1,10:27:04,1269 3
52.50703732683559,-0.7657096089110208,0.37909439596658195,27.666643294436334,1800.02,1269,3,1,10:28:41,1269 3
276.2010810583256,23.038038241837572,0.37927916728268507,27.68382068153607,1799.98,1269,3,1,10:30:21,1269 3
259.6661739146999,25.80478362720547,0.37023757815203856,27.70601216251686,1800.01,1269,3,1,10:32:01,1269 3
498.82624598277215,35.7954745262885,0.36227763312461114,27.70348606199308,1799.99,1269,3,1,10:33:46,1269 3
740.4791298014851,35.64846042371559,0.272566279251443,27.910384395289384,1799.98,1269,3,1,10:35:37,1269 3
979.7122511616127,35.240351496968465,0.21375366352954928,28.061784766423408,1800.01,1269,3,1,10:37:59,1269 3
1450.3040132746082,33.8283623953551,0.19192019247859557,28.136296543790756,1800,1269,3,1,10:39:59,1269 3
1625.2195202159212,33.886224426110886,0.17905933198642546,28.171129579216338,1800.02,1269,3,1,10:42:00,1269 3
199.58075510687078,20.81059778405834,0.19073626182268708,28.568814211288597,1800.04,1270,1,1,12:24:52,1270 1
155.6172983029109,15.35372373012545,0.1959199297108061,28.557561182000477,1800.03,1270,1,1,12:26:33,1270 1
118.8364176035438,9.031831877236218,0.20882415710496635,28.56393151157768,1799.98,1270,1,1,12:28:10,1270 1
73.64190146019956,3.026358509503192,0.22496192062494594,28.54753556343169,1800.01,1270,1,1,12:29:49,1270 1
53.04447252128615,-0.611108997698537,0.24724033861401404,28.47890594571202,1799.98,1270,1,1,12:31:20,1270 1
355.02387886283407,35.10577916165749,0.18665006338120924,28.604150169695895,1800.06,1270,1,1,12:37:21,1270 1
447.2399319395376,36.01884544502972,0.1146881306518712,28.806774476854844,1799.86,1270,1,1,12:39:22,1270 1
582.8869701723394,36.70828253655751,0.08893027317999204,28.88679538245541,1800.15,1270,1,1,12:41:39,1270 1
876.0612609022588,41.55462888368927,0.07793281182702691,28.93779355697749,1800.13,1270,1,1,12:43:22,1270 1
897.9580045056416,39.87719996515065,0.06197125894632214,28.99003874325714,1800.16,1270,1,1,12:45:22,1270 1
232.2667440898421,17.66208465396781,0.19235395027682786,28.3739184298272,1800.07,1270,2,1,13:10:49,1270 2
182.23486027422672,12.722396453711541,0.19867468394431734,28.39075229228417,1800.04,1270,2,1,13:12:43,1270 2
129.2071101034788,7.6476244323409555,0.2000827812881674,28.421013565230346,1800.01,1270,2,1,13:14:14,1270 2
78.15221787811578,2.3745783195676604,0.2117079666126851,28.387663957226902,1800,1270,2,1,13:15:45,1270 2
53.90652610844672,-0.6528014644226502,0.22054312298191892,28.382136817000667,1799.97,1270,2,1,13:17:24,1270 2
412.7691877991669,29.682508421607114,0.18867306421806515,28.53208211113652,1800.14,1270,2,1,13:23:05,1270 2
561.4370374310449,32.27969073397424,0.13072079057589667,28.696539526024832,1800.05,1270,2,1,13:25:06,1270 2
661.1126717081703,31.912426904682338,0.08645355321740575,28.866505525452293,1800.03,1270,2,1,13:27:06,1270 2
913.7693715234591,30.2739033762621,0.058408118145626096,28.95352453096205,1800.02,1270,2,1,13:29:07,1270 2
924.4579541947367,25.694633690649358,0.04035033347034273,29.029733367778736,1799.99,1270,2,1,13:31:07,1270 2
206.59965499578428,12.693937354253466,0.11713967381893849,28.847983190233368,1799.87,1270,3,1,13:03:59,1270 3
165.3268578989911,9.462738445287966,0.1265093443861605,28.83343094216036,1800.11,1270,3,1,13:05:59,1270 3
123.18140832483317,5.96446534945199,0.1422198484082246,28.787812487812957,1799.83,1270,3,1,13:07:39,1270 3
79.26655320773958,1.70165420023299,0.1627719272891433,28.73617364464253,1800.09,1270,3,1,13:09:20,1270 3
55.35514637910397,-0.6626791593919251,0.17258243082777844,28.713407886920145,1800.1,1270,3,1,13:11:05,1270 3
352.64649683248354,20.337113222354834,0.1034618473876447,28.94994008700133,1800.14,1270,3,1,13:17:06,1270 3
497.57050535459166,21.86800102875374,0.07572093351718746,29.06067642148907,1799.8,1270,3,1,13:19:06,1270 3
649.5570143722363,24.61616975323123,0.06548107215722933,29.124868067326858,1800.02,1270,3,1,13:21:07,1270 3
947.9064169338806,27.26916465417327,0.0552450837328786,29.176002119455752,1799.99,1270,3,1,13:23:07,1270 3
1073.8462384374186,24.933743324183926,0.04628369022158555,29.23666746292448,1799.96,1270,3,1,13:25:08,1270 3
316.19735004196707,16.40147044504029,0.3887182663958482,26.965687358122363,1800.15,2007,1,2,11:50:52,2007 1
237.23674730487983,12.05782314445377,0.38077718410608014,27.01316306697493,1799.81,2007,1,2,11:52:32,2007 1
162.17010598601584,7.2482417514156605,0.38423922844326885,27.006742051610754,1799.8,2007,1,2,11:54:04,2007 1
88.71679408468769,2.0519799103035203,0.4011897985495057,26.979610263816067,1800.1,2007,1,2,11:55:34,2007 1
51.738783031384614,-0.6080117665850975,0.3938998035816864,27.025480648424455,1800.1,2007,1,2,11:57:06,2007 1
572.889790905339,21.998342267400112,0.3468423279003157,27.036702763135285,1800.17,2007,1,2,12:02:18,2007 1
827.0316808617548,24.23416836863997,0.2765641655451495,27.10459068807127,1800.2,2007,1,2,12:04:18,2007 1
1092.155430473898,25.828879465916774,0.24634599900126766,27.16645479203176,1800.2,2007,1,2,12:05:57,2007 1
1547.0074633210581,26.092277881304785,0.2067356486686754,27.17652011200453,1799.94,2007,1,2,12:07:57,2007 1
1735.234214676492,25.456650363245856,0.19531042441978216,27.23872183007905,1800,2007,1,2,12:09:36,2007 1
287.28835595408174,31.205488921646584,0.5741858167230249,26.773097731037524,1799.79,2007,3,2,12:25:13,2007 3
220.2886090626989,22.983639514742148,0.6073887097977525,26.74760900370245,1800.02,2007,3,2,12:26:57,2007 3
149.21655447847016,15.06413968389267,0.6312163356707672,26.70777478290924,1800,2007,3,2,12:28:50,2007 3
83.62340074279356,4.64725040099283,0.645547262855959,26.610523974597665,1800.05,2007,3,2,12:30:28,2007 3
50.136935853658095,-0.4468508483975469,0.6708566529871941,26.634830708310975,1799.76,2007,3,2,12:32:13,2007 3
554.8055429748798,42.68228922469514,0.6425977028370705,26.871390247199393,1800.02,2007,3,2,12:37:29,2007 3
835.1391877358664,44.047830882214924,0.59590291100962,27.03057326261809,1800.2,2007,3,2,12:39:14,2007 3
1121.4895878194695,44.27246114983771,0.5666689355730942,27.14358204868434,1800.09,2007,3,2,12:40:56,2007 3
1595.3546028167784,46.06289221748873,0.5293313579151707,27.223720253151516,1800.04,2007,3,2,12:42:57,2007 3
1791.3974417608194,44.39216041054733,0.5115895715685459,27.288647630887706,1799.92,2007,3,2,12:44:45,2007 3
239.7117056876687,22.405363276462136,0.2605795689844556,28.4401728757188,1800.13,2013,2,2,08:38:19,2013 2
187.4704711189645,15.70051076291452,0.26179379278466747,28.519479538957714,1800.13,2013,2,2,08:39:52,2013 2
133.6781302009822,9.309174500186954,0.26664660567237564,28.587130915652132,1799.82,2013,2,2,08:41:39,2013 2
78.42720832094349,2.947528837831587,0.2706730072079894,28.630111454602556,1799.78,2013,2,2,08:43:12,2013 2
51.88133258025151,-0.4904716848698216,0.27458625390959024,28.683121674375275,1799.74,2013,2,2,08:44:48,2013 2
431.5005381009337,36.58145356200356,0.25460355442757127,28.855585019055866,1799.9,2013,2,2,08:50:29,2013 2
650.8315999205824,43.96071209168598,0.23532048873013478,28.91016255872277,1800.11,2013,2,2,08:52:30,2013 2
900.2600263691728,47.46364591366823,0.22323940965072858,28.980113889674005,1800.04,2013,2,2,08:54:30,2013 2
1341.8651881048743,50.309503401343605,0.20928316793438628,29.06525047586222,1799.99,2013,2,2,08:56:06,2013 2
277.86098964434564,26.000307992692065,0.44801902685425,28.020168480239978,1799.95,2013,3,2,08:50:08,2013 3
211.3730023275002,18.6727528387416,0.4431823885058316,28.059874633567183,1799.92,2013,3,2,08:51:56,2013 3
147.7651150074698,11.030972619548544,0.4530482339315272,28.06265502014318,1800.22,2013,3,2,08:53:52,2013 3
81.86980135799648,3.588901436056276,0.44083460984451056,28.0913570438917,1799.89,2013,3,2,08:55:23,2013 3
50.58173337117363,-0.4365991813378109,0.4498451762656808,28.0715431056503,1799.81,2013,3,2,08:56:54,2013 3
492.4112392341255,43.092269431149816,0.43543387910278397,28.10919307042488,1800.11,2013,3,2,09:02:31,2013 3
736.4101230987386,52.87364430314176,0.42453523934468984,28.165862865284595,1800.06,2013,3,2,09:04:32,2013 3
1007.6121909055904,56.38765296202256,0.4143354931464162,28.20102937641199,1800,2013,3,2,09:06:32,2013 3
1465.690591790333,60.791652698108905,0.39850725829862516,28.24203542937263,1799.88,2013,3,2,09:08:33,2013 3
250.39346986787402,22.246835674299703,0.28658888633427215,27.134136084696745,1800.07,2018,1,2,10:35:43,2018 1
191.0097338456114,16.02165449204024,0.2842424630822392,27.179540327910505,1800.06,2018,1,2,10:37:40,2018 1
139.7206070684292,9.388317653127933,0.3088724855071835,27.227222921025845,1799.98,2018,1,2,10:39:21,2018 1
80.0327823604892,3.1059860347417994,0.3236437805370442,27.195207276432495,1799.98,2018,1,2,10:41:14,2018 1
51.02246452887543,-0.40591094295476055,0.34198004370224133,27.204681743485143,1799.96,2018,1,2,10:42:45,2018 1
494.9637623964331,32.57242003931657,0.3167433145568736,27.289921956896244,1800.14,2018,1,2,10:48:47,2018 1
738.8476127186719,35.96852230036728,0.2723723336065015,27.43132496923593,1800.1,2018,1,2,10:50:18,2018 1
979.3426872921585,35.91311716138713,0.21751244447655224,27.53296300411434,1800.08,2018,1,2,10:52:48,2018 1
1419.5309157201614,35.93945645870119,0.18409139620600837,27.588330551546957,1800.09,2018,1,2,10:54:28,2018 1
1572.7086151655792,35.42922433048304,0.1593846003711129,27.63320335661678,1799.81,2018,1,2,10:56:29,2018 1
236.78895952750224,14.79491679869385,0.16788762368235002,28.073991405708338,1799.89,2018,2,2,10:10:32,2018 2
180.0249676090053,10.861097923434198,0.16790351953536656,28.07832104780827,1800.14,2018,2,2,10:12:05,2018 2
131.48528821688313,6.39300373002669,0.17580059097886053,28.069863667705707,1799.89,2018,2,2,10:13:36,2018 2
81.11782133625458,1.7469174438149757,0.18814262391510878,28.054134913119256,1799.9,2018,2,2,10:15:06,2018 2
54.74680238939684,-0.691722884553229,0.20128308501731493,28.051733245651413,1800.12,2018,2,2,10:16:37,2018 2
415.8866997046434,21.21977200578697,0.13625371338372436,28.21479380223176,1799.81,2018,2,2,10:22:18,2018 2
545.7097184631903,23.122178704310663,0.09000810880027028,28.352238698775963,1800.01,2018,2,2,10:24:19,2018 2
710.5055150029209,22.942668810853412,0.06803059836103453,28.414778512944075,1800.02,2018,2,2,10:26:19,2018 2
1012.2017858707167,23.789639581424073,0.052492907704572024,28.470983734101036,1800.01,2018,2,2,10:28:20,2018 2
1099.3743168313017,23.730772878434514,0.04555508039970574,28.522434349113645,1799.75,2018,2,2,10:30:20,2018 2
159.31253305630906,9.473587346961288,0.06727600148953346,28.3130562361267,1800.02,2018,3,2,12:36:27,2018 3
139.9034873731289,6.778223122661002,0.07302140438645749,28.340165882386085,1799.99,2018,3,2,12:38:12,2018 3
111.97307968029727,4.2660137281526715,0.08495521621338824,28.33912019051587,1800.23,2018,3,2,12:39:50,2018 3
73.1339619155651,1.4820079172561798,0.1010424416803198,28.297154305097102,1799.96,2018,3,2,12:41:24,2018 3
55.41552527408504,-0.4737739919216276,0.11967437846810489,28.2592531600495,1799.92,2018,3,2,12:43:01,2018 3
213.9010298429741,13.418283909059292,0.04641247453249325,28.404397556003815,1800.17,2018,3,2,12:48:51,2018 3
265.66239038409407,16.144154922991678,0.036667487778116,28.405046119605164,1799.88,2018,3,2,12:50:52,2018 3
361.84769807462766,15.401571041135785,0.02728640444015092,28.401709149515376,1800.18,2018,3,2,12:52:52,2018 3
453.49174234892956,18.618112452127242,0.022905826697375762,28.477700455000505,1799.85,2018,3,2,12:54:53,2018 3
548.3312386541274,15.834318502928303,0.018042632161167884,28.536622247655107,1800.13,2018,3,2,12:56:53,2018 3
239.54197416115437,29.712270082504318,0.3693226378643525,27.88090182645131,1800.21,2028,1,2,09:26:05,2028 1
182.45861759713677,22.193679904242018,0.3788744324530114,27.857558655603206,1799.92,2028,1,2,09:28:06,2028 1
129.66058524010555,13.581709166163712,0.39257645122351287,27.822395277141027,1799.92,2028,1,2,09:29:44,2028 1
75.09579556699504,4.765402367766476,0.4019756954839599,27.800783531818347,1799.93,2028,1,2,09:31:33,2028 1
48.945846734031086,-0.03670834722778651,0.4083080309946753,27.80008359327896,1799.94,2028,1,2,09:33:08,2028 1
458.5068917871881,44.783052567953916,0.3749000450172295,27.946844369203653,1800.17,2028,1,2,09:38:26,2028 1
708.5029348646982,47.61692591785736,0.3289652196214657,28.04305381869314,1800.14,2028,1,2,09:40:27,2028 1
959.531875748666,48.72970779740438,0.28579542976536604,28.1421306798212,1800.15,2028,1,2,09:42:11,2028 1
1422.5121457109374,48.06192308507791,0.25837484929361754,28.241165144589083,1800.1,2028,1,2,09:43:50,2028 1
1576.9253866615234,49.145632100735476,0.23251218376090027,28.263420669542775,1800.09,2028,1,2,09:45:51,2028 1
247.24792405131709,25.41195108150939,0.3376348097754696,28.20842750034022,1799.94,2028,2,2,08:32:11,2028 2
185.0852086468713,18.583425909931755,0.3263529325151478,28.237015769009403,1799.93,2028,2,2,08:34:00,2028 2
130.2411436752428,11.356935547610163,0.3315031691648762,28.228294344603903,1800.16,2028,2,2,08:35:44,2028 2
76.72921905305968,3.70691344841924,0.33910796791334363,28.206084981575255,1800.16,2028,2,2,08:37:21,2028 2
50.37341691669158,-0.29060521792463606,0.3365421703409778,28.209837542734412,1799.92,2028,2,2,08:38:56,2028 2
461.0918145093623,36.71907402297747,0.3105591402688762,28.203778467260854,1799.96,2028,2,2,08:44:54,2028 2
683.4989115932008,39.5424170135961,0.2460053106316461,28.302835487400376,1800.04,2028,2,2,08:46:55,2028 2
909.4130044323883,40.0559148990212,0.19775171910719236,28.37519711342778,1799.91,2028,2,2,08:48:55,2028 2
1345.792782792321,39.82157600636053,0.16970523110294936,28.395206132560112,1800.01,2028,2,2,08:50:56,2028 2
1478.2320178968805,40.2123755874499,0.14642708733021675,28.426383803227086,1800.13,2028,2,2,08:52:49,2028 2
276.581833183947,14.982009955627943,0.23288423547924944,27.99270123833277,1799.98,2028,3,2,09:38:42,2028 3
212.15937596525785,10.588072445921167,0.2321905155417059,27.976884582701334,1800,2028,3,2,09:40:32,2028 3
149.10195611979574,6.074782700855715,0.23346744905443031,27.973426913599475,1800.02,2028,3,2,09:42:21,2028 3
87.47427571005738,1.3554670743576394,0.23896049831506314,27.961446737507135,1800.06,2028,3,2,09:43:58,2028 3
54.79578667871823,-0.8136926938968153,0.2426663928066355,27.939016731487726,1800.1,2028,3,2,09:45:30,2028 3
491.39319322021,23.952214423375256,0.21950096840293282,28.00045490235064,1800.15,2028,3,2,09:50:48,2028 3
711.5295316174498,26.7567640966173,0.17458279393246484,28.105032340791528,1800.16,2028,3,2,09:52:49,2028 3
940.601198098135,27.54140699062103,0.14259650101247584,28.19167289985145,1799.83,2028,3,2,09:54:49,2028 3
1358.7204593269205,28.883493991794914,0.12216615350291582,28.271913341762566,1800.15,2028,3,2,09:56:50,2028 3
1493.1034937413779,29.2309433005853,0.10642100288249,28.32788851261366,1800.16,2028,3,2,09:58:51,2028 3
230.11651210351576,8.971086624180868,0.09220174119853121,27.767354807367333,1799.82,2031,1,2,12:51:09,2031 1
182.83179544167072,6.3717792465083845,0.09561008696232079,27.68694376112753,1799.89,2031,1,2,12:52:39,2031 1
132.20706637325912,3.9311533290248364,0.10327000752836567,27.634136275240312,1800.04,2031,1,2,12:54:42,2031 1
82.99348275210397,0.9690023654040928,0.11108282143998537,27.60878988950793,1799.9,2031,1,2,12:56:43,2031 1
55.839924307401944,-0.49556328629876684,0.11703493314115956,27.552423169207454,1799.78,2031,1,2,12:58:14,2031 1
387.3731694768715,17.560744091855547,0.09812981878146906,27.531127515635628,1800.13,2031,1,2,13:03:46,2031 1
598.0993053241885,19.3608338053253,0.08428176688703075,27.49746555547224,1799.96,2031,1,2,13:05:47,2031 1
826.8734959252223,21.176628323206014,0.07880675247264272,27.55333950361165,1799.99,2031,1,2,13:07:47,2031 1
1203.078144516719,24.16957141590857,0.07159991339383191,27.523293476558848,1800.07,2031,1,2,13:09:48,2031 1
1392.5303589950595,22.09375340950171,0.0646780362302264,27.4574184261946,1799.85,2031,1,2,13:11:49,2031 1
260.891128723643,3.1742598444359302,0.04136648719660026,28.509547282297746,1800.17,2031,2,2,13:38:32,2031 2
194.57293134384403,2.399041149435578,0.041126878545846866,28.52569172420844,1799.86,2031,2,2,13:40:07,2031 2
145.35681321719437,1.2195476853101228,0.04205343088344015,28.504323820216882,1800.16,2031,2,2,13:41:44,2031 2
93.69105917481043,0.0593206052279186,0.044758914392458014,28.487626239880317,1799.87,2031,2,2,13:43:24,2031 2
72.93196136686007,-0.7582648046051519,0.04821650084950206,28.446532982125,1799.88,2031,2,2,13:45:04,2031 2
430.8106531453299,6.708050291925235,0.044737182934612534,28.424697714186294,1799.91,2031,2,2,13:50:56,2031 2
595.1190345703981,8.576508414869597,0.037694872941089,28.49507620893521,1799.91,2031,2,2,13:53:05,2031 2
799.166085062086,9.794138694145282,0.03501580126089548,28.52340943272948,1800.2,2031,2,2,13:54:44,2031 2
1155.7590937129632,11.436454438800755,0.03206505202430868,28.542460520781688,1799.89,2031,2,2,13:56:44,2031 2
1286.1805673319031,11.878666843083879,0.03005245139043465,28.573930111675654,1799.9,2031,2,2,13:58:45,2031 2
246.77582727682426,19.545502717248123,0.2437236712286662,27.833544522820976,1799.99,2031,3,2,13:33:30,2031 3
189.45974818083906,14.044299348522534,0.2433311571819618,27.851959339965546,1800,2031,3,2,13:35:31,2031 3
132.58505842518935,8.456124797106915,0.24165003518605985,27.855996385129796,1800,2031,3,2,13:37:04,2031 3
79.3959722345966,2.5010849954763086,0.24663844423427309,27.87844813748184,1799.98,2031,3,2,13:38:40,2031 3
53.08736109903892,-0.6155135269306321,0.2530735155816087,27.86002891537258,1799.96,2031,3,2,13:40:18,2031 3
473.82499142199225,28.259777716334348,0.24208781115407255,27.882413862094392,1800.16,2031,3,2,13:45:04,2031 3
720.0441500712323,29.992929447221755,0.20708480032830953,27.93899030595137,1799.92,2031,3,2,13:47:04,2031 3
962.7527682972883,29.99049201087236,0.17037479590962756,28.011552878719765,1799.94,2031,3,2,13:49:05,2031 3
1390.0524099220536,30.738916387487464,0.14428986659634638,28.07805967540719,1799.95,2031,3,2,13:51:05,2031 3
1549.3675500115078,30.18654404722315,0.1285796813126635,28.145436765326753,1800.22,2031,3,2,13:53:06,2031 3
250.33266105389802,18.64336360558432,0.2301330143900017,27.978467388325527,1800.02,2039,1,2,12:44:38,2039 1
197.25388673791966,12.773955094864881,0.23232454384667228,27.94257067341909,1800.15,2039,1,2,12:46:26,2039 1
141.7017311747995,8.009718578445534,0.2637773728843907,27.82031849283646,1799.96,2039,1,2,12:48:18,2039 1
83.84082649354458,2.2264093274622963,0.29449820072863214,27.69353325179256,1799.78,2039,1,2,12:50:08,2039 1
57.72009440728254,-1.6999812458349117,0.3124426705367311,27.610813172720935,1799.95,2039,1,2,12:52:14,2039 1
400.73666724759386,23.153208229842452,0.1384863751542078,27.99667250201113,1800.01,2039,1,2,12:58:40,2039 1
540.8366390116855,24.81863040521492,0.09498349588251466,28.101647467890025,1799.87,2039,1,2,13:00:56,2039 1
784.4130722265023,29.049452830743167,0.10068031124542269,28.07696700752781,1799.99,2039,1,2,13:03:12,2039 1
1127.7483153391324,28.034160071819517,0.07459857647724676,28.165079923316988,1800.16,2039,1,2,13:05:36,2039 1
1226.8479185090596,30.897703846609446,0.07118281885220025,28.161293855872955,1799.88,2039,1,2,13:07:54,2039 1
245.06727356318586,21.79403675583844,0.2590467188609074,27.8530201262391,1800.07,2039,2,2,12:50:31,2039 2
190.73844586570277,15.705171650605616,0.2666632756381685,27.790081216278516,1800.15,2039,2,2,12:52:31,2039 2
140.52002826398268,9.203663551953367,0.29452606396911923,27.721242311024355,1799.92,2039,2,2,12:54:33,2039 2
83.22788071290454,2.4980460459074,0.3053411223677128,27.676083602956563,1800,2039,2,2,12:56:06,2039 2
55.96598053937148,-1.296782579562016,0.31330048130089927,27.659573319786066,1800.02,2039,2,2,12:57:50,2039 2
494.782642426937,31.832943620740707,0.2949260734561812,27.606392468821095,1800.2,2039,2,2,13:03:35,2039 2
748.0807385542057,31.975256644062647,0.2408341422301994,27.706309916127072,1800.01,2039,2,2,13:05:35,2039 2
1018.1654704680814,32.28053191879788,0.2193215350175859,27.775273435158407,1800,2039,2,2,13:07:36,2039 2
1491.7684844629591,31.999049275526016,0.2044669579579484,27.811709181389368,1800.02,2039,2,2,13:09:36,2039 2
1678.991485644923,31.269782405125966,0.19324966465014795,27.835307779328435,1800.03,2039,2,2,13:11:37,2039 2
288.7107586737206,23.86004150522159,0.41129676142579785,28.284818539984837,1800.13,2040,1,2,12:12:36,2040 1
217.6889220694388,17.541969846781594,0.4095726962616797,28.303456973711096,1800.05,2040,1,2,12:14:36,2040 1
154.43079222956973,10.279209697333407,0.4449771579268697,28.24807438746762,1800.07,2040,1,2,12:16:09,2040 1
88.41683584759454,2.328104326045455,0.4448626452721409,28.252517238959424,1799.77,2040,1,2,12:17:40,2040 1
55.97533863393392,-1.7973224718640146,0.4446266500031312,28.255364829940287,1800.03,2040,1,2,12:19:21,2040 1
559.0890040057866,31.820226414546365,0.45258204074437447,27.953492906675216,1800.02,2040,1,2,12:24:37,2040 1
844.4217457207926,32.40306189975418,0.4303266270731124,27.900559820033564,1799.96,2040,1,2,12:26:20,2040 1
1142.3800317272537,30.352509400211005,0.41788581545786324,27.798528916103344,1800.2,2040,1,2,12:28:21,2040 1
1612.54854626178,33.74457142846938,0.4034656981508206,27.76783403084662,1800.12,2040,1,2,12:30:25,2040 1
1805.1982750885552,30.825741483592765,0.35882982730162244,27.760474160360744,1800.07,2040,1,2,12:32:57,2040 1
238.73684209406218,5.682005481586674,0.06232269952591314,29.494334673272885,1800.06,2040,2,2,11:51:23,2040 2
192.02612415245693,3.826760731600294,0.06339422819739177,29.493501483818164,1800.05,2040,2,2,11:52:56,2040 2
145.42640797513576,2.168570995513764,0.07367560617715992,29.46942280341616,1800.03,2040,2,2,11:54:31,2040 2
97.09698995970058,-0.013727976054702131,0.09072003251461981,29.40472976824514,1799.71,2040,2,2,11:56:28,2040 2
65.20057118001581,-1.0323440542676046,0.10276281244937717,29.372075161358893,1799.99,2040,2,2,11:58:02,2040 2
380.0766246709036,7.029620395803474,0.03806518239450323,29.66157194995084,1799.9,2040,2,2,12:03:33,2040 2
550.9047218363048,5.876844853719639,0.0225171940724926,29.735467419119296,1800.16,2040,2,2,12:05:34,2040 2
670.8173983903354,8.26343780503934,0.022466288969083627,29.738796704532188,1800.13,2040,2,2,12:07:34,2040 2
1025.672431800151,8.212559613699758,0.018275516191200998,29.77026588780701,1800.11,2040,2,2,12:09:35,2040 2
1251.9470432545966,7.294451143828334,0.01702993310137057,29.774178819523193,1800.07,2040,2,2,12:11:35,2040 2
256.4416562201299,23.471215507357638,0.3238726795373452,29.67275253453888,1799.94,2040,3,2,12:09:24,2040 3
195.60720038128048,16.961475650867573,0.3227389907615435,29.689189310703938,1799.88,2040,3,2,12:11:02,2040 3
138.19096865670687,10.311098042955056,0.3360022694709027,29.651133945805807,1799.86,2040,3,2,12:12:34,2040 3
81.2420381455605,3.0184156534728803,0.34961022778896994,29.649143200344458,1800.09,2040,3,2,12:14:22,2040 3
53.5504337557211,-0.9794030999419575,0.36632753400343515,29.619645912957203,1800.08,2040,3,2,12:16:00,2040 3
449.13244876243834,32.357261653458984,0.2478984769833148,29.884128894386485,1799.99,2040,3,2,12:21:37,2040 3
588.3552856326359,34.853134962985685,0.15398178863239034,29.94216160750462,1799.87,2040,3,2,12:23:37,2040 3
810.5893726768355,35.59901957564611,0.1314711210715769,29.503867570616634,1800.06,2040,3,2,12:26:02,2040 3
1138.7197678660743,35.72051008070221,0.09631537606101384,29.464971621051664,1800.1,2040,3,2,12:28:02,2040 3
1216.8280382037872,36.40638368073398,0.08177280082316142,29.379283067097326,1799.83,2040,3,2,12:30:03,2040 3
275.5427520221729,15.259761042613107,0.2311157195296195,27.68279697386221,1799.97,2041,1,2,09:17:03,2041 1
210.76335737802228,11.112177390935996,0.23603823306946115,27.679768245925143,1799.96,2041,1,2,09:18:37,2041 1
149.1367470169676,6.422731983460104,0.24410370973774378,27.653940820473192,1799.98,2041,1,2,09:20:16,2041 1
85.81739969258503,1.6655505994908166,0.25014088386567934,27.644778120106746,1799.94,2041,1,2,09:21:51,2041 1
53.97015878233823,-0.7603214157986761,0.2565323623920598,27.63596587367786,1799.94,2041,1,2,09:23:28,2041 1
545.6910376581807,20.687862954373564,0.2653313392972007,27.642297786878604,1800.07,2041,1,2,09:28:26,2041 1
837.5083963113016,20.070470686768246,0.2553796381200612,27.66419994190531,1799.77,2041,1,2,09:29:59,2041 1
1122.94551077631,19.910976518424444,0.24016737798752963,27.71355088952292,1799.73,2041,1,2,09:31:37,2041 1
1607.2009254857842,19.28001309704005,0.22725473145495734,27.758201383107323,1800,2041,1,2,09:33:19,2041 1
1780.6083982768057,19.625894012886338,0.20137651685450603,27.842962094157123,1799.94,2041,1,2,09:35:19,2041 1
251.40353678647998,17.864967588510183,0.22554992983922967,26.80917032320317,1800.2,2041,3,2,08:58:39,2041 3
191.77075702698886,13.020165395748718,0.22614974337449487,26.820377958857808,1800.16,2041,3,2,09:00:16,2041 3
132.99600505011907,8.082908026489944,0.22791718723227836,26.88372130861596,1800.09,2041,3,2,09:01:48,2041 3
77.23451801078556,2.708427143297431,0.23360097534369348,26.936088262200357,1799.75,2041,3,2,09:03:19,2041 3
51.305913770100595,-0.3309280479936338,0.23759876705752594,26.935714977784297,1799.96,2041,3,2,09:04:53,2041 3
488.77120857480253,24.29105670057094,0.21820126093913644,26.696793554336733,1800.14,2041,3,2,09:10:55,2041 3
750.7149028445745,23.61283591065435,0.18019184970618612,26.94392606570027,1800.07,2041,3,2,09:12:38,2041 3
1005.6027469772296,24.037720155064793,0.15545315383424352,27.108373636176907,1800,2041,3,2,09:14:39,2041 3
1424.3966407005476,24.983730791105714,0.12643058952733177,27.215217654909168,1800.22,2041,3,2,09:16:39,2041 3
1530.2946082842377,26.18327403350461,0.10362805316109361,27.388955741293508,1799.85,2041,3,2,09:18:40,2041 3
186.00815990780595,12.588609706726833,0.10271897016212442,28.497017939612192,1800.26,2047,1,2,15:03:07,2047 1
148.2339282624869,9.228647904706802,0.10665756859258016,28.563460194271176,1800.12,2047,1,2,15:05:08,2047 1
114.21923467552081,5.434990723463168,0.11273638135294144,28.573479473508,1799.78,2047,1,2,15:06:40,2047 1
77.28058840556953,1.4299009815368584,0.12019840185002571,28.563134944171942,1800,2047,1,2,15:08:20,2047 1
53.268912938574324,-0.3479953274785421,0.12810509553841845,28.530004182399598,1800.01,2047,1,2,15:09:56,2047 1
322.03315568659775,19.72228292972917,0.09067052482911993,28.648548930496556,1799.91,2047,1,2,15:15:33,2047 1
455.62853424546495,22.294919274291455,0.07049031714447662,28.72886396319622,1799.86,2047,1,2,15:17:33,2047 1
614.9171778964723,23.988820296352145,0.06008822246881526,28.782151107669637,1800.13,2047,1,2,15:19:34,2047 1
924.9430549937948,26.044445148943623,0.05111383586022478,28.810749446102946,1800.05,2047,1,2,15:21:34,2047 1
1052.8816179731698,25.053791839899016,0.04538902171386764,28.835893110931288,1800.05,2047,1,2,15:23:32,2047 1
275.1050116875084,25.461811060273106,0.4151454301408873,27.696402855292398,1800.05,2047,2,2,10:45:52,2047 2
205.4597240997715,19.30516237733257,0.4145593565760008,27.711686291306165,1799.99,2047,2,2,10:47:53,2047 2
144.3508806248664,11.616455785063193,0.4314545391968869,27.694014797333956,1799.96,2047,2,2,10:49:26,2047 2
81.46254644241115,3.7071011213061333,0.43294037612523517,27.708847658043272,1799.91,2047,2,2,10:50:57,2047 2
50.280694581398386,-0.33402432187628256,0.44264789922930936,27.70608621759459,1799.87,2047,2,2,10:52:29,2047 2
519.7088517262455,35.28653786169479,0.4041717026855209,27.835885288271385,1800,2047,2,2,10:58:02,2047 2
788.9064959264139,36.55976948035649,0.36007619202388574,27.963463857914764,1799.96,2047,2,2,11:00:02,2047 2
1067.336237812458,35.30310077868529,0.3181569583702803,28.06504733262305,1799.92,2047,2,2,11:02:03,2047 2
1534.8995503769193,34.35930640130875,0.27728713787104103,28.173790782717315,1799.88,2047,2,2,11:04:03,2047 2
1721.1141886937166,33.79959144390484,0.26022696099976556,28.239331281125004,1799.86,2047,2,2,11:05:57,2047 2
235.1476873813441,25.87410531727123,0.28713908596625826,27.350029495338365,1799.9,2047,3,2,08:50:41,2047 3
180.92099594028423,18.556934542775057,0.2857365342448355,27.31723409271256,1799.96,2047,3,2,08:52:14,2047 3
128.70460218359742,11.251926312035968,0.2922248594081762,27.318856038997918,1800.02,2047,3,2,08:53:47,2047 3
77.53752026813865,3.4521923183921213,0.2970526588207831,27.324501310555686,1800.01,2047,3,2,08:55:23,2047 3
51.25758773588226,-0.4341791044103128,0.3085024261556662,27.297412801666216,1800.07,2047,3,2,08:57:01,2047 3
448.0227083357419,39.58675715557632,0.2903742255218531,27.256319695098227,1799.92,2047,3,2,09:02:03,2047 3
686.9315487063665,41.34360071557544,0.24420100301531547,27.353617693157553,1799.97,2047,3,2,09:04:03,2047 3
928.8195884541341,42.66435675253375,0.21283828616209255,27.441035379059336,1799.99,2047,3,2,09:06:04,2047 3
1349.6329557286124,44.25772086211095,0.18297724370106083,27.475430591606816,1800,2047,3,2,09:08:04,2047 3
1484.3758492141799,44.83227754301174,0.1605490612108937,27.523252497012535,1800.1,2047,3,2,09:10:05,2047 3
241.50871861891574,21.192961056966684,0.24870187568669228,28.975666775860816,1800.07,2048,1,2,13:04:25,2048 1
185.88683042007804,15.961848399745143,0.2618131566613025,28.92166639876973,1799.79,2048,1,2,13:06:17,2048 1
133.2280597040537,10.129556007435644,0.28991939892621826,28.871297278950266,1800.14,2048,1,2,13:08:12,2048 1
80.25091121626777,3.0265556890016025,0.3151145370512853,28.829371399841936,1800.12,2048,1,2,13:09:55,2048 1
57.145654651088456,-1.6651995561308894,0.33899914487724997,28.751001019410026,1800.15,2048,1,2,13:11:30,2048 1
483.83001499654165,35.21720669792795,0.3171041335847176,28.75257291417094,1800.17,2048,1,2,13:17:01,2048 1
726.0435143272813,39.87919578524663,0.2837376385779008,28.813935999717607,1799.84,2048,1,2,13:19:02,2048 1
984.3844827725093,41.748314628357846,0.258749968238966,28.896903380919728,1799.81,2048,1,2,13:21:02,2048 1
1451.5937964000564,41.452425587895476,0.23906077113660573,28.954859046478255,1800.11,2048,1,2,13:23:03,2048 1
1625.3012349839541,41.19353696723752,0.22140705342458247,29.006277631921993,1800.09,2048,1,2,13:25:03,2048 1
237.00223718256694,15.595750416664739,0.17267099630858404,28.043043241800888,1800.06,2057,1,2,08:09:46,2057 1
181.8882665687831,11.359804372351482,0.1741105945134051,28.028148465297996,1799.81,2057,1,2,08:11:35,2057 1
132.604665399962,6.607266905958213,0.1801168391116937,28.025310537632308,1799.86,2057,1,2,08:13:13,2057 1
83.04283968398036,1.5790040142876758,0.18729327591271477,28.010953844188208,1800.16,2057,1,2,08:14:46,2057 1
55.703422578082645,-0.8001847339804973,0.19602654452954527,27.994931265407377,1799.9,2057,1,2,08:16:26,2057 1
463.37402961072456,24.893152983960224,0.19433492218568021,27.973643061999823,1799.95,2057,1,2,08:21:32,2057 1
704.1519388026542,26.44556332981697,0.1655936012609568,28.049038359847216,1799.97,2057,1,2,08:23:33,2057 1
947.1453610087773,27.558389082489395,0.144834450230313,28.106736215999423,1800.01,2057,1,2,08:25:34,2057 1
1369.3157953008235,27.744184785609338,0.12037803574071736,28.202852849793246,1800,2057,1,2,08:27:34,2057 1
1513.234477202402,27.090335189361603,0.103204997020802,28.262224524599233,1800,2057,1,2,08:29:35,2057 1
220.09237155345718,12.71270639999252,0.12575540415908398,28.205098667321124,1800.06,2057,2,2,08:55:24,2057 2
171.6790056743399,9.25493463559722,0.1288863267406799,28.19424702634817,1800.06,2057,2,2,08:56:57,2057 2
128.58612985888735,5.447382245008539,0.13882679062141787,28.181254508665823,1800.04,2057,2,2,08:58:44,2057 2
79.10261806663155,1.639679211973672,0.15191989023163632,28.149700685464115,1800.07,2057,2,2,09:00:23,2057 2
56.921953339460046,-0.7889469270884776,0.16467297329114755,28.123117959889072,1800.07,2057,2,2,09:02:03,2057 2
436.4023269129767,22.136437504088157,0.15288172316792367,28.14569823217012,1800.04,2057,2,2,09:07:05,2057 2
615.0081790060044,23.191921157117356,0.10741463290545666,28.277808706091832,1799.78,2057,2,2,09:09:05,2057 2
792.1766515356474,23.22763518184846,0.08051963497341973,28.37353888624027,1800.03,2057,2,2,09:11:06,2057 2
1141.5778786824108,23.92982809041588,0.06382536059115763,28.46987858930077,1799.99,2057,2,2,09:13:06,2057 2
1250.5734803963096,24.06325626382069,0.056116049965261115,28.494803312535954,1800.02,2057,2,2,09:15:07,2057 2
258.1079733958777,25.426902879765716,0.3462321715513478,27.498696996883194,1800.12,2057,3,2,08:09:14,2057 3
195.3306475072572,18.97659336930316,0.3512843525701232,27.48871679915796,1800.14,2057,3,2,08:11:05,2057 3
136.5648770769734,11.568212719531529,0.35705530902353594,27.469969707231716,1799.9,2057,3,2,08:12:39,2057 3
81.63729209477862,3.2445888531350326,0.3688292167258802,27.455330361040243,1799.91,2057,3,2,08:14:21,2057 3
51.15489209040127,-0.4758408699267534,0.3778317450164964,27.468537376189666,1800.18,2057,3,2,08:15:51,2057 3
510.5180834856387,34.21124512682336,0.35808147249882516,27.508155998538044,1800.2,2057,3,2,08:21:24,2057 3
795.0727716899082,32.56922835531905,0.3214786278080289,27.56327954431815,1799.98,2057,3,2,08:23:24,2057 3
1071.725592879734,31.919116007084558,0.2854662170638918,27.665987066809834,1799.94,2057,3,2,08:25:12,2057 3
1529.9262956880002,32.14306932440416,0.24640334215531876,27.768806990736703,1799.99,2057,3,2,08:27:12,2057 3
1705.9344132912797,31.545103922824175,0.2211528256115846,27.81985515977283,1799.98,2057,3,2,08:29:13,2057 3
250.02703512065708,23.09983399598508,0.30721723418670294,27.506438001011265,1800.08,2059,1,2,08:12:52,2059 1
190.35771277932236,17.057138390146264,0.3112216625631779,27.467494185108468,1799.86,2059,1,2,08:14:38,2059 1
134.40790966888477,10.295836107414408,0.3173311525610798,27.422799274206064,1799.93,2059,1,2,08:16:20,2059 1
78.64840498387625,3.1915580074445336,0.3160016189315733,27.416650918942743,1799.97,2059,1,2,08:18:01,2059 1
50.74586362597972,-0.3330587329189262,0.32374093693122225,27.417032021845984,1800.01,2059,1,2,08:19:35,2059 1
493.8399911263619,31.622422296453124,0.3128422540661305,27.44909122504491,1800.02,2059,1,2,08:24:55,2059 1
742.665534636949,33.1899533672567,0.25972174003905213,27.570020912644846,1800.04,2059,1,2,08:26:56,2059 1
956.2163396758132,33.66862378892262,0.1900168542316493,27.770748734186828,1799.77,2059,1,2,08:28:56,2059 1
1338.7867797349215,33.76079061301085,0.13884794397904293,27.901386013033118,1800.04,2059,1,2,08:31:17,2059 1
1413.2085424922232,33.8401531605029,0.10619386164159156,28.001243425941734,1800.02,2059,1,2,08:33:17,2059 1
242.16786063799512,14.87478322943842,0.17470342931452415,27.846293401772062,1799.86,2059,3,2,08:26:35,2059 3
184.2696915862821,10.745772827752246,0.17213476982243325,27.854487284786096,1800.16,2059,3,2,08:28:10,2059 3
130.15399398904628,6.4592551371771485,0.1724140741555469,27.864146473548097,1799.85,2059,3,2,08:29:40,2059 3
78.66921942177848,1.8902594566759534,0.17391166296798613,27.85541371784292,1800.22,2059,3,2,08:31:11,2059 3
55.21291855296065,-0.67363153791287,0.17745054784759084,27.84645048730213,1799.89,2059,3,2,08:32:41,2059 3
436.7804742971799,23.016740369509336,0.16162165273876353,27.898008629621536,1800.27,2059,3,2,08:37:52,2059 3
632.7650112259669,26.133068874617337,0.12979744277515234,27.975862453708597,1800,2059,3,2,08:39:52,2059 3
831.4073431889959,27.18041080397293,0.104698400791172,28.06285681796423,1800,2059,3,2,08:41:53,2059 3
1215.1904367220282,27.531497870326525,0.08499619072139912,28.152027149757846,1800,2059,3,2,08:43:53,2059 3
1311.2246125617332,27.431607605868304,0.07111768758528689,28.20970057402777,1800,2059,3,2,08:45:54,2059 3
249.42769935461453,30.68043624541003,0.4064163253502599,27.117102213430492,1800.14,2067,1,2,07:51:51,2067 1
191.41904998311801,22.637262737500915,0.4191461595868604,27.088926620663845,1799.86,2067,1,2,07:53:38,2067 1
134.59657356712998,13.818257991479832,0.4295884650546774,27.0518520055153,1799.82,2067,1,2,07:55:20,2067 1
77.87306527909726,4.624605757119854,0.4445360595652711,26.983622424702624,1800.17,2067,1,2,07:57:02,2067 1
50.12808300767347,-0.3073251084362592,0.45569873576097664,26.975583272859794,1800.18,2067,1,2,07:58:32,2067 1
489.62473858446646,46.7966836905365,0.46029104313528607,26.917533212872666,1799.95,2067,1,2,08:03:41,2067 1
762.6103939558226,51.79968076794663,0.461429825452736,26.916267784521278,1799.99,2067,1,2,08:05:19,2067 1
1036.1014963168807,52.84708804260142,0.42648539680295044,26.9974292252505,1799.96,2067,1,2,08:07:01,2067 1
1500.0111730970877,54.1212083209929,0.389653475872725,27.07154407923305,1800,2067,1,2,08:09:01,2067 1
1666.3800604007747,54.1154786940678,0.3451051367293621,27.150791025309815,1800.03,2067,1,2,08:11:02,2067 1
246.3244300648734,8.20615453816793,0.09504715922835555,29.195711113511095,1799.85,2067,2,2,13:07:52,2067 2
191.31163979069814,5.62084542412771,0.09246405677160846,29.20551047996611,1800.05,2067,2,2,13:09:28,2067 2
139.10369611408206,3.211480093350655,0.09602061133742618,29.21253696778063,1799.98,2067,2,2,13:11:15,2067 2
83.53265383872576,0.8237432908950982,0.09901429892892992,29.217150855827594,1799.97,2067,2,2,13:12:46,2067 2
60.45348479104193,-0.7419661215104482,0.10556719308345947,29.188059244909063,1799.94,2067,2,2,13:14:20,2067 2
372.5083616029226,18.22665641409058,0.09794453204259375,29.213072917304185,1800.02,2067,2,2,13:19:41,2067 2
578.4876076582667,20.165610086289576,0.08423359985128447,29.240032121183308,1799.99,2067,2,2,13:21:41,2067 2
809.1916943154666,18.493624661451502,0.06622521742987861,29.303697787878242,1799.86,2067,2,2,13:23:42,2067 2
1192.297608432062,20.552712844036442,0.059805097256734094,29.341164354229264,1800.04,2067,2,2,13:25:42,2067 2
1349.7700483091248,21.045451170270493,0.05729613544865483,29.356062378479898,1799.99,2067,2,2,13:27:37,2067 2
231.78878384139293,26.59773178655144,0.3112527767595283,29.377188557389733,1800.03,2067,3,2,12:10:01,2067 3
180.2963864309567,19.544909322755316,0.3247686481868999,29.337905586193145,1800.02,2067,3,2,12:12:02,2067 3
128.41680122343718,12.141024078298754,0.3421938473572221,29.271127201238397,1799.98,2067,3,2,12:14:02,2067 3
76.82386008870962,3.9360273626912314,0.36014952863760247,29.219958893596594,1800,2067,3,2,12:15:54,2067 3
50.626104410912184,-0.3771987221662596,0.3713201739266607,29.146895031140996,1800.12,2067,3,2,12:17:26,2067 3
460.44175995676545,41.99433829041649,0.35817342465717733,29.160606114228436,1799.99,2067,3,2,12:22:27,2067 3
714.667774853661,47.39237835012769,0.3420906115963003,29.136012401518148,1800.01,2067,3,2,12:24:28,2067 3
974.2876784610246,49.17739775883571,0.3110960955185441,29.239042319936857,1800.01,2067,3,2,12:26:28,2067 3
1437.6740493321934,48.89317445534289,0.2835051772649901,29.37755277565659,1799.97,2067,3,2,12:28:29,2067 3
1596.6198180390636,48.75085809671108,0.2446223780269874,29.545777594810122,1800.19,2067,3,2,12:30:29,2067 3
224.55553323144906,20.958956505869175,0.23008564239955043,29.52298278473368,1800.06,2068,1,2,11:44:22,2068 1
169.77328837107478,15.584807743795729,0.2301670095713024,29.546695330509564,1800,2068,1,2,11:45:54,2068 1
122.91758140097211,9.320771520663275,0.23675692353898048,29.532751553798274,1799.99,2068,1,2,11:47:28,2068 1
76.23216894283058,2.7722533963518226,0.24834838516200125,29.510173889503246,1799.93,2068,1,2,11:49:23,2068 1
49.89708538697658,-0.2693069948032709,0.25738004171487483,29.509892987074558,1800.17,2068,1,2,11:51:05,2068 1
371.08233900094865,27.74856561269936,0.15650923262626812,29.93672949278252,1799.98,2068,1,2,11:56:37,2068 1
488.2752655604898,30.900617892808697,0.1089236176222103,30.157304270060088,1800.21,2068,1,2,11:58:37,2068 1
731.2027719629078,34.694055961113115,0.11190681691181022,30.164224334138574,1799.85,2068,1,2,12:00:38,2068 1
938.8991108309783,33.6909912217625,0.06982935208716144,30.390859402562114,1800.07,2068,1,2,12:02:38,2068 1
980.8605798556674,32.7908632767504,0.056751666806171414,30.480364610485246,1799.99,2068,1,2,12:04:39,2068 1
232.7815120689758,23.477235476902,0.27056673696382283,26.95065352068341,1800.01,2068,2,2,09:08:55,2068 2
174.1325969912779,17.33169732321315,0.26441696016678834,26.949519238813814,1799.98,2068,2,2,09:10:26,2068 2
123.9714928983764,10.088559686951442,0.2567863031998348,26.976879272922194,1799.99,2068,2,2,09:11:56,2068 2
72.30536908858886,3.4849066223519527,0.2518205121309882,27.00280203428902,1799.99,2068,2,2,09:13:37,2068 2
48.02897424823245,0.030457806008914838,0.24957916674088795,27.047318316023844,1799.99,2068,2,2,09:15:12,2068 2
408.66872373958324,30.708608474142586,0.19795007912595797,27.152529623591406,1799.97,2068,2,2,09:20:39,2068 2
578.5722076422903,32.854732480822605,0.14308013027676345,27.36572281466627,1799.9,2068,2,2,09:22:39,2068 2
815.4648560962353,36.448230509659204,0.13956004703873323,27.32029185521255,1800.22,2068,2,2,09:24:24,2068 2
1235.0759533681965,35.92522042084678,0.11970399631629473,27.419185559485516,1799.92,2068,2,2,09:26:24,2068 2
1368.508808279315,35.394411908543695,0.10487519990718298,27.458728992503875,1799.95,2068,2,2,09:28:25,2068 2
258.8579661027049,28.80640705464906,0.41940801374743397,28.254639959705486,1800.1,2068,3,2,11:17:42,2068 3
196.07157519798378,21.00696224281566,0.4156954382926294,28.30866950775571,1799.96,2068,3,2,11:19:40,2068 3
138.08648417325472,12.697019077280489,0.4274484576330913,28.310167611869158,1800.16,2068,3,2,11:21:20,2068 3
81.78116359270155,3.580256664739702,0.4406700143779449,28.31020052786534,1800.12,2068,3,2,11:22:55,2068 3
53.79700340994768,-1.202352676273344,0.453179736754057,28.29560426179288,1800.06,2068,3,2,11:24:27,2068 3
449.2791499842111,36.80545834638247,0.2851649062743457,28.701064819657013,1800.1,2068,3,2,11:30:04,2068 3
598.1131860563572,38.6711390366052,0.17685875070861837,29.003939670112185,1800.02,2068,3,2,11:32:04,2068 3
783.2359491261926,37.82768257218075,0.13197701101316514,29.171587350329908,1799.94,2068,3,2,11:34:28,2068 3
1112.422487341347,38.008618629607845,0.09838924032532952,29.295621282047552,1799.82,2068,3,2,11:36:29,2068 3
1103.581779049888,36.2758844321351,0.07028386216672378,29.414333667566584,1800.06,2068,3,2,11:38:29,2068 3
210.30396556647813,14.869187140084739,0.1381765179728275,27.365340836172255,1800.1,2069,1,2,08:26:48,2069 1
167.24814946231183,10.352369414085222,0.13800322836507917,27.359734326678748,1800.13,2069,1,2,08:28:22,2069 1
127.09525785063602,6.024333741231349,0.14909153608227568,27.357062067341147,1799.85,2069,1,2,08:29:58,2069 1
80.76952283879797,1.582204350602349,0.16184366462284372,27.324724752099556,1799.87,2069,1,2,08:31:36,2069 1
54.4379052307748,-0.6065831577555691,0.17349334658196922,27.29695333098458,1799.87,2069,1,2,08:33:07,2069 1
343.4741502486622,22.928419822815737,0.11183238416533157,27.445069073364454,1799.89,2069,1,2,08:38:28,2069 1
447.9781707067047,23.458710957548234,0.07258868894763307,27.635902108385544,1799.89,2069,1,2,08:40:29,2069 1
608.0564903703945,26.785046800897344,0.06615981413164655,27.624786791723288,1799.85,2069,1,2,08:42:29,2069 1
959.515647665709,27.636784861521118,0.05646951218374787,27.63643891964604,1799.88,2069,1,2,08:44:30,2069 1
1044.6704200905476,28.487657569501934,0.051044057885644124,27.67246577262459,1799.9,2069,1,2,08:46:31,2069 1
232.52317346306234,15.238561374110093,0.1666039809146275,28.17969984795219,1800,2069,2,2,08:32:48,2069 2
183.55540632855426,10.863194667531621,0.17247041356366558,28.156688007373795,1800.01,2069,2,2,08:34:18,2069 2
131.78423944497507,6.572128010249915,0.18080629049942995,28.139738395472644,1800.07,2069,2,2,08:35:49,2069 2
82.3010702005697,1.6251756043115824,0.1932239225146699,28.118501668428564,1800.05,2069,2,2,08:37:28,2069 2
52.22860354378367,-0.44960065704648566,0.2053796587770168,28.092363314223867,1800.09,2069,2,2,08:39:00,2069 2
253.54625364351477,16.923014847958783,0.21840904697070554,28.052617313175364,1800.03,2069,2,2,08:40:33,2069 2
247.49527654154352,18.28346955682408,0.2264362781954397,28.028388569336734,1800.02,2069,2,2,08:42:07,2069 2
474.2145685344008,27.427460850448348,0.23425322355711423,28.009937168565934,1800.03,2069,2,2,08:43:46,2069 2
739.4436980941872,29.794743005699623,0.22544264996865007,28.038796076930048,1800.01,2069,2,2,08:45:16,2069 2
1011.2553959889793,29.668411562443854,0.20609389891787233,28.07286342073788,1800.04,2069,2,2,08:47:17,2069 2
1448.6562161338647,31.5459565850735,0.18258299420948437,28.171839284189538,1800.08,2069,2,2,08:49:17,2069 2
1633.3279175030336,29.174069250238993,0.16371097094043047,28.24101677902414,1799.75,2069,2,2,08:51:18,2069 2
279.407440248124,19.881278081430818,0.31739904303741584,27.894303573099457,1799.88,2069,3,2,09:22:56,2069 3
212.25833528060423,14.652034432186902,0.32290473984776985,27.87826775102066,1799.86,2069,3,2,09:24:43,2069 3
148.81978417993054,8.577250594668277,0.32860965432456773,27.86036623019118,1799.86,2069,3,2,09:26:19,2069 3
85.27588653520593,2.3343304944594894,0.33790705058837994,27.842665418796184,1800.22,2069,3,2,09:27:56,2069 3
53.71458826425522,-0.9697930388123535,0.3496638458476534,27.827241797670787,1799.88,2069,3,2,09:29:27,2069 3
547.6400874460943,27.349483855516098,0.3631251698513156,27.838596992234486,1800.16,2069,3,2,09:34:34,2069 3
837.7451882672465,26.873795954819876,0.349977366480731,27.87295255168053,1799.84,2069,3,2,09:36:05,2069 3
1125.128036206772,26.58203004888544,0.33320970817469014,27.924897887465068,1800.09,2069,3,2,09:37:41,2069 3
1603.8835490250428,26.095975554562123,0.3078891791162589,27.98445761611097,1800.06,2069,3,2,09:39:41,2069 3
1777.1029514517088,27.064250552739583,0.27675774148427285,28.060518655768455,1800.03,2069,3,2,09:41:42,2069 3
326.58303566607,13.563378730240373,0.3885949651565644,27.751654416084975,1799.99,2071,1,2,11:08:35,2071 1
244.14998486568368,10.133668991676238,0.37897474378676543,27.712869905210088,1799.79,2071,1,2,11:10:09,2071 1
166.36089996531834,6.113487507310932,0.3856587786056782,27.63010903117682,1800.15,2071,1,2,11:11:44,2071 1
90.27368030953485,1.5110481217504168,0.3723371480466812,27.603520853493787,1799.98,2071,1,2,11:13:23,2071 1
53.13491397353345,-0.8816674794171305,0.3701724422474571,27.514058686779684,1800.06,2071,1,2,11:14:54,2071 1
584.1304324863681,17.512920784791532,0.31275903140840833,27.27661159568869,1799.96,2071,1,2,11:20:35,2071 1
857.918421544343,18.59634990229607,0.27520412107000053,27.397866298022766,1800.02,2071,1,2,11:22:27,2071 1
1134.3436639765553,19.49633889513534,0.24982088115277978,27.334584363210684,1800.15,2071,1,2,11:24:04,2071 1
1611.7236133297338,18.980531747027527,0.22401865486455186,27.44476928038057,1800,2071,1,2,11:26:04,2071 1
1786.343903778663,19.584220057939852,0.2002933287920837,27.479162671589233,1800.06,2071,1,2,11:28:05,2071 1
232.6070500153551,18.39660616683734,0.20340109746903443,28.747795854933145,1799.79,2071,2,2,13:00:58,2071 2
214.15521414121216,12.66686918282233,0.2905161523120161,28.41754839087469,1800.24,2071,2,2,13:02:59,2071 2
140.49015772878218,8.92643655467241,0.29486221264814505,28.36447946933186,1799.92,2071,2,2,13:04:58,2071 2
79.8367525770791,2.182004126081162,0.2332153798862104,28.454401797898957,1800.06,2071,2,2,13:06:59,2071 2
28.28021858095344,3.776699109127586,0.18983768549182473,28.392912602827337,1799.96,2071,2,2,13:08:59,2071 2
369.1145691425854,16.572470906803346,0.08805480813920889,28.866982080110734,1799.96,2071,2,2,13:15:26,2071 2
536.9723190506041,19.509891822612406,0.07381509802427061,28.924947569349364,1800.03,2071,2,2,13:17:27,2071 2
720.2806206155694,21.356561580653693,0.06446271311746357,28.758460300290135,1799.81,2071,2,2,13:19:27,2071 2
1098.3477826674978,21.78483314749467,0.05499807999902882,28.928990122032797,1800.15,2071,2,2,13:21:28,2071 2
1219.7211205103406,20.529426900928975,0.04651484588048711,28.971440099823738,1799.92,2071,2,2,13:23:28,2071 2
293.29878599606997,27.928707440737938,0.5723355162510123,27.154812639420065,1799.99,2072,1,2,08:46:13,2072 1
219.78443300706854,21.434852040269774,0.5859382066037175,27.12729415849026,1800,2072,1,2,08:48:01,2072 1
149.79320369561282,13.454470830645146,0.5935810950553959,27.117889537570473,1799.99,2072,1,2,08:49:42,2072 1
81.12670151022829,4.916660614164468,0.5947440743711898,27.140817641115262,1800,2072,1,2,08:51:31,2072 1
49.2036508628575,-0.11788192047032751,0.6016499708719908,27.13594283361306,1800.01,2072,1,2,08:53:03,2072 1
551.1850280352071,37.66103938497774,0.5648582431960235,27.176748778292477,1800.01,2072,1,2,08:58:32,2072 1
824.3482040056043,41.08486984768073,0.526080891046783,27.234231902925426,1800.04,2072,1,2,09:00:04,2072 1
1097.857419191428,40.078154635406285,0.4464182808309126,27.38353051950547,1800.03,2072,1,2,09:02:05,2072 1
1554.3522098220049,41.18528254368617,0.37773118330969047,27.550303659386845,1800.06,2072,1,2,09:04:05,2072 1
1710.4649115815118,42.3799169757069,0.31763364557971085,27.712427348928966,1800.05,2072,1,2,09:06:06,2072 1
270.0447277020568,24.854503854744,0.3692820098355112,27.83538104385157,1799.93,2072,2,2,12:57:35,2072 2
206.23921872358054,18.213556692084957,0.37759249591294886,27.82062591453901,1799.97,2072,2,2,12:59:24,2072 2
141.9021860261748,11.649062486351337,0.39373755291577417,27.779121933126003,1800.01,2072,2,2,13:01:14,2072 2
80.92236427357084,3.8273764842167637,0.4151609950668389,27.74393434138768,1799.78,2072,2,2,13:02:45,2072 2
51.48517852621236,-0.6022787852236117,0.41701586603038576,27.751723069843695,1800.08,2072,2,2,13:04:15,2072 2
532.8769235350691,34.29528256355361,0.41364177334095936,27.709249134005695,1799.92,2072,2,2,13:09:50,2072 2
813.4450164479211,36.62129591668416,0.40717177339022037,27.72606691244457,1799.92,2072,2,2,13:11:38,2072 2
1105.006333195386,36.00860595453413,0.396414850357726,27.757904889933723,1799.91,2072,2,2,13:13:39,2072 2
1589.8428314775558,35.70883741031373,0.38354595905319333,27.763785102148002,1799.96,2072,2,2,13:15:39,2072 2
1778.932414635958,36.158946281992115,0.37316862986788746,27.784190309929222,1799.94,2072,2,2,13:17:23,2072 2
265.1256311528312,26.647314313407012,0.3969307359351186,28.145949336705826,3.67111,2072,3,2,10:03:02,2072 3
204.32256831582876,19.55977443012906,0.41566593420771664,28.123654767128247,3.61284,2072,3,2,10:04:50,2072 3
142.1822403136957,11.819805017163377,0.4200634421478065,28.13041359863205,3.84593,2072,3,2,10:06:28,2072 3
83.1426328525766,3.2982567580141318,0.43583507874532174,28.11173226684343,3.37975,2072,3,2,10:08:09,2072 3
51.91856923509797,-0.7306124303299413,0.45957072814601113,28.082927743928206,3.48464,2072,3,2,10:09:41,2072 3
506.53988749976475,36.42026153772901,0.38367766837803,28.255219651364154,3.58953,2072,3,2,10:14:33,2072 3
732.1567319108844,39.16722727543255,0.2885081117163201,28.475344855581255,3.67111,2072,3,2,10:16:34,2072 3
961.6841892258776,40.65308794685865,0.23235336358331254,28.619839943126472,3.32148,2072,3,2,10:18:34,2072 3
1389.0952367060006,40.822853843831865,0.19215140307292033,28.74791908909003,3.61284,2072,3,2,10:20:35,2072 3
1507.4437655181214,42.09258708651131,0.16181033125119687,28.852361393712364,3.72938,2072,3,2,10:22:35,2072 3
236.26966228448902,15.986229171260575,0.17480726409917557,28.91755049706635,1799.9,2078,2,2,12:24:29,2078 2
183.44927260391353,12.026170944346628,0.18605564624685272,28.89996983986046,1799.9,2078,2,2,12:26:13,2078 2
136.4340312512537,7.607560578867079,0.2214066656617154,28.832048576506114,1800.19,2078,2,2,12:27:57,2078 2
84.89820069136468,1.932400330435193,0.2641351461514231,28.745097562810862,1799.89,2078,2,2,12:29:28,2078 2
57.045667168038946,-1.4214613444268698,0.3002277905646137,28.657584376155057,1799.92,2078,2,2,12:30:58,2078 2
400.0204490104498,20.356244904713996,0.11888066623481051,29.116000623885856,1800.13,2078,2,2,12:36:53,2078 2
523.6637753333267,23.042227290907682,0.08313602708067387,29.202011201068082,1800.14,2078,2,2,12:38:54,2078 2
726.4131746846296,21.507344845922976,0.06439802588995279,29.26805827746472,1800.13,2078,2,2,12:41:15,2078 2
1057.916750693872,22.58689031118917,0.052292586760913036,29.29563366266232,1799.85,2078,2,2,12:43:16,2078 2
1153.1401989523463,21.28403810241963,0.04296751486607712,29.31970002587781,1800.13,2078,2,2,12:45:16,2078 2
295.68865554239534,16.83648536960856,0.3130482378682622,27.44423391646371,1800.04,2086,1,2,09:32:23,2086 1
221.4213130436392,12.755381087879238,0.3140422684590525,27.44251920105362,1800.03,2086,1,2,09:33:53,2086 1
152.69034113723447,7.777246873614443,0.32264796308890925,27.439721158546533,1800.01,2086,1,2,09:35:29,2086 1
86.94369270336482,2.0173509917496033,0.3353742408328576,27.4345550033273,1799.99,2086,1,2,09:37:01,2086 1
53.50228374761804,-0.9192618671180457,0.347051896962498,27.424009080481213,1799.99,2086,1,2,09:38:31,2086 1
565.9750832340538,22.66732003027609,0.3432884718112581,27.43932368902113,1800.22,2086,1,2,09:43:13,2086 1
846.2303838293951,23.58653071932239,0.319822801108478,27.4789179172163,1799.93,2086,1,2,09:44:48,2086 1
1134.2211969832515,22.77570216747944,0.2962296800039089,27.507760818813903,1800.18,2086,1,2,09:46:20,2086 1
1600.7282381333482,24.143781353514004,0.26881410406042666,27.56228863508764,1799.94,2086,1,2,09:48:20,2086 1
1781.5035977195455,24.098888381124738,0.24446975935927584,27.622227705080206,1800.18,2086,1,2,09:50:05,2086 1
242.75643364389356,7.077637096261686,0.07846258270882511,28.01807087726539,1799.93,2086,2,2,09:26:04,2086 2
192.46372351249437,4.907286707781162,0.0801186817580806,27.969870527649867,1799.94,2086,2,2,09:27:40,2086 2
138.84072162505865,2.862092461065271,0.0834690073627526,28.083020629642782,1799.88,2086,2,2,09:29:23,2086 2
86.28447176613109,0.5902854981156319,0.0858486967083906,28.08775142179024,1800.13,2086,2,2,09:31:01,2086 2
62.26028454682134,-0.7248748796247756,0.08724953409986111,28.162285677309253,1800.01,2086,2,2,09:32:37,2086 2
421.2547600988476,13.907872455824863,0.08732798827480114,28.356736669012083,1800.13,2086,2,2,09:37:12,2086 2
630.7262843011737,17.156480742391448,0.0816495258089463,28.397444857269925,1800.04,2086,2,2,09:38:46,2086 2
854.0256043693377,18.742900048382474,0.07405755199286566,28.36751231876335,1799.98,2086,2,2,09:40:17,2086 2
1336.182960833373,17.179357762062384,0.067168762307072,28.34001770285241,1799.96,2086,2,2,09:42:17,2086 2
1429.372960595829,20.46602034572431,0.06405229796776248,28.357705702334886,1799.96,2086,2,2,09:43:49,2086 2
243.90570729784977,20.677034835859356,0.24296948112221703,27.769556679537203,1800.14,2086,3,2,08:52:17,2086 3
188.01289129888733,14.92806911419512,0.24541450568311335,27.788145415900164,1799.81,2086,3,2,08:53:50,2086 3
132.1595792390672,9.320407855518837,0.25516647597348424,27.79459994506406,1799.82,2086,3,2,08:55:21,2086 3
79.88865290593832,2.7266072112092545,0.26728193894203417,27.771766848301873,1799.83,2086,3,2,08:56:59,2086 3
53.345750502610336,-0.7402396780266702,0.27957608277827806,27.77709679650503,1799.85,2086,3,2,08:58:30,2086 3
488.74518278722684,31.685641574586175,0.2838860636567231,27.803354499027922,1800.06,2086,3,2,09:03:24,2086 3
731.9363503759528,32.20366392348632,0.22591338787590162,27.89165711437519,1800.03,2086,3,2,09:05:25,2086 3
980.5980526120297,33.37461499475362,0.19651576298862242,27.953764503811314,1800.05,2086,3,2,09:07:25,2086 3
1408.5736212041777,34.37337061724544,0.16624660036021058,28.048200244469204,1800.09,2086,3,2,09:09:26,2086 3
1545.4181211146108,35.06710373462177,0.1443673324455156,28.116131403489646,1799.72,2086,3,2,09:11:27,2086 3
232.72608049523112,23.385430253598457,0.25596806358515006,27.66091220614751,1800.24,2089,1,2,13:13:46,2089 1
181.67920040995241,16.644280729079206,0.25898106342054883,27.658935092196156,1800.27,2089,1,2,13:15:16,2089 1
129.76052765047964,10.344194679124923,0.27396239159174435,27.582408559196743,1799.72,2089,1,2,13:17:03,2089 1
77.58992946752103,3.219149274780032,0.2789340873850808,27.555818776804575,1799.8,2089,1,2,13:18:55,2089 1
53.85776349338884,-0.8424309425694912,0.29002305780216003,27.542380148118447,1800.16,2089,1,2,13:20:36,2089 1
462.9241651293661,36.292737481741256,0.2870292062166565,27.44183216999669,1799.92,2089,1,2,13:26:07,2089 1
725.0545111754185,38.17055081694868,0.26265479516806683,27.50859822798021,1800.16,2089,1,2,13:27:47,2089 1
1011.4333281187319,37.04488728730819,0.24673292131224508,27.573880536494535,1799.89,2089,1,2,13:29:35,2089 1
1494.8457301244746,35.504931836757486,0.23050971745787044,27.555166942123762,1799.93,2089,1,2,13:31:36,2089 1
1678.4339734458272,35.37510709902446,0.21924488459014488,27.64910193726622,1799.9,2089,1,2,13:33:36,2089 1
252.47372577843896,24.732245594141705,0.3252987318038322,27.05966988635865,1800.04,2089,2,2,11:37:34,2089 2
189.0790897118564,19.06690575174932,0.3341067169257849,27.026306863660103,1799.82,2089,2,2,11:39:10,2089 2
137.05442052439298,10.92405871597452,0.3454923060949054,26.973148641844713,1799.88,2089,2,2,11:40:41,2089 2
77.6704667836806,3.830163383495124,0.3604905968821478,26.93096453679849,1799.9,2089,2,2,11:42:17,2089 2
50.14712370160564,-0.3730489984410876,0.37421261738712536,26.890749995199723,1800.2,2089,2,2,11:43:48,2089 2
510.42537640284274,34.94442641291378,0.3776037909566954,26.863141196919198,1799.95,2089,2,2,11:48:32,2089 2
774.8963768628735,36.668155945548435,0.3408725714125658,26.950408072583336,1800.22,2089,2,2,11:50:32,2089 2
1052.3287957217742,35.3972803678683,0.30715810928696075,27.059253104558376,1799.96,2089,2,2,11:52:33,2089 2
1523.0036679740965,34.70494755037171,0.2838783477887893,27.15498376187136,1799.93,2089,2,2,11:54:06,2089 2
1691.1245775067625,35.06202175044427,0.25535774143942674,27.242499351362728,1800.18,2089,2,2,11:56:07,2089 2
294.8984892475857,10.801310345765835,0.2004033571118508,28.67027905177069,1800.03,2089,3,2,10:14:50,2089 3
223.76860979040808,7.901595222061129,0.2027719715161338,28.66069999693261,1800.06,2089,3,2,10:16:21,2089 3
154.9415544744926,4.669900271691616,0.20693232688054783,28.663050563448433,1799.78,2089,3,2,10:17:52,2089 3
87.9010634567552,1.1063859975469643,0.20857528484948634,28.652940959589323,1800.08,2089,3,2,10:19:24,2089 3
53.72201188761379,-0.613138946310328,0.21406821908316334,28.63444984682362,1800.1,2089,3,2,10:20:57,2089 3
546.1768280197283,16.513572999286964,0.21592290439844103,28.597931616998356,1800.14,2089,3,2,10:25:34,2089 3
819.3125656046769,18.431684539753498,0.21062744643384054,28.600768404321087,1799.87,2089,3,2,10:27:05,2089 3
1103.885519559976,18.88316210124248,0.20568359419103835,28.6246299794585,1800.16,2089,3,2,10:28:37,2089 3
1579.4785219080582,19.698827706196216,0.2006913598141827,28.620666962805828,1800.19,2089,3,2,10:30:16,2089 3
1775.8091549995543,18.948248618872434,0.19543948158887206,28.632959960857573,1800.19,2089,3,2,10:31:59,2089 3
260.68495693304317,37.90782408322923,0.6027634808671165,28.547861097070353,1799.78,2092,1,2,10:23:25,2092 1
200.05954130843887,28.428948697608682,0.641704626112322,28.49728295518748,1800.02,2092,1,2,10:25:10,2092 1
139.4749496857268,17.562531567873872,0.6660804055235638,28.476967577161357,1799.98,2092,1,2,10:26:46,2092 1
80.09781133083867,5.574328271120015,0.6828100486424747,28.468441884893604,1799.94,2092,1,2,10:28:18,2092 1
50.70247334927896,-0.6515399054467936,0.688772817804459,28.481416539541954,1799.92,2092,1,2,10:29:58,2092 1
498.81970323068816,52.999840829356856,0.592449115752517,28.67169056695682,1799.7,2092,1,2,10:36:00,2092 1
734.3603918329655,57.167106548019,0.4639305311714935,28.93577436339557,1799.98,2092,1,2,10:37:56,2092 1
968.772905638528,57.468357421851195,0.3607011052295446,29.216959843693807,1799.9,2092,1,2,10:40:20,2092 1
1380.220205558682,57.339203136319,0.2772081049569312,29.45784572925363,1799.83,2092,1,2,10:42:21,2092 1
1468.4281575978728,56.83180684477196,0.20716928966061418,29.682147259004473,1800.04,2092,1,2,10:44:21,2092 1
272.3772790751152,32.1718337630328,0.5537549264194263,29.32429062613657,1800.01,2092,2,2,12:17:46,2092 2
202.88692269741694,25.28689516143697,0.572833852743566,29.288760902517506,1800.01,2092,2,2,12:19:47,2092 2
142.11803581732556,15.149341013307199,0.5870061374169216,29.275285856611394,1800,2092,2,2,12:21:47,2092 2
80.78499293617755,5.043104263173411,0.630730328311529,29.213370547822937,1800.26,2092,2,2,12:23:48,2092 2
50.35386940013389,-0.513974491837969,0.631271394550719,29.21547306209381,1799.97,2092,2,2,12:25:48,2092 2
531.9513335001961,43.72689892022672,0.5983777984389371,29.03053470177036,1800.18,2092,2,2,12:31:06,2092 2
803.7571581043483,45.80511995570977,0.5394925334473278,28.95157171438288,1799.83,2092,2,2,12:33:07,2092 2
1080.0260996314144,46.26177356734436,0.48844215456673057,28.961294278526974,1800.11,2092,2,2,12:35:31,2092 2
1552.749122033879,46.21295558871179,0.44438315846995896,28.9837639259782,1800.01,2092,2,2,12:37:31,2092 2
1719.5621979032696,46.05692746294275,0.37919612274578873,29.044161796584287,1799.91,2092,2,2,12:39:32,2092 2
253.38736988143648,18.997516479746885,0.2437999908258727,28.33415950784987,4.37037,2092,3,2,13:36:46,2092 3
194.0347336329164,13.915324887677752,0.2480408754138996,28.297629111773137,4.37037,2092,3,2,13:38:38,2092 3
137.8988474840157,8.398867291382741,0.25964045182361795,28.286405506405483,5.36099,2092,3,2,13:40:25,2092 3
80.47719508363836,2.618501396327429,0.2712132528584622,28.246605815991607,5.59407,2092,3,2,13:42:02,2092 3
54.39224950424749,-0.9101041018137658,0.28563710862888575,28.233408788048784,5.59407,2092,3,2,13:43:34,2092 3
492.8888562064219,25.650801801352625,0.23672056125566535,28.338001285737295,5.47753,2092,3,2,13:48:55,2092 3
720.255515353948,26.751361588078634,0.17951497272578532,28.46789201392881,4.3121,2092,3,2,13:50:38,2092 3
964.4977180777385,26.328932471834833,0.14658563112546108,28.54925863914206,4.54519,2092,3,2,13:52:57,2092 3
1368.167413401986,26.66766996790067,0.11467549942329848,28.645808497570115,5.01136,2092,3,2,13:54:58,2092 3
1394.2845349000797,26.96207350946807,0.0794937869448397,28.757720863506727,5.1279,2092,3,2,13:56:58,2092 3
242.491179865682,27.465955974570242,0.3284947549526996,27.513339018757,1800.17,2095,1,2,09:51:59,2095 1
184.46673800702013,20.40197430074781,0.3334654190026878,27.51045800693123,1799.93,2095,1,2,09:53:41,2095 1
131.84871516231732,12.231471604864419,0.34272017048171693,27.489942327856678,1800.2,2095,1,2,09:55:22,2095 1
77.62560019803634,3.9322355862079674,0.34986986470370834,27.48238214532367,1799.93,2095,1,2,09:57:22,2095 1
50.13143397076718,-0.25356152139839594,0.3622414218487914,27.46235700913478,1799.93,2095,1,2,09:58:56,2095 1
445.2679318013062,45.40448232441058,0.33833201076628333,27.512816281545735,1799.93,2095,1,2,10:04:20,2095 1
667.4153500444795,51.047519295620816,0.2887784076920168,27.60752915128118,1800.19,2095,1,2,10:06:20,2095 1
896.3626581942859,53.840412222359056,0.24923007326531138,27.71079130897325,1799.89,2095,1,2,10:08:21,2095 1
1342.1296338758937,53.99270247638601,0.222747404848055,27.761661876850596,1799.89,2095,1,2,10:10:21,2095 1
1477.4162253012053,53.739922743538166,0.19204918562404785,27.849000321512857,1800.16,2095,1,2,10:12:22,2095 1
256.75128462366985,26.78444174714252,0.36983419004251206,27.5308183327976,1799.96,2096,1,2,11:16:16,2096 1
195.98401122037032,20.36343442867333,0.3913404962150231,27.481360085895176,1799.98,2096,1,2,11:18:08,2096 1
138.04840433233932,12.280712654507548,0.4014690386942569,27.448601681331922,1800,2096,1,2,11:19:46,2096 1
79.56906082159492,3.975524191568304,0.413279012979906,27.420264890615243,1800.01,2096,1,2,11:21:29,2096 1
51.269878925954806,-0.5573794635340805,0.41775572626116225,27.41768420915937,1800,2096,1,2,11:23:00,2096 1
503.32272727795925,38.24547920393631,0.39643915467414326,27.455994993842772,1799.78,2096,1,2,11:28:14,2096 1
781.4577744960087,39.743080510928515,0.3784972074324111,27.50032091186226,1799.98,2096,1,2,11:29:55,2096 1
1071.8901020696205,38.887340675532336,0.36430874656529383,27.55278926063826,1800,2096,1,2,11:31:34,2096 1
1549.5261329714383,37.639329801933485,0.33177287954846807,27.629924439673022,1800.01,2096,1,2,11:33:35,2096 1
1725.3369800179328,37.514584873659665,0.2987878781562212,27.702335469528286,1800,2096,1,2,11:35:36,2096 1
222.1169757338204,16.798790475985072,0.17166876025151656,27.95987292166461,1800.2,2096,2,2,10:38:00,2096 2
173.37976524337128,12.07939255127587,0.17414019996578853,27.949011077904174,1800.23,2096,2,2,10:39:33,2096 2
124.40125917907889,7.358272026520073,0.1794595410920704,27.948110917936184,1799.97,2096,2,2,10:41:04,2096 2
77.73801961367501,2.1799163905828585,0.19105251529804285,27.916014171416897,1799.99,2096,2,2,10:42:47,2096 2
53.92360521332573,-0.6193171705370132,0.20387474381845522,27.897503680280394,1799.97,2096,2,2,10:44:27,2096 2
355.93638142023224,23.86529950160436,0.12266782023640199,28.09965150520326,1800,2096,2,2,10:49:59,2096 2
505.6339546061208,24.52307977048149,0.08630051383341078,28.192948655112577,1799.98,2096,2,2,10:51:59,2096 2
665.4080071075416,26.718964832638154,0.07284114957844534,28.252427550977107,1799.99,2096,2,2,10:54:00,2096 2
970.14305298632,31.616435200979065,0.06592640696259212,28.24908253188726,1799.99,2096,2,2,10:55:39,2096 2
1128.413930494459,29.269281037590883,0.05812338288090846,28.272892039602013,1800,2096,2,2,10:57:40,2096 2
165.24862775285655,11.31361533339271,0.08366075706313045,27.77047550506853,1800.04,2096,3,2,09:54:19,2096 3
138.7083076816032,7.559563683987518,0.08182111524177632,27.789785680989887,1800.03,2096,3,2,09:55:59,2096 3
107.65112522594718,4.5058432109159225,0.08635663638237144,27.804140363205732,1800.02,2096,3,2,09:57:42,2096 3
71.72997088603411,1.4015118517694936,0.092487445474134,27.73309063975828,1800.03,2096,3,2,09:59:12,2096 3
55.47726915761857,-0.4559359662216172,0.10233790850677828,27.681713381740487,1800.06,2096,3,2,10:01:01,2096 3
250.61272190408212,17.87969738992527,0.06824280112627283,27.77171484441292,1800.05,2096,3,2,10:06:38,2096 3
389.0816219233192,20.65667528943569,0.05794617822942145,27.86001415310546,1799.99,2096,3,2,10:08:39,2096 3
516.0576806162917,23.16764445732049,0.05052055645432813,27.839414227150545,1800.01,2096,3,2,10:10:39,2096 3
711.029309032139,29.90933096499059,0.04685572914348239,27.876295064904188,1799.95,2096,3,2,10:12:40,2096 3
798.1403717366937,29.642058343531826,0.04202345106797756,28.029158495821022,1800.14,2096,3,2,10:14:40,2096 3
255.8442121701094,34.023938005907915,0.4773693955638769,27.463097575964564,1800.25,2100,2,2,10:28:50,2100 2
196.9851619771212,24.044951699194772,0.4736982305548008,27.459168253374607,1799.94,2100,2,2,10:30:22,2100 2
139.70154719165177,14.522327257123655,0.49757563215532447,27.406357213664016,1799.97,2100,2,2,10:31:58,2100 2
79.81505474889812,4.740648256238969,0.503580891880697,27.407017145885803,1799.99,2100,2,2,10:33:42,2100 2
51.96047805199297,-0.8685884793734069,0.5138742967212224,27.385779751556818,1800.02,2100,2,2,10:35:14,2100 2
470.8173295186847,51.86088260759887,0.45801508038862615,27.448829146823716,1800.07,2100,2,2,10:40:43,2100 2
678.7736841092393,58.93868420932477,0.3599346522294019,27.653176947207562,1799.74,2100,2,2,10:42:43,2100 2
916.7051637031053,60.860304955951754,0.30773548839046755,27.80290754832611,1800.03,2100,2,2,10:45:14,2100 2
1353.19850756857,62.82058535649908,0.27404492876316505,27.881308187320478,1799.73,2100,2,2,10:47:14,2100 2
1504.7986224264196,63.25062167174239,0.2463925123727076,27.93007444768197,1800.08,2100,2,2,10:49:15,2100 2
260.2838293055068,27.225636218362972,0.3903262876794434,27.944680525332167,1799.94,2100,3,2,10:13:16,2100 3
195.0148691623635,20.171789919932117,0.3837800808612403,27.974940224933512,1800.19,2100,3,2,10:15:09,2100 3
137.50165445213142,12.289821978081859,0.39860999231475325,27.95827270323686,1800.15,2100,3,2,10:16:53,2100 3
78.42477003253367,4.051471976534672,0.3942059479222821,28.00722475471843,1800.13,2100,3,2,10:18:28,2100 3
50.64974623344992,-0.4137474832265883,0.4006757031571039,27.978455180154263,1799.84,2100,3,2,10:20:03,2100 3
486.4333484135812,40.98488523668395,0.3885315002715782,27.968291126213003,1800.02,2100,3,2,10:25:14,2100 3
748.8398022357175,46.23357421101463,0.3782862083454286,28.00662402027823,1800,2100,3,2,10:26:46,2100 3
1027.925650593169,47.96086527927817,0.36913355079941895,28.03236965254656,1800,2100,3,2,10:28:20,2100 3
1507.0141004496295,48.16769161359495,0.3566271269220957,27.99542035012687,1800,2100,3,2,10:30:03,2100 3
1690.2425118411063,48.331445658690306,0.3408510705013482,27.989237848406376,1800.02,2100,3,2,10:31:46,2100 3
251.40435469346357,19.75610463759341,0.2678441457494211,27.5438063957462,1799.93,2101,1,2,11:36:41,2101 1
190.46556347399752,14.481273038510123,0.26645705509719175,27.540746443259977,1799.99,2101,1,2,11:38:13,2101 1
135.65719905574588,8.611967109953406,0.27587689152207845,27.510654330994,1800.04,2101,1,2,11:39:54,2101 1
80.65691082556255,2.4964880709857393,0.293193935751688,27.42737436817228,1800.13,2101,1,2,11:41:27,2101 1
51.17142944324087,-0.4911347010071256,0.3172220487333754,27.366543330563065,1800.2,2101,1,2,11:43:28,2101 1
452.06608147496297,28.580545236072716,0.22990701115395257,27.572907628328323,1800.02,2101,1,2,11:49:29,2101 1
642.1782542498263,30.877733361837876,0.16701929739568722,27.81438932920293,1800.1,2101,1,2,11:51:30,2101 1
865.4443032366997,32.356490255907445,0.1436777998561908,27.9257879844151,1799.79,2101,1,2,11:53:30,2101 1
1303.4924490838118,32.04944498482954,0.12740781938848855,28.02563295367185,1800.09,2101,1,2,11:55:31,2101 1
1453.178555075263,32.70547183394399,0.1178657523966672,28.074171399557414,1800.07,2101,1,2,11:57:24,2101 1
226.74291294904899,20.621670897281348,0.22447505678947183,28.130381715455155,1799.9,2101,2,2,12:13:00,2101 2
181.6692116081816,13.905267479734999,0.2250972318299719,28.167160976997618,1800.18,2101,2,2,12:15:00,2101 2
132.24550236522668,7.889156543373153,0.22721609851765767,28.142680346386175,1800.16,2101,2,2,12:17:01,2101 2
72.40212794959658,3.2446973996449335,0.23111408473535502,28.152682082283636,1799.81,2101,2,2,12:19:01,2101 2
54.79615333757395,0.08061440588441883,0.24019050849060344,28.149087200163326,1799.78,2101,2,2,12:21:02,2101 2
432.4277329112813,32.12627898798682,0.23033061043603661,28.21061790187448,1799.94,2101,2,2,12:26:56,2101 2
694.6563399413408,33.118172678461306,0.21160877136625425,28.23962960285123,1800.24,2101,2,2,12:28:56,2101 2
953.7678353837096,33.79596546861765,0.19232971451644326,28.283785106379977,1800.21,2101,2,2,12:30:57,2101 2
1408.3079698567904,34.12090204264278,0.17626820157927817,28.35618308322876,1800.18,2101,2,2,12:32:57,2101 2
244.69689015637138,13.551915563423586,0.1629450816735251,28.550874846322948,1800.02,2101,2,2,12:36:58,2101 2
228.39697278014484,13.438113147459104,0.1451502897109863,28.189651462598395,1799.89,2101,3,2,12:59:32,2101 3
179.22357014880131,9.385519836388797,0.14502105484191508,28.117572141989125,1799.94,2101,3,2,13:01:03,2101 3
127.86595585273008,5.79983837558304,0.15225676735380167,28.036304701947568,1800.01,2101,3,2,13:02:36,2101 3
79.4709119643407,1.5970103426938922,0.16349577553185715,27.95415655537765,1800.06,2101,3,2,13:04:07,2101 3
54.867708817072035,-0.7110610420924441,0.17662204299011922,27.879804986427356,1800.11,2101,3,2,13:05:40,2101 3
383.1226484132745,20.48681235694496,0.11769192136785238,28.041154280513986,1800.03,2101,3,2,13:11:28,2101 3
518.9767267365852,22.549534779234865,0.08360569919131006,28.187008871021067,1800.07,2101,3,2,13:13:28,2101 3
741.4434628536518,25.074587687934518,0.0809012669342296,28.213509195492417,1800.09,2101,3,2,13:14:59,2101 3
1089.8232673438592,25.012915429748045,0.06359272465828267,28.290778169799967,1800.11,2101,3,2,13:16:59,2101 3
1199.808639904086,25.962812883632573,0.0583137175090155,28.303793798848826,1800.15,2101,3,2,13:19:00,2101 3
225.40945607241187,30.917902110427477,0.34034539139137737,27.393386860159552,1799.98,2102,1,2,13:09:18,2102 1
173.36634894265654,22.51075419764972,0.3430589978058804,27.372224797037514,1799.98,2102,1,2,13:10:51,2102 1
123.38427153021345,13.872405555552008,0.3538523202863332,27.34893301046561,1799.99,2102,1,2,13:12:32,2102 1
75.26362174567191,4.416509687907,0.3700698831509014,27.27735735376796,1800.02,2102,1,2,13:14:03,2102 1
49.00717392944451,-0.1456272044078511,0.3912067725110869,27.171316142330404,1800.05,2102,1,2,13:16:00,2102 1
440.27182402023675,41.638146721192115,0.3102258447940147,27.415987898067467,1799.8,2102,1,2,13:21:36,2102 1
588.0727704519921,38.65014278052647,0.1725711287992293,27.869317499505506,1800.07,2102,1,2,13:23:37,2102 1
758.6164681521308,42.874482330235764,0.14432723568941513,27.992835458791824,1800.03,2102,1,2,13:25:37,2102 1
1183.2709755480287,44.63462444264875,0.13457938856366575,28.078458967296125,1800.02,2102,1,2,13:27:38,2102 1
1293.4289283691016,44.33062133444243,0.11548282494229077,28.129233074858398,1799.72,2102,1,2,13:29:38,2102 1
265.52951530533653,26.19358657299428,0.394458461138722,27.825815568575052,1800.13,2102,2,2,09:33:51,2102 2
202.00564426728891,19.718546193907077,0.4108718212962631,27.802777687661642,1800.12,2102,2,2,09:35:22,2102 2
140.41912048540047,12.201090065814023,0.42395335715257415,27.782039163796107,1800.14,2102,2,2,09:36:56,2102 2
79.30720046736002,4.154684359605764,0.43182872578783976,27.78066543541977,1799.89,2102,2,2,09:38:27,2102 2
51.502130727929604,-0.6606759081021044,0.44026315975089625,27.747094481162623,1799.9,2102,2,2,09:39:59,2102 2
531.0532931104698,35.011537405120556,0.4411530349541433,27.718366842605153,1799.93,2102,2,2,09:45:06,2102 2
818.9051602766724,35.5393998637311,0.43524956500446754,27.73508306822669,1799.94,2102,2,2,09:46:37,2102 2
1096.8851792184275,35.75037609917579,0.3964579771228062,27.792674172395067,1799.98,2102,2,2,09:48:37,2102 2
1564.5643709981455,35.36999197443571,0.3483875559031524,27.88262562928105,1800,2102,2,2,09:50:38,2102 2
1729.4006793203812,35.642911294584444,0.2988962942427436,28.001737727202567,1799.76,2102,2,2,09:52:39,2102 2
217.8988089682403,25.77084697747232,0.26408742369550137,27.864528528775555,1800.03,2102,3,2,13:01:13,2102 3
171.59813470331983,18.713004466242534,0.2743528367290596,27.82382674537325,1800.09,2102,3,2,13:02:49,2102 3
123.70174288844308,11.215176175976882,0.2797689394525237,27.855969269943287,1800.03,2102,3,2,13:04:50,2102 3
76.3284882435298,3.4270675071423238,0.28901647607323705,27.837298666697823,1800.05,2102,3,2,13:06:45,2102 3
51.48994272811104,-0.4431404625601455,0.2935106841236076,27.82042320955991,1799.75,2102,3,2,13:08:18,2102 3
422.0110474123617,38.8867271815475,0.263550694147211,27.85510387271065,1800.07,2102,3,2,13:14:20,2102 3
640.1667314305869,42.9382478268359,0.22244430418804834,27.90785455220957,1800.11,2102,3,2,13:16:10,2102 3
893.0719577112527,43.46925563954572,0.19938386004267683,27.88805181134956,1799.84,2102,3,2,13:18:11,2102 3
1318.5871668112588,45.253316819015346,0.17655894762524754,28.012812149981325,1800.12,2102,3,2,13:20:11,2102 3
1457.5041131955848,45.05710729262812,0.1543106214676779,28.06868193723759,1799.82,2102,3,2,13:22:12,2102 3
246.45303927869372,22.277727969573494,0.2902218402780905,27.99448896101703,1800.18,2104,1,2,12:27:32,2104 1
187.75868865284386,16.790125712942288,0.30131269578484093,27.94031738218806,1800,2104,1,2,12:29:05,2104 1
134.26620011146417,10.426644939924332,0.3278306480838002,27.880522717440787,1799.79,2104,1,2,12:30:40,2104 1
79.77683528225198,3.20275857733557,0.3569218410647551,27.811585860385858,1799.87,2104,1,2,12:32:10,2104 1
50.8296357373901,-0.5058256863215705,0.3840742047717249,27.711751546040734,1800.19,2104,1,2,12:33:41,2104 1
460.30942149157886,30.836595526718714,0.2567824995087208,27.97480383997166,1800.07,2104,1,2,12:39:43,2104 1
657.3555276141396,33.131705315417996,0.18722844482943934,28.186528944182335,1799.87,2104,1,2,12:41:43,2104 1
890.4991249604531,33.8568513232317,0.15994642705311604,28.265499055596262,1799.94,2104,1,2,12:43:44,2104 1
1316.8324457548817,34.39675640389156,0.13986405511212327,28.30666888940054,1800.01,2104,1,2,12:45:44,2104 1
1462.3295908281316,34.26242443709781,0.1244149996607721,28.351440060442165,1799.76,2104,1,2,12:47:45,2104 1
253.4251503799731,28.7833559467589,0.4073746511192098,28.741317938978163,1800.21,2104,2,2,12:15:19,2104 2
191.3976919992942,21.325787687639465,0.4074589805005285,28.755513896013113,1799.88,2104,2,2,12:16:57,2104 2
136.43077164770853,13.36223376502385,0.4493508936001702,28.644267732861653,1799.91,2104,2,2,12:18:35,2104 2
78.762782889317,4.531495014869433,0.4798288337200809,28.513679322242382,1800.02,2104,2,2,12:20:08,2104 2
50.246263179302815,-0.37675077429479903,0.5307581298467146,28.33646015697353,1799.83,2104,2,2,12:21:43,2104 2
280.80091325758275,28.368305771619664,0.5286471402983269,28.236077435669152,1799.94,2104,2,2,12:23:43,2104 2
260.1814837887785,28.98611601759276,0.43712869071559635,28.362743756161688,1800.08,2104,2,2,12:25:14,2104 2
444.9055937856821,38.98463860056325,0.30261407707936117,28.64798748340234,1800.16,2104,2,2,12:27:14,2104 2
583.0295943395162,41.87050444182247,0.18620515255000003,28.956417109208985,1799.99,2104,2,2,12:29:38,2104 2
835.0781245854424,43.74311160272967,0.17534055332873397,28.962172659275286,1800.06,2104,2,2,12:31:29,2104 2
1328.0270872915637,43.300954370018,0.17624225767920743,28.92531638833947,1800.13,2104,2,2,12:33:29,2104 2
1510.6961254866528,44.102915866259664,0.17445826326792893,28.919610546972528,1800.22,2104,2,2,12:35:09,2104 2
266.01940356573397,31.02277207572667,0.4908444736265491,27.333309855959776,1800.03,2104,3,2,08:14:11,2104 3
198.4034083308604,23.01571061812583,0.4776482494353906,27.36492305303409,1799.97,2104,3,2,08:15:42,2104 3
136.26628702163333,14.232885630739359,0.47222372305690985,27.393093231369562,1800.16,2104,3,2,08:17:13,2104 3
79.08659456946887,4.469431831320714,0.4776088433902228,27.397023975999904,1800.06,2104,3,2,08:18:43,2104 3
50.83950768106934,-0.5472866268389925,0.4822648615155628,27.40793606995715,1800,2104,3,2,08:20:23,2104 3
429.9113294786966,38.78650805729613,0.2780976237116397,27.848098606835325,1799.79,2104,3,2,08:26:24,2104 3
592.2606172434558,42.03792494400451,0.191890112492115,28.0845159103727,1799.99,2104,3,2,08:28:25,2104 3
804.0126138854342,43.040170454222846,0.16028496740001388,28.20572115161287,1800.23,2104,3,2,08:30:25,2104 3
1225.8034303069796,44.45844299828037,0.1445207313491547,28.28267358884636,1799.86,2104,3,2,08:32:26,2104 3
1373.6280875033326,44.63127260925735,0.13263484483270033,28.350547675127082,1800.1,2104,3,2,08:34:26,2104 3
212.29443675273333,10.406847075050157,0.09960391942000249,30.241371829727978,1800.02,2107,1,2,12:52:01,2107 1
169.6839792869865,7.653539968546738,0.10653273057763411,30.234940274329805,1800.22,2107,1,2,12:53:39,2107 1
125.08067881417503,5.058529665728785,0.12547342791687205,30.195983358398564,1800.18,2107,1,2,12:55:40,2107 1
79.33328401213774,1.508721775721347,0.14743546518083342,30.144518344017364,1799.85,2107,1,2,12:57:25,2107 1
53.2302276104764,-0.45518155091219525,0.17587317454160725,30.04606272720317,1799.87,2107,1,2,12:58:59,2107 1
347.95742566248964,17.574485441617874,0.08870429642280526,30.355785857205003,1799.99,2107,1,2,13:05:17,2107 1
500.9057444786812,21.44930754206134,0.07573806452044465,30.4391248298224,1800.06,2107,1,2,13:07:18,2107 1
702.9165533749798,23.089482837760443,0.0682867198623545,30.49236165806717,1799.91,2107,1,2,13:08:58,2107 1
1029.2487270530426,26.913669821612757,0.06157485960897894,30.52338835042076,1800.1,2107,1,2,13:10:31,2107 1
1148.8752924859225,26.651705279167675,0.05587273932025048,30.549957431171787,1799.98,2107,1,2,13:12:31,2107 1
269.94711905688536,14.743958308754562,0.22565698381935428,28.227794483167926,1800.19,2107,2,2,10:59:19,2107 2
207.2231085893408,10.985739397570866,0.2382970580611488,28.219577195624804,1800.17,2107,2,2,11:01:08,2107 2
145.126757863422,6.697307496079699,0.2507155448891401,28.209661890255287,1800.17,2107,2,2,11:02:47,2107 2
82.01355564755721,2.180721651445104,0.2651918863264473,28.19046236814882,1800.19,2107,2,2,11:04:28,2107 2
51.44570222912642,-0.4132502172442806,0.2868581466298355,28.158620369006673,1799.89,2107,2,2,11:06:00,2107 2
522.3122699275636,21.88043012045915,0.25609441506982156,28.282130132961246,1799.78,2107,2,2,11:11:33,2107 2
779.5704064397003,23.672607547964795,0.22295121314300553,28.354726082355594,1800.04,2107,2,2,11:13:34,2107 2
1048.2926514525209,24.352727354566284,0.2016989023613655,28.388844235872487,1800.09,2107,2,2,11:15:06,2107 2
1502.9789989762908,24.412631437433944,0.17360299913908175,28.44880310615076,1799.87,2107,2,2,11:17:07,2107 2
1651.4051335478175,25.717678718699528,0.15199608717246707,28.575720065622523,1799.8,2107,2,2,11:19:07,2107 2
252.668916703226,29.47100352065578,0.38445233782581556,27.527653051556012,1799.94,2108,1,2,08:26:25,2108 1
194.77412705982576,21.779213857773865,0.4009986288733284,27.49180329837045,1799.95,2108,1,2,08:28:10,2108 1
134.12916046784105,13.137410727569883,0.3863968969552882,27.52105400494659,1799.94,2108,1,2,08:29:44,2108 1
79.63701394129673,3.915752197782893,0.3912627733667686,27.508625811891346,1799.95,2108,1,2,08:31:16,2108 1
52.773616254561986,-0.8745462207429568,0.4019976875576142,27.48254869031128,1800.22,2108,1,2,08:32:46,2108 1
489.5041704610749,38.35247456367886,0.3520850983300422,27.591150988292856,1799.92,2108,1,2,08:38:41,2108 1
729.9777245206617,39.94643932719642,0.2825106088042541,27.727003141999315,1800.18,2108,1,2,08:40:32,2108 1
955.4457948344786,40.77496761228874,0.22192047661365763,27.84723079294483,1799.93,2108,1,2,08:42:30,2108 1
1360.3304537646236,40.37379772026577,0.17069558328179218,27.967382854671616,1799.91,2108,1,2,08:44:31,2108 1
1453.5305145793557,41.02161436894728,0.1364522634913103,28.06820594165267,1799.9,2108,1,2,08:46:31,2108 1
254.20613940329918,30.581249402020156,0.4434154538717533,27.678746252883624,1799.94,2108,2,2,08:51:13,2108 2
192.14302352751798,22.722269150200333,0.4460127232988324,27.67823719948031,1800.27,2108,2,2,08:52:46,2108 2
134.55049682990727,13.81937434925585,0.45180908175314716,27.673657240239393,1799.9,2108,2,2,08:54:21,2108 2
78.70364205481519,4.315486926364319,0.4573030572899768,27.674079111544174,1799.9,2108,2,2,08:55:51,2108 2
51.15596574782849,-0.5861857640018461,0.4640901687545475,27.656222154693964,1799.94,2108,2,2,08:57:23,2108 2
496.75401309310394,39.41003782015995,0.41317742460898504,27.73242067755306,1800.04,2108,2,2,09:03:12,2108 2
732.0764051191518,42.22170271276102,0.32710106554792395,27.91299161454772,1800.05,2108,2,2,09:05:12,2108 2
976.0791194494884,43.746763865909685,0.27706364921382126,28.050832366132276,1800.01,2108,2,2,09:07:13,2108 2
1426.4147908973775,43.80927585971187,0.24395632438781983,28.16204803800422,1800,2108,2,2,09:09:13,2108 2
1599.9748493323575,43.626489222305025,0.2274282677832997,28.236178668797397,1799.92,2108,2,2,09:11:14,2108 2
261.3324014250468,29.378619878910484,0.4467615541232084,27.327739500102425,1800.11,2108,3,2,08:26:36,2108 3
196.09380949202637,21.928775100973382,0.44389948553978026,27.329191224432883,1799.8,2108,3,2,08:28:31,2108 3
135.21926262953286,13.367294293072728,0.4354280214814423,27.355711727644977,1800.07,2108,3,2,08:30:21,2108 3
77.82417394428944,4.27276050734015,0.4202229028924643,27.372408917101023,1799.79,2108,3,2,08:31:58,2108 3
49.96070431314667,-0.24767497375356717,0.4043985328067485,27.42206738014073,1800.08,2108,3,2,08:33:28,2108 3
474.0540355849457,38.0255395705107,0.3415983724289499,27.540528017732523,1800.05,2108,3,2,08:39:14,2108 3
709.4342453260903,40.7688345363242,0.27942067116693353,27.66920960808608,1800.07,2108,3,2,08:41:15,2108 3
952.6647593827939,40.78818755987118,0.2313752917273474,27.758317452873843,1800.07,2108,3,2,08:43:15,2108 3
1387.2280033097154,40.96094263014548,0.19607600143028198,27.848330283345373,1800.09,2108,3,2,08:45:16,2108 3
1521.6395543909243,41.928300765402966,0.170202603584798,27.92035830592817,1800.1,2108,3,2,08:47:16,2108 3
267.5996932749431,14.337564847997918,0.20224816272358778,28.13357970458327,1800.13,2113,1,2,07:42:08,2113 1
199.35322078938043,10.966276204962426,0.2029239569824157,28.094050504559476,1799.98,2113,1,2,07:43:38,2113 1
143.7245180806389,6.236993359526262,0.2111169673229972,28.106636488906666,1800.01,2113,1,2,07:45:09,2113 1
83.49196377275686,1.7310911549613062,0.21648031027313785,28.10388226197513,1800.08,2113,1,2,07:46:40,2113 1
51.42029234913779,-0.3404220420208813,0.22167084819973695,28.05352838889145,1799.85,2113,1,2,07:48:15,2113 1
526.0811620944498,20.742129250711695,0.2322789837252842,27.99914398806621,1799.96,2113,1,2,07:53:22,2113 1
825.9193495031953,19.1576281806742,0.22575625267412983,27.996266392884213,1799.99,2113,1,2,07:54:58,2113 1
1110.7771152838877,19.478923190673715,0.21863199746559592,28.07278669159518,1799.99,2113,1,2,07:56:58,2113 1
1586.7599092758692,19.755539340857094,0.20603825367302664,28.01620768629271,1800.08,2113,1,2,07:58:44,2113 1
1772.001633666249,19.832483700679532,0.19542521885417985,28.004652989053245,1800.12,2113,1,2,08:00:17,2113 1
283.37512305910343,20.778749417310202,0.35192249239991863,27.27820437696565,1800.06,2113,2,2,07:36:39,2113 2
215.05398347668546,15.290863484729819,0.35761186152485036,27.185459640444808,1799.9,2113,2,2,07:38:32,2113 2
147.75270525242098,9.53437010258549,0.36590495222304376,27.133553531945502,1799.96,2113,2,2,07:40:21,2113 2
84.61653051985681,2.680038315228382,0.3819434715765224,27.080496627866275,1799.81,2113,2,2,07:42:16,2113 2
51.18012357196461,-0.528324804489726,0.3940643528328043,26.979663903845854,1799.91,2113,2,2,07:43:47,2113 2
554.9588968532522,27.110325149123042,0.39138071583825335,27.023003380053805,1800.01,2113,2,2,07:48:42,2113 2
827.0600049566924,28.383964776053855,0.34909760653068134,27.081687122785446,1799.81,2113,2,2,07:50:42,2113 2
1095.6570384089368,28.35052332640521,0.2961625050654924,27.15999696429672,1799.87,2113,2,2,07:52:43,2113 2
1544.6879678266305,28.191033191029053,0.23748450561843507,27.272707875632705,1799.88,2113,2,2,07:54:44,2113 2
1701.2974318821596,27.24155376767758,0.1920958613138357,27.410826428322412,1799.93,2113,2,2,07:56:44,2113 2
253.60828865628363,12.185265524512381,0.1525140719636338,28.38820700085402,1800.16,2113,3,2,07:40:22,2113 3
201.125738201862,8.320192572124336,0.1561968995306344,28.37181356457351,1799.94,2113,3,2,07:41:53,2113 3
139.05669885551504,5.181769078530718,0.1591790960568967,28.353967185008006,1799.98,2113,3,2,07:43:25,2113 3
81.37674017953562,1.5194435479321817,0.1644159145105185,28.326243099963943,1800.03,2113,3,2,07:45:01,2113 3
55.681712586377294,-0.7320833528287548,0.17083823863215525,28.309988237755146,1800.11,2113,3,2,07:46:34,2113 3
494.4935138927633,18.178007873084624,0.1670171417108081,28.287994674284764,1800,2113,3,2,07:51:28,2113 3
735.4748606665725,20.13784418492082,0.14434925791541933,28.342442298610074,1800.04,2113,3,2,07:53:29,2113 3
972.7646988116463,20.58337282963588,0.1190635712588533,28.39323278546289,1799.8,2113,3,2,07:55:29,2113 3
1362.6667226142158,21.922917266424196,0.09432850743289474,28.456063469288917,1800.17,2113,3,2,07:57:30,2113 3
1461.8510340942494,21.861635708705567,0.07491865087018527,28.532429803218538,1799.94,2113,3,2,07:59:30,2113 3
245.1700725454261,15.678991749983002,0.185425350572568,28.491134971209217,1799.86,2115,1,2,12:12:06,2115 1
187.4727339881606,12.613433862822239,0.20717651185438193,28.42205883858709,1800.17,2115,1,2,12:14:06,2115 1
137.4223637259483,7.725565042389442,0.2347012558024796,28.34499328490456,1799.89,2115,1,2,12:16:07,2115 1
80.0835859706602,2.5967462608713787,0.2624928769858869,28.221962674957364,1799.99,2115,1,2,12:17:40,2115 1
51.666688113538555,-0.4405643996807049,0.27141279984540845,28.12329922735679,1800.1,2115,1,2,12:19:16,2115 1
506.2564322629842,30.273962485938085,0.30865444202900677,28.057831314564467,1800.22,2115,1,2,12:24:35,2115 1
764.0344271394365,34.491365188754216,0.2916595898328708,28.13319858427033,1799.91,2115,1,2,12:26:15,2115 1
1002.4357222492566,35.32936991420956,0.2326770687130896,28.290424518766297,1799.89,2115,1,2,12:28:16,2115 1
1400.9410335417663,36.796806699756466,0.1776239870350236,28.503049854148344,1800.11,2115,1,2,12:30:16,2115 1
1517.823354196882,35.48492806168551,0.13791155716141745,28.64563724034593,1800,2115,1,2,12:32:17,2115 1
228.54742918934093,23.119174772486502,0.2433370239959667,28.92951165347278,1799.95,2115,2,2,11:56:21,2115 2
181.64802431354371,16.339664587391773,0.251132832829386,28.917975303125647,1799.94,2115,2,2,11:58:06,2115 2
132.15756949588865,10.212112142047385,0.27892134972051263,28.86519347236228,1800.2,2115,2,2,11:59:48,2115 2
81.36676452394727,2.808356093709225,0.30155553959273107,28.82788855509483,1799.87,2115,2,2,12:01:32,2115 2
54.39249791127471,-1.096745949164688,0.33492356073463875,28.763559341274338,1800.18,2115,2,2,12:03:04,2115 2
372.54574911952324,32.719796879092335,0.17618741590129328,29.12011273833712,1800.11,2115,2,2,12:08:44,2115 2
425.508164619272,34.06789226561242,0.1012395408355798,29.314804476320475,1800.08,2115,2,2,12:10:44,2115 2
547.6903250947028,37.4067976709013,0.08435162638246625,29.374243282421446,1799.79,2115,2,2,12:13:03,2115 2
234.81890929840137,20.845508104739547,0.23711464167958102,28.448657019145557,1800.08,2115,3,2,12:52:44,2115 3
184.89850879687287,15.518619203972523,0.25695535785115514,28.416084127178134,1800.01,2115,3,2,12:54:45,2115 3
133.8169236420705,9.52140912915053,0.2803105741136772,28.384157947618615,1799.98,2115,3,2,12:56:21,2115 3
79.48466413909772,3.0565549038447197,0.30925405563709296,28.344892697903393,1799.95,2115,3,2,12:58:06,2115 3
51.12972047059818,-0.42800997245792843,0.3344396617368013,28.273054502217967,1799.92,2115,3,2,12:59:41,2115 3
499.0477889778138,31.829000410345536,0.3175305572692743,28.335620058853966,1800.1,2115,3,2,13:05:26,2115 3
731.8631993767729,33.960082830176184,0.24822779053435554,28.516425667495376,1800.07,2115,3,2,13:07:27,2115 3
942.3494271609536,33.63857775741896,0.17836531463553154,28.725034192252817,1800.05,2115,3,2,13:09:27,2115 3
1291.9980300583618,33.68616857283581,0.12228019319086995,28.868521471854834,1800.04,2115,3,2,13:11:28,2115 3
1353.0092722577563,31.606072083702106,0.08743293922649119,28.988993247770818,1800.03,2115,3,2,13:13:28,2115 3
254.14819783743383,20.599244589915294,0.2686665645206671,28.79384869233512,1799.86,2116,1,2,09:48:57,2116 1
194.96356410433117,15.26358512640669,0.2782550450872815,28.79601329654811,1800.1,2116,1,2,09:50:35,2116 1
137.81926946094833,9.106238977145594,0.28444836842028887,28.826921633324176,1799.98,2116,1,2,09:52:19,2116 1
80.85700268360736,2.7254994338404894,0.29430431737566487,28.842088910013274,1800.24,2116,1,2,09:53:54,2116 1
51.630727092623445,-0.478314802066038,0.29997792492891984,28.872218528962485,1800.14,2116,1,2,09:55:27,2116 1
472.3214022843441,30.937353910676702,0.2603959528943448,29.05984568327196,1800.11,2116,1,2,10:00:51,2116 1
715.4678495678613,33.843928315376196,0.22782633776951736,29.125563457350992,1799.99,2116,1,2,10:02:51,2116 1
989.1856251323968,33.365715601885924,0.20871693671838448,29.211860409676273,1799.93,2116,1,2,10:04:52,2116 1
1434.1963979170862,34.1030826104549,0.18321323551707197,29.318229500346384,1800.15,2116,1,2,10:06:35,2116 1
1594.7440502350782,34.8384074526023,0.16771306871946143,29.388394786987142,1800.07,2116,1,2,10:08:35,2116 1
288.19375739529215,23.913925687385635,0.4342830711004811,27.385995346006947,1799.85,2116,2,2,09:03:03,2116 2
214.8143828490215,17.986329756678685,0.4263381628339837,27.424624162576556,1799.83,2116,2,2,09:04:42,2116 2
148.9798716937811,10.943431346368955,0.4390047328523346,27.378023052277236,1800.15,2116,2,2,09:06:28,2116 2
83.97545423740291,3.2299885184662727,0.4415443808852322,27.346790508053704,1799.87,2116,2,2,09:08:02,2116 2
49.526811558276236,-0.14619147034125093,0.4410857238037181,27.29897994976278,1799.92,2116,2,2,09:09:33,2116 2
527.7313517102949,36.27019331754678,0.43277539683155886,27.312828757110417,1800.02,2116,2,2,09:14:29,2116 2
790.5256231411121,40.4733589151716,0.40038565804605897,27.41183002219617,1800,2116,2,2,09:16:18,2116 2
1063.7100635189768,41.67172850356928,0.36838487625687055,27.50374385203292,1799.94,2116,2,2,09:18:10,2116 2
1540.6813931648471,41.425205519980416,0.34485879258539714,27.605350526385667,1799.87,2116,2,2,09:19:45,2116 2
1709.3273121973966,43.53884789303238,0.3204508471536251,27.79023758437734,1800.08,2116,2,2,09:21:46,2116 2
259.4131030559478,22.578206118396594,0.3050915418993231,27.30793754407633,1799.86,2116,3,2,09:00:40,2116 3
197.30768432316174,16.534877168518285,0.3070865917714112,27.333938711882162,1799.9,2116,3,2,09:02:18,2116 3
138.14760902787404,9.981054830130038,0.3107952820514119,27.32852238877356,1799.87,2116,3,2,09:03:57,2116 3
80.48190224760657,3.077676557559037,0.3185350654616626,27.315645666326258,1799.91,2116,3,2,09:05:27,2116 3
52.55460430740357,-0.6665201849511553,0.32248957428705566,27.312936598482203,1799.88,2116,3,2,09:07:04,2116 3
273.4012729105697,21.55413299174113,0.3296182624349997,27.26401484019222,1800.2,2116,3,2,09:09:04,2116 3
265.59304961045507,22.11811190580654,0.3152614227140722,27.309992666679747,1800.2,2116,3,2,09:10:56,2116 3
505.452016764597,30.080833396457972,0.2992438780385701,27.299664778468554,1799.96,2116,3,2,09:12:50,2116 3
770.0128742314585,31.801850721476825,0.2700585880190174,27.361271786783007,1799.94,2116,3,2,09:14:32,2116 3
1048.4544137850153,31.61677808628706,0.2491936153295255,27.420209360818692,1799.98,2116,3,2,09:16:33,2116 3
1510.5547837528245,32.802076151699836,0.22951896677857292,27.471710735848372,1799.93,2116,3,2,09:18:18,2116 3
1675.9348422667065,33.40968464097382,0.20707346259253487,27.601188109695396,1800.16,2116,3,2,09:20:19,2116 3
254.3651161930154,18.283026811290263,0.24086589444964024,27.3970270961612,1799.92,2121,1,2,11:37:27,2121 1
193.17349901859103,13.829929707563167,0.24990700812286995,27.365897098410716,1800.21,2121,1,2,11:39:15,2121 1
133.7625917258288,9.085540085172086,0.2680723267263498,27.27899861259525,1799.96,2121,1,2,11:40:46,2121 1
79.58088895158117,2.804301828629221,0.29124853556180597,27.215791251012178,1800.01,2121,1,2,11:42:17,2121 1
48.9563713657359,-0.08587343434713476,0.318973413321145,27.158104464600132,1800.02,2121,1,2,11:43:48,2121 1
523.4528308341863,24.033845048320423,0.27643321063750087,27.23986207324463,1799.99,2121,1,2,11:48:52,2121 1
799.4153166604984,24.374808606056476,0.25494009867236583,27.333920183437545,1799.99,2121,1,2,11:50:24,2121 1
1072.6398248422033,25.39113619841306,0.2396413100609849,27.407088802438775,1800.18,2121,1,2,11:52:04,2121 1
1546.7570622430685,25.084954226876924,0.2243173784274083,27.445480306442605,1800.16,2121,1,2,11:54:04,2121 1
1707.5793842235144,27.79196157824033,0.21068601616437338,27.486852838341804,1799.88,2121,1,2,11:55:51,2121 1
275.5795228977261,20.31939524405962,0.3067627319840072,27.701219503643113,1800.15,2121,3,2,11:09:04,2121 3
206.28333660830535,16.02061252005471,0.32185376978864755,27.67550720579803,1800.13,2121,3,2,11:10:47,2121 3
145.73750265006706,10.051368031379347,0.35624174435995315,27.603024051734963,1799.83,2121,3,2,11:12:20,2121 3
84.23545419833009,3.145447875547876,0.4156445962867867,27.484683904110323,1800.1,2121,3,2,11:13:52,2121 3
53.17664297691065,-1.080391838083946,0.4516157790848867,27.400610695219743,1800.14,2121,3,2,11:15:23,2121 3
467.24236735833904,26.14406058470019,0.2036751467234783,27.871626368996527,1799.9,2121,3,2,11:21:04,2121 3
651.181282807427,25.01271273641469,0.1268457856420634,28.08750575399957,1800.21,2121,3,2,11:23:04,2121 3
867.9527197653666,27.204852657642878,0.1111307692244637,28.12767212018462,1799.91,2121,3,2,11:25:05,2121 3
1183.5225032677822,29.129658278711887,0.0825279848901392,28.233326916312407,1799.92,2121,3,2,11:27:05,2121 3
1306.572343306643,26.292852534632555,0.06583956956471516,28.26211603975631,1800.19,2121,3,2,11:29:06,2121 3
274.9618742905631,22.549831823499336,0.3512495830817871,26.89415433722848,1799.91,2123,2,2,10:59:22,2123 2
207.9428566131452,16.914831220777238,0.3597933583488122,26.856408629241976,1799.91,2123,2,2,11:00:53,2123 2
141.4829483258004,10.796014732975392,0.362467795363501,26.877382045809476,1799.89,2123,2,2,11:02:24,2123 2
80.38476581017298,3.4431476209754104,0.3662791712709888,26.832665060057703,1800.21,2123,2,2,11:03:58,2123 2
50.33637788943633,-0.38750455696844066,0.37322722888857646,26.849157870777702,1800.11,2123,2,2,11:05:31,2123 2
530.6270872064046,31.81265399715447,0.3812564267814884,26.840330153639904,1800.02,2123,2,2,11:10:41,2123 2
799.9775391975337,35.91689378597836,0.37432845063818715,26.82983125356674,1800.01,2123,2,2,11:12:17,2123 2
1076.9699812955043,37.50938607745719,0.3601604617202224,26.867959059500517,1799.99,2123,2,2,11:14:10,2123 2
1549.890759158678,38.49481197187505,0.3478334180334794,26.937060928330986,1799.98,2123,2,2,11:15:46,2123 2
1728.7137089199755,39.786739022130476,0.3315320530824494,26.95672612707717,1799.99,2123,2,2,11:17:47,2123 2
218.5571096784183,24.031058267891087,0.24599558273911276,28.17180530022304,1800.11,2124,1,2,10:26:37,2124 1
169.89480885372265,17.379941712879393,0.24876871824633368,28.1869318113943,1800.08,2124,1,2,10:28:10,2124 1
125.3642429093668,10.349168500371777,0.2621973366877371,28.1721450082732,1800.04,2124,1,2,10:29:52,2124 1
77.85899256879773,3.022708240720087,0.2722086026913514,28.159212608788447,1800.02,2124,1,2,10:31:22,2124 1
52.484078185352686,-0.5793301344978037,0.2793521922775626,28.13181928264074,1800.03,2124,1,2,10:32:54,2124 1
431.7222866621203,39.45286676801601,0.2795901430934123,28.18141394708752,1799.89,2124,1,2,10:38:16,2124 1
679.1024937418106,43.043223538522575,0.25632047556940707,28.25212597319959,1799.85,2124,1,2,10:40:16,2124 1
921.6008537943944,44.89004443265769,0.22581782809166134,28.320765857351496,1800.11,2124,1,2,10:42:05,2124 1
1377.2825758980002,46.57774349564333,0.21334800057384684,28.36849135196141,1799.8,2124,1,2,10:43:47,2124 1
219.62327053159,17.97768958428798,0.1803301287828681,28.481969061787876,1800.05,2124,1,2,10:47:48,2124 1
255.53018799494674,23.57233538199421,0.32105963948418437,28.151707153712856,1800.03,2124,2,2,11:03:01,2124 2
195.7717732567183,17.467479358086685,0.33221061160255777,28.1277920470949,1800,2124,2,2,11:05:02,2124 2
139.1303501410969,10.475678542011245,0.3470707056662067,28.102354642719803,1800.01,2124,2,2,11:06:41,2124 2
80.97779876768345,3.2342046446075794,0.36400501761072074,28.08659520392025,1799.98,2124,2,2,11:08:12,2124 2
50.96777563873776,-0.4205248163956509,0.37127674671942745,28.09188968782983,1799.99,2124,2,2,11:09:43,2124 2
514.8809877852183,33.54149990198116,0.3748928340043781,28.119487789261782,1800.15,2124,2,2,11:14:35,2124 2
804.5031804295039,33.166960947389896,0.36292783852823945,28.174047790420016,1799.83,2124,2,2,11:16:36,2124 2
1089.5712742626936,33.413329651834275,0.3482711830362419,28.214880720141473,1800.05,2124,2,2,11:18:36,2124 2
1569.3849052339058,34.218766737101014,0.33989727108548545,28.239998510615475,1800.02,2124,2,2,11:20:37,2124 2
1755.6196497537237,34.17272691493015,0.3221049346854725,28.29711208306622,1800,2124,2,2,11:22:37,2124 2
256.01227710517327,16.251910413090272,0.2118087375467962,28.502816766886866,1799.77,2124,3,2,10:21:44,2124 3
199.14145281912212,11.567556907850228,0.21685021985540348,28.48415050796824,1800.06,2124,3,2,10:23:42,2124 3
139.85620100037045,6.949134091733458,0.22089011016699406,28.483792589486722,1800.05,2124,3,2,10:25:13,2124 3
81.50713186934011,2.055767079434401,0.22567149558077132,28.5020095061729,1800.06,2124,3,2,10:26:46,2124 3
52.563296029455365,-0.5133858017506312,0.24128168442121967,28.455446785857866,1800.06,2124,3,2,10:28:16,2124 3
431.99304023146146,18.5775479883905,0.12463251548295644,28.786189768190898,1800,2124,3,2,10:33:29,2124 3
562.2992218849408,18.90792449816773,0.07523812250494813,28.980782681029634,1799.95,2124,3,2,10:35:30,2124 3
717.9916687271743,21.013175486661776,0.06237018123809227,29.041944371975827,1799.92,2124,3,2,10:37:52,2124 3
1030.3829737746735,21.983197184129597,0.049195977638488576,29.05566132604487,1799.9,2124,3,2,10:39:53,2124 3
1053.017275960897,22.307234718976858,0.040118282868233296,29.09795652833476,1799.87,2124,3,2,10:41:27,2124 3
172.06091572807392,11.427400475132728,0.08594118944906849,27.57756897078581,1800.05,2127,2,2,09:20:52,2127 2
144.05288836430307,7.8035629490877305,0.08617609598854009,27.683235917967682,1799.94,2127,2,2,09:22:30,2127 2
104.66528264950367,5.11957213346531,0.09306685667481925,27.759878927655386,1800.11,2127,2,2,09:24:17,2127 2
72.14828887162679,1.5609362028257916,0.10126711068820683,27.830692334437288,1800.02,2127,2,2,09:25:51,2127 2
59.01864295639625,-0.6949209793130434,0.11219349590289435,27.870226337566248,1799.93,2127,2,2,09:27:22,2127 2
176.06957521122268,14.207060801973794,0.109969392603654,27.940706434906872,1800.1,2127,2,2,09:29:23,2127 2
161.96502283352916,8.841542415121888,0.06294550355705554,28.117820931247877,1799.94,2127,2,2,09:31:23,2127 2
257.88326255538516,14.401456060658026,0.05487354855120175,28.213861636354142,1800.09,2127,2,2,09:33:24,2127 2
396.5226653194931,15.313896334596851,0.04263027935195877,28.303678420714583,1799.95,2127,2,2,09:35:25,2127 2
509.5565009653614,17.55046873823044,0.03719045207102428,28.34974424243333,1800.13,2127,2,2,09:37:25,2127 2
814.4566008762961,22.775082534681932,0.03891649562211148,28.410311029880237,1799.97,2127,2,2,09:39:26,2127 2
167.2075374189426,11.26046757245355,0.15418206860474984,29.109023668178263,1799.96,2127,3,2,12:18:08,2127 3
127.13948360152928,7.111180758584404,0.18248744408643747,29.040708093724476,1799.97,2127,3,2,12:19:54,2127 3
78.69976072560905,2.1424503272602986,0.20023360582444322,29.01309940902979,1799.96,2127,3,2,12:21:33,2127 3
54.665800434950306,-0.7231125105810052,0.21531274590521485,28.981716639877227,1799.96,2127,3,2,12:23:13,2127 3
309.04611348960935,22.984951345008337,0.1028295371560827,29.184039005927822,1799.85,2127,3,2,12:29:06,2127 3
422.6145223294172,25.410062505446064,0.0757859561913747,29.15044354240843,1799.79,2127,3,2,12:31:07,2127 3
626.245572123479,27.24656645024009,0.06977187021409566,29.09526327631738,1799.77,2127,3,2,12:33:07,2127 3
890.9616349881964,29.508731326521282,0.055651446793643776,29.061585668742776,1800,2127,3,2,12:35:08,2127 3
955.5254697383169,26.828656687742058,0.04369647952927466,29.043778870977963,1799.94,2127,3,2,12:37:08,2127 3
281.549223993391,26.255251009444507,0.4529750171868165,28.448557696327004,3.61284,2148,2,2,12:00:37,2148 2
214.2307500995816,19.237286036564523,0.4603609333668759,28.43681722603991,3.9042,2148,2,2,12:02:23,2148 2
147.87097747149053,11.709441549292686,0.4656301742556926,28.428919518247792,3.78765,2148,2,2,12:03:59,2148 2
85.73761537191885,2.958640106356234,0.47615397806733356,28.421114107400438,4.07901,2148,2,2,12:05:39,2148 2
54.766938924153344,-1.5961080152070772,0.5013493446152655,28.370547301443928,4.07901,2148,2,2,12:07:14,2148 2
533.76341713666,36.50079621957753,0.46027952996203986,28.45650815516238,3.43802,2148,2,2,12:13:04,2148 2
793.0110626865942,38.81951133351477,0.3909630870936753,28.591811792408016,3.43802,2148,2,2,12:15:01,2148 2
1058.4825366938828,40.50657506180508,0.34930526059971445,28.678002372955632,3.78765,2148,2,2,12:17:02,2148 2
1537.7588936116604,39.03389686099777,0.3215239931616144,28.741137919062723,3.72938,2148,2,2,12:19:03,2148 2
1709.0153969814976,40.548659716701856,0.2985354499104901,28.801306461631878,4.02074,2148,2,2,12:21:03,2148 2
230.93212758425994,30.013614548345473,0.35879762754393424,28.31150137222548,1799.98,2150,2,2,11:44:12,2150 2
176.75385238441385,22.041446890086053,0.3628714202317125,28.312975641864362,1799.96,2150,2,2,11:45:51,2150 2
126.588661868858,13.495035138078457,0.3789569046329743,28.295974041883007,1799.94,2150,2,2,11:47:24,2150 2
76.27286273479952,4.3227821156051585,0.3967852780898744,28.272697830807424,1800.17,2150,2,2,11:48:55,2150 2
51.097555466791995,-0.532006391219978,0.41580034783556324,28.241822415832612,1799.86,2150,2,2,11:50:26,2150 2
422.6449182003708,40.877888772046845,0.2906358234246698,28.560586406405516,1800,2150,2,2,11:55:59,2150 2
610.2641438220444,44.38632007774462,0.21763105241922565,28.754664583699864,1799.97,2150,2,2,11:57:59,2150 2
847.8862510860946,45.27404540577033,0.19114359438241948,28.849094593433072,1799.93,2150,2,2,12:00:00,2150 2
1279.5525017956322,45.388322680792726,0.16803739743991672,28.925530129042656,1800.15,2150,2,2,12:02:00,2150 2
1414.5547722430808,45.20355707265277,0.14728888850106303,29.021408883017195,1800.1,2150,2,2,12:04:01,2150 2
246.88886033901014,33.861839851847066,0.44202629389929915,26.729934597640963,1799.88,2150,3,2,09:28:09,2150 3
186.6390943333845,25.344305222853624,0.44850469615407124,26.71546917060427,1799.9,2150,3,2,09:29:42,2150 3
129.57091684511823,16.013836389253186,0.4599416279059805,26.707006551328092,1799.91,2150,3,2,09:31:14,2150 3
76.08748399173314,5.327253155148106,0.4715573681363232,26.685781200380305,1800.22,2150,3,2,09:32:45,2150 3
49.55754886184577,-0.21187290343522944,0.4853984235902781,26.678754552212286,1799.97,2150,3,2,09:34:15,2150 3
437.5561694549918,44.396233254845605,0.3262901719314436,27.019013832449936,1800.16,2150,3,2,09:39:47,2150 3
599.024347926046,45.1315514484133,0.20753409568784656,27.29968016047335,1800.14,2150,3,2,09:41:48,2150 3
750.3781497495154,46.12227510476365,0.15111794537698944,27.468468540878874,1800.11,2150,3,2,09:43:48,2150 3
1073.6724552308926,48.40684648931185,0.11904382473488842,27.551701489534885,1799.84,2150,3,2,09:45:49,2150 3
1123.2483631675018,48.52774990058344,0.09752323768722547,27.6355591059682,1800.11,2150,3,2,09:47:49,2150 3
279.71266076614467,23.18472780468871,0.37623566760165894,27.96958196252676,1800.1,2152,1,2,10:41:53,2152 1
211.3667726693647,17.361911701686296,0.3833286459757322,27.839049366257665,1799.96,2152,1,2,10:43:54,2152 1
147.2044976943414,10.544897949670748,0.39648445062226156,27.618233923731914,1800,2152,1,2,10:45:54,2152 1
82.91511518179158,3.2912931079639067,0.4033291731206927,27.54360776887791,1799.88,2152,1,2,10:47:40,2152 1
52.754188784718345,-0.8620482832311206,0.3988624561790298,27.494047631135246,1800.04,2152,1,2,10:49:12,2152 1
528.8451636681685,33.903703656013676,0.3951162231322458,27.30923157300099,1800.01,2152,1,2,10:55:04,2152 1
796.8285960607171,37.298223470382126,0.3720724149588512,27.273616210054996,1800.17,2152,1,2,10:57:05,2152 1
1069.9332176706014,38.94444840271851,0.3465199623730618,27.242465073674563,1800.05,2152,1,2,10:59:05,2152 1
1544.501574613231,40.16687687133527,0.3324288370186351,27.227198632220823,1799.96,2152,1,2,11:01:06,2152 1
249.3496481272822,6.096171500889996,0.07019234217383472,28.738099300765242,1800.03,2152,2,2,10:46:41,2152 2
193.65730142533948,4.284657521587539,0.07015964672858309,28.680033046728813,1799.78,2152,2,2,10:48:11,2152 2
148.3279745474828,2.10378847239868,0.07301271690892594,28.617987861016033,1800.21,2152,2,2,10:49:42,2152 2
85.45760294480812,0.5934559119017897,0.0795895187995664,28.55045727772613,1800.02,2152,2,2,10:51:42,2152 2
63.41664538888809,-0.7292142918386348,0.08108346188194838,28.499038056150205,1800.12,2152,2,2,10:53:13,2152 2
424.105512238964,13.364131616860188,0.08417418943507436,28.40570438245943,1799.87,2152,2,2,10:59:04,2152 2
601.1432203931832,17.713375703137647,0.07693389070112866,28.4243970041288,1800.25,2152,2,2,11:01:02,2152 2
776.6082851314803,21.24762345210537,0.07010644584682961,28.425187579326806,1800.01,2152,2,2,11:03:02,2152 2
1173.7966827524453,25.766095755151444,0.07178371124947207,28.381522646482715,1799.8,2152,2,2,11:04:40,2152 2
255.9584041401911,14.522589228864966,0.18387445319772316,28.33300444594916,1799.98,2157,1,2,09:03:04,2157 1
202.20976783351705,9.856852232649265,0.18564906316193286,28.34347338646199,1799.94,2157,1,2,09:05:04,2157 1
142.94642097545986,5.654752582001172,0.18460142926127773,28.37898292726831,1799.89,2157,1,2,09:07:05,2157 1
87.33477421903054,1.128613966128699,0.18905566810820965,28.382986795069563,1800.18,2157,1,2,09:08:39,2157 1
55.89032582619712,-0.8167789203252451,0.19858173627694425,28.35531714628823,1799.78,2157,1,2,09:10:24,2157 1
442.5592486445728,24.965146548459376,0.1760521321613172,28.412519632300864,1799.99,2157,1,2,09:16:11,2157 1
656.6317578785606,29.96325146602497,0.15831260303747907,28.46462869936505,1799.98,2157,1,2,09:18:12,2157 1
874.7949432076593,34.197480997080696,0.14571847840696603,28.51098452695063,1799.95,2157,1,2,09:20:12,2157 1
1296.6414692694814,38.827971015166064,0.1414590991849064,28.53795899969225,1800.25,2157,1,2,09:22:13,2157 1
290.17759160441256,33.21142228685054,0.6051355864850807,27.295770135740767,1799.78,2157,2,2,12:17:45,2157 2
219.50206502104558,24.34574772267397,0.6075373239427365,27.316596316691957,1799.99,2157,2,2,12:19:46,2157 2
150.78552829352083,14.848532031970258,0.6116445125247373,27.325495285834755,1799.95,2157,2,2,12:21:20,2157 2
84.72203181497333,4.409224769115782,0.6250147124648837,27.307447281510765,1800.16,2157,2,2,12:22:54,2157 2
52.134173806681154,-1.083886656088649,0.6216876417170198,27.339416575029734,1799.84,2157,2,2,12:24:24,2157 2
538.1004889306374,46.71994740142801,0.5852575469078055,27.445847350857992,1799.87,2157,2,2,12:30:19,2157 2
811.7892114364289,51.85707087860129,0.5701948467260839,27.484861519698335,1800.07,2157,2,2,12:32:16,2157 2
1089.9967862728474,54.390530667499355,0.5449275326040679,27.531706695317176,1800.04,2157,2,2,12:34:16,2157 2
1575.5287643771696,52.63692914674885,0.5170380957854083,27.593199917117378,1799.99,2157,2,2,12:36:17,2157 2
1769.175058445136,50.896504306291064,0.4929806761159806,27.640519041343257,1799.97,2157,2,2,12:38:17,2157 2
273.89533651979724,14.540785833091508,0.22211571934549815,29.32147500731449,1799.9,2157,3,2,13:45:18,2157 3
206.94531226709765,10.531861246407585,0.21837356660932045,29.32685856189087,1799.98,2157,3,2,13:47:19,2157 3
147.13329945613523,5.8093408083326645,0.2177325977947379,29.342654891162937,1799.99,2157,3,2,13:49:01,2157 3
88.22558733226207,0.9911528294982515,0.21711388150159402,29.356714507004522,1800,2157,3,2,13:50:33,2157 3
59.52905022456706,-1.4902095576588639,0.215972098032433,29.372695095438434,1799.99,2157,3,2,13:52:34,2157 3
486.6019882370919,21.575648448050494,0.19522399518471423,29.4504497632451,1799.99,2157,3,2,13:57:50,2157 3
730.2502768091875,25.239144602794113,0.18386551573448184,29.492097151253102,1799.98,2157,3,2,13:59:29,2157 3
988.9881946049937,26.247186865344624,0.16927789594737122,29.57479038876317,1799.98,2157,3,2,14:01:30,2157 3
1438.2817746590833,27.06829052903243,0.15604855028953274,29.621114921298055,1799.96,2157,3,2,14:03:30,2157 3
1576.755846596798,29.692258969600925,0.1439243883677699,29.68436655983473,1799.9,2157,3,2,14:05:31,2157 3
278.61995604662906,31.295070302140164,0.5860819234433843,28.33491076907696,1799.96,2158,1,2,10:54:47,2158 1
210.78865722954438,23.38554708883597,0.5993733326762289,28.31265711916925,1799.93,2158,1,2,10:56:28,2158 1
145.96872828447056,14.412824621363955,0.6218030757266964,28.264828288567973,1799.92,2158,1,2,10:58:12,2158 1
81.79368571709726,4.665395807955865,0.638211441036015,28.245239192501028,1800.23,2158,1,2,10:59:51,2158 1
50.111913904094344,-0.4408249941194881,0.6519786359555316,28.228225236716707,1799.93,2158,1,2,11:01:23,2158 1
537.5747577453113,44.17747448295696,0.6536427553429749,28.215274749137564,1799.92,2158,1,2,11:06:58,2158 1
818.0555815888669,46.87496450021638,0.6388890048254678,28.251117705223297,1800.22,2158,1,2,11:08:50,2158 1
1104.272915271582,48.94593059029532,0.6451724826809945,28.242447813134522,1800.21,2158,1,2,11:10:50,2158 1
1582.501918402082,49.63727396305095,0.6127041201221908,28.32132390392021,1800.2,2158,1,2,11:12:43,2158 1
1764.925631641788,52.84519262096278,0.6003568255851852,28.34332497938189,1799.9,2158,1,2,11:14:43,2158 1
202.69167729132826,16.26274834628922,0.14748006176471148,29.09769849148671,1799.91,2158,3,2,11:11:07,2158 3
162.96479901895339,11.405095863474257,0.1498474098806988,29.100590969073117,1799.9,2158,3,2,11:12:43,2158 3
125.28913519557723,6.578675331724247,0.16153097457984292,29.076239808898375,1800.23,2158,3,2,11:14:14,2158 3
80.31243645672943,1.7988426350404039,0.18115157041504965,29.011500378985254,1799.89,2158,3,2,11:15:44,2158 3
54.62110883983687,-0.6804444767197974,0.20367031706857378,28.964414441971872,1799.91,2158,3,2,11:17:18,2158 3
364.46792962044503,25.382640137086714,0.13485612275938594,29.117555069885178,1799.88,2158,3,2,11:23:13,2158 3
540.1331838600576,28.83314279092073,0.11092800100835445,29.175471828591128,1799.87,2158,3,2,11:25:13,2158 3
724.0381587828294,31.727861094196797,0.09697150922409409,29.17663480164748,1799.89,2158,3,2,11:27:14,2158 3
1148.0263295696425,32.300809994493974,0.0882582858555839,29.20694190874986,1799.89,2158,3,2,11:29:14,2158 3
1217.7206647173468,35.599850765600685,0.08021259423564499,29.21989698859246,1799.9,2158,3,2,11:31:15,2158 3
234.45882631671995,11.875839260094292,0.12521322920688863,28.433687933364304,1800.04,2159,1,2,09:30:55,2159 1
175.4666256163131,8.9469237830541,0.12549275162203874,28.475628977640188,1800.01,2159,1,2,09:32:55,2159 1
123.91962081455532,6.03492723948748,0.13962070731151655,28.45224322003997,1799.99,2159,1,2,09:34:35,2159 1
85.43956469711927,1.1939370895194488,0.16367987954820792,28.384275233216478,1799.94,2159,1,2,09:36:24,2159 1
57.542814953912945,-0.9717214808266816,0.18497982538383306,28.349937403746555,1799.91,2159,1,2,09:38:06,2159 1
355.5473885490168,17.357891451940866,0.08608233933744372,28.565872599969396,1799.92,2159,1,2,09:44:08,2159 1
445.61352236955327,20.499062425112598,0.062344167687952215,28.607225989711935,1799.94,2159,1,2,09:46:08,2159 1
656.1866314242288,21.940871135603352,0.05769615614977344,28.608248166950542,1800.01,2159,1,2,09:48:09,2159 1
1065.4246660292138,24.361739023942558,0.056782536908036675,28.600241607135658,1800.04,2159,1,2,09:50:09,2159 1
1136.336761595561,26.164332943800993,0.05158225490227035,28.635128886100823,1800.07,2159,1,2,09:52:10,2159 1
293.19422243424555,12.154064613694615,0.21108441501046696,28.49052193002326,1800.18,2159,2,2,12:20:29,2159 2
221.57383730920336,8.99154716972121,0.21313817813926011,28.412598400247155,1800.01,2159,2,2,12:22:21,2159 2
159.94891529125232,4.951142514237623,0.23852292230190889,28.215583587662245,1799.81,2159,2,2,12:23:57,2159 2
89.67893448313771,1.078409935843405,0.2321329241852559,28.178683846225702,1799.95,2159,2,2,12:25:30,2159 2
57.2625300535905,-1.3015562888633405,0.2641662465563911,28.067293682815194,1800.08,2159,2,2,12:27:09,2159 2
548.8184184589305,17.747403946447122,0.22319901472306633,28.065962319567753,1800.09,2159,2,2,12:32:48,2159 2
801.6811047151256,20.28956019834193,0.1946564931786897,28.06738693906211,1800.19,2159,2,2,12:34:49,2159 2
1076.2719165122346,20.766684476167523,0.1799491399320824,28.11996620218495,1799.96,2159,2,2,12:36:49,2159 2
1551.6852869026645,21.201280491428044,0.17179647258684552,28.094648159092262,1800.05,2159,2,2,12:38:50,2159 2
1741.5017929225216,20.883455542686463,0.16482748293166646,28.099578384087504,1800.13,2159,2,2,12:40:50,2159 2
214.21143100996105,10.623384116324797,0.09955205345724541,28.456884509583595,1799.85,2159,3,2,13:41:32,2159 3
172.8129604645893,7.516259912205285,0.10374874763252065,28.430310939106747,1800.15,2159,3,2,13:43:11,2159 3
131.72050640304806,4.395530682669219,0.11569254715449927,28.412111184872188,1800.17,2159,3,2,13:45:03,2159 3
84.60112655467805,0.9708309592596496,0.12909363336482324,28.385507921736387,1799.83,2159,3,2,13:46:43,2159 3
65.66027966153524,-1.4957823540816797,0.14261031787395023,28.34409482288912,1800.15,2159,3,2,13:48:20,2159 3
413.20665706879157,19.495947707471295,0.12030029460356567,28.414519271371468,1800.12,2159,3,2,13:53:45,2159 3
651.4918317711756,21.050575010222776,0.10829407001278553,28.454113873671798,1800.13,2159,3,2,13:55:21,2159 3
914.3789286895743,21.985530824066448,0.10388932856359814,28.462695361211612,1799.84,2159,3,2,13:57:22,2159 3
1381.2295612915611,22.667969235270608,0.10210530800357848,28.47528416449254,1799.85,2159,3,2,13:58:53,2159 3
1571.878913721754,22.136671941892953,0.09888304028980008,28.469074622714917,1799.87,2159,3,2,14:00:41,2159 3
255.50730025878718,16.308842519683797,0.21429183599119359,28.552129999368187,1799.94,2163,2,2,11:39:13,2163 2
195.89802847682412,11.988706318843827,0.21943634873239956,28.5084014228205,1799.93,2163,2,2,11:40:58,2163 2
138.20946685445878,7.103977961881336,0.2218350472105844,28.55324426345095,1800.17,2163,2,2,11:42:48,2163 2
81.93832754980713,2.0163169779927483,0.23065232481345965,28.53479427936037,1800.15,2163,2,2,11:44:21,2163 2
54.173503403530994,-0.742273703032093,0.23745561909858504,28.565607202621724,1800.15,2163,2,2,11:45:52,2163 2
479.44555042191575,25.140526372078014,0.2192914472563757,28.49368664024269,1799.87,2163,2,2,11:51:42,2163 2
697.7797188772506,28.647740978869823,0.1793732080531415,28.576427814667007,1800.17,2163,2,2,11:53:18,2163 2
945.9193066902799,29.48276137530479,0.15736845678010522,28.68764119056247,1799.84,2163,2,2,11:55:19,2163 2
1362.1549817779312,30.448602355576433,0.13146673953394647,28.821303677032404,1800.09,2163,2,2,11:57:19,2163 2
1517.8758458826255,29.11896843815629,0.11331579190391013,28.835316095339614,1800.09,2163,2,2,11:59:20,2163 2
256.84887711146513,14.61898337693381,0.18988357473838907,28.175104850577057,1799.98,2163,1,2,13:21:24,2163 1
197.69822755830012,10.658530175534754,0.19466034162237225,28.18700688249613,1799.96,2163,1,2,13:23:16,2163 1
139.59135136037864,6.469526995909016,0.20268839463127292,28.153412789903246,1799.99,2163,1,2,13:24:47,2163 1
82.03795153793071,1.925947997253939,0.21684501809619322,28.10857518209866,1800,2163,1,2,13:26:27,2163 1
52.11386059854626,-0.43577883066517586,0.2319916922166075,28.073132409693663,1800.01,2163,1,2,13:28:22,2163 1
486.31044739592915,20.90159199885004,0.1838774476377093,28.232983863973203,1800.21,2163,1,2,13:34:42,2163 1
717.4721955246971,22.61116684658382,0.1491791013317914,28.31292887581175,1799.94,2163,1,2,13:36:42,2163 1
939.1578199311355,22.810616382457436,0.11654159483009517,28.376284768477333,1799.94,2163,1,2,13:38:43,2163 1
1346.8285777742224,22.1573587389568,0.09021834539933145,28.43338350011582,1800.01,2163,1,2,13:40:43,2163 1
1416.289178856403,23.230038473520533,0.07157091331967966,28.499388608363624,1799.98,2163,1,2,13:42:44,2163 1
221.81749980138207,24.333648693112885,0.2617109920233516,28.656655072106332,1799.88,2163,3,2,13:58:54,2163 3
170.3875624762308,17.807946863827926,0.2636552628669803,28.64831923278602,1800.18,2163,3,2,14:00:24,2163 3
124.83051864508474,10.598999845637334,0.27485197407104006,28.637281023814896,1799.86,2163,3,2,14:01:55,2163 3
78.23553624242317,3.0327914106511065,0.28990606025887355,28.620157180976207,1799.83,2163,3,2,14:03:31,2163 3
53.76348756125775,-0.8512476845872835,0.30682099602380075,28.612611292033566,1799.8,2163,3,2,14:05:04,2163 3
438.94872313658755,40.14340285059145,0.30380797669589893,28.59719368147219,1799.77,2163,3,2,14:10:36,2163 3
663.8908503423984,43.73423377946947,0.25387637448187295,28.722606115609015,1800.04,2163,3,2,14:12:36,2163 3
865.1355714699513,44.84980778950079,0.19616176563209156,28.886444457912816,1800.01,2163,3,2,14:14:37,2163 3
1214.149953154815,45.38933060819267,0.14426748041730356,29.037888574484683,1800.01,2163,3,2,14:16:37,2163 3
1256.3264900988463,46.06142829458965,0.1122645153440386,29.150985279862446,1799.97,2163,3,2,14:18:38,2163 3
255.02591289853302,16.114139344953763,0.20705554002181537,29.3958037240527,1799.93,2165,1,2,14:08:25,2165 1
199.48996062760213,11.273445672630295,0.21095070563301083,29.376315966275182,1799.92,2165,1,2,14:09:58,2165 1
140.80120278514917,6.834333076009414,0.22021952722359014,29.375634515258017,1800.27,2165,1,2,14:11:32,2165 1
83.8793717684424,1.814856184171542,0.23498144917968175,29.3407973711303,1799.96,2165,1,2,14:13:02,2165 1
52.614399326160836,-0.5561927909667365,0.2502100507405035,29.314516264883963,1799.94,2165,1,2,14:14:35,2165 1
482.9931228139044,24.43668663808299,0.21400402461296184,29.414925304602544,1800.14,2165,1,2,14:20:06,2165 1
668.8368084241913,28.379828788289014,0.1583476882595963,29.56117538635729,1799.81,2165,1,2,14:22:07,2165 1
879.7981267977174,29.714459228887915,0.1296223027976973,29.644545323008693,1799.81,2165,1,2,14:24:07,2165 1
1266.634416890918,29.84675029528728,0.10249898150408703,29.722423224138424,1800.12,2165,1,2,14:26:08,2165 1
1328.7520191066092,31.34200324225561,0.0836903635541544,29.775531644502273,1800.09,2165,1,2,14:28:08,2165 1
270.5562424229764,21.5671547044142,0.32664299288038046,28.046720593564824,1799.72,2165,2,2,10:36:56,2165 2
207.15009316874506,15.788856041768867,0.33626615148677924,28.033485975983535,1800.03,2165,2,2,10:38:57,2165 2
145.32938628903062,9.50393481683564,0.34886005571228274,28.02357400876942,1800.01,2165,2,2,10:40:43,2165 2
82.83229823556464,2.850844532578107,0.35453339914639653,27.996723133197317,1800.02,2165,2,2,10:42:23,2165 2
51.92573584234981,-0.6124481343901806,0.36901368665188145,27.99236570961767,1800.02,2165,2,2,10:43:54,2165 2
516.7919257790609,28.49131628308695,0.30921590211409034,28.154785158100886,1800.2,2165,2,2,10:49:08,2165 2
767.9840370895953,29.606945919356672,0.25135459522668224,28.28819796027311,1799.89,2165,2,2,10:50:50,2165 2
1022.6462119884495,30.662971234214762,0.21704147246794872,28.396613988384274,1800.14,2165,2,2,10:52:51,2165 2
1482.2922494611532,29.385522278529756,0.1846261478279015,28.480652877835553,1800.12,2165,2,2,10:54:51,2165 2
1632.449802704966,30.95001288206918,0.165648618546971,28.558145967545286,1800.04,2165,2,2,10:56:52,2165 2
284.27815184538275,19.70514567647237,0.3333077567043288,28.21310138934224,1799.85,2165,3,2,10:02:10,2165 3
218.0117126641567,14.35479105947392,0.3466425673048401,28.222342834117107,1800.17,2165,3,2,10:03:41,2165 3
149.23850918737392,8.874879128945595,0.34881271239547706,28.239735505131534,1800.12,2165,3,2,10:05:14,2165 3
84.48835764427793,2.6449942054833793,0.36882846260269514,28.175484813740425,1799.8,2165,3,2,10:06:54,2165 3
51.347187759253636,-0.5488595665977337,0.38043264779632185,28.193566014960194,1800.06,2165,3,2,10:08:24,2165 3
552.7664003946788,28.035523347438655,0.39392885001752304,28.05792816610653,1800.1,2165,3,2,10:13:09,2165 3
824.2194806275448,29.38986817191783,0.35063535441710214,28.14589652609354,1800.12,2165,3,2,10:15:09,2165 3
1098.9408778268557,30.833210242455777,0.3258523087878482,28.266759344907943,1800.1,2165,3,2,10:17:10,2165 3
1564.5327456081895,30.28519660850915,0.2788779438699382,28.39839618957222,1799.75,2165,3,2,10:19:11,2165 3
1735.4342043419467,32.34900109335994,0.26212738006106284,28.457483649608,1800.02,2165,3,2,10:20:42,2165 3
228.28938476074293,13.00397845038418,0.1331269016618369,28.885179056883132,1799.87,2167,2,2,11:49:01,2167 2
183.35196972879186,8.74378185045384,0.1327239276968983,28.89730066489952,1800.16,2167,2,2,11:50:44,2167 2
138.0661659244493,4.803305724304544,0.14024326979524016,28.887309406275104,1800.17,2167,2,2,11:52:20,2167 2
86.2217828571086,0.9265680945610486,0.13640246707406187,28.898923930559512,1800.13,2167,2,2,11:53:57,2167 2
61.942170969030116,-1.1736997155218292,0.1481022415036108,28.878426926540815,1799.82,2167,2,2,11:55:28,2167 2
427.2671386719664,19.158830098734875,0.12393536610329058,28.9642186290575,1799.76,2167,2,2,12:01:01,2167 2
635.5694420233763,21.019759167040583,0.10151324671716257,29.023020117239064,1800.06,2167,2,2,12:03:02,2167 2
829.5889902881653,21.751782879803237,0.08083340351549698,29.091701044223946,1800,2167,2,2,12:05:03,2167 2
1179.6721455870388,23.171387803071518,0.06519916378687785,29.144516954748163,1800,2167,2,2,12:07:03,2167 2
1143.1641340779333,23.55844225158997,0.046927642740087254,29.185899427751902,1799.98,2167,2,2,12:09:04,2167 2
238.04228416282692,21.34611619629389,0.24055344657058775,27.91376078370501,1799.94,2167,3,2,09:50:51,2167 3
185.28800551409614,15.725184754248913,0.2520422108374144,27.91464896830273,1799.9,2167,3,2,09:52:47,2167 3
136.3318565440249,9.346951245658126,0.2756538550680066,27.880568834532895,1799.89,2167,3,2,09:54:22,2167 3
80.00467012156656,2.9261328321056497,0.2893688506491753,27.853344497444045,1800.12,2167,3,2,09:55:56,2167 3
53.854439282798126,-0.8921769502688098,0.3159243257131433,27.793166463357576,1800.12,2167,3,2,09:57:27,2167 3
498.0199992888773,31.54318096243203,0.2980232770248811,27.84183134600445,1800.03,2167,3,2,10:03:16,2167 3
758.9822203317794,32.5504966524377,0.2589469856403641,27.925379321615214,1800,2167,3,2,10:05:17,2167 3
1025.69375504654,31.91280238324823,0.22414424156115403,28.004623894482705,1799.98,2167,3,2,10:07:17,2167 3
1467.3198513450848,33.16001326847902,0.19367041518754194,28.06508503025806,1800.01,2167,3,2,10:09:18,2167 3
1633.4266403770948,33.37132061983675,0.17623201669948246,28.136695255671597,1799.97,2167,3,2,10:11:18,2167 3
248.76037620682493,23.878813792394393,0.2921525880553047,28.327345511748028,1800.04,2169,1,2,09:41:28,2169 1
194.01626414637357,16.928835501880066,0.297414948370025,28.314294240635817,1800,2169,1,2,09:42:58,2169 1
136.6187985978928,10.72514806388257,0.31979885338192504,28.2720072270609,1799.98,2169,1,2,09:44:32,2169 1
80.52151339080022,3.354499515716769,0.3465962196379284,28.22117092610475,1799.98,2169,1,2,09:46:11,2169 1
52.17694805668351,-0.7149431349524806,0.37178170458303933,28.18966300833588,1799.97,2169,1,2,09:47:46,2169 1
488.19012777403816,34.94123363034791,0.3128042480328462,28.337189937206233,1799.85,2169,1,2,09:53:20,2169 1
725.2245868804031,38.60443897478611,0.2656031543670454,28.45223691905516,1799.85,2169,1,2,09:55:20,2169 1
972.725543636142,40.40265358795844,0.23383517382642766,28.529132230365573,1800.12,2169,1,2,09:57:21,2169 1
1386.1496050870117,44.29852268940249,0.203028052442829,28.60200761226844,1800.1,2169,1,2,09:59:21,2169 1
1558.2096317529385,41.330628882632794,0.1775185261108959,28.688165624514752,1799.79,2169,1,2,10:01:22,2169 1
240.86584601262152,25.629745011538567,0.30121268401088913,28.213874701064988,1800.03,2169,3,2,11:03:38,2169 3
188.0090702490803,18.580325051405236,0.31288052854229736,28.10381268089901,1799.88,2169,3,2,11:05:12,2169 3
132.42797357445608,11.924884137729922,0.33789568598718644,27.96225094446204,1799.97,2169,3,2,11:06:42,2169 3
78.6019422298577,3.9066041394408324,0.3689138320471903,27.82713055411662,1799.82,2169,3,2,11:08:15,2169 3
50.394407761814584,-0.3534088326317019,0.40138244850720234,27.69599252218099,1800,2169,3,2,11:09:45,2169 3
481.4651543484148,37.66262667460693,0.3309752916662784,27.667972579195833,1799.88,2169,3,2,11:15:24,2169 3
709.5494358669235,41.04474612724617,0.2684341623649458,27.73912776245789,1799.98,2169,3,2,11:17:24,2169 3
950.3268061348485,42.71075739881187,0.23077104296950457,27.75196857437136,1800.09,2169,3,2,11:19:25,2169 3
1391.1880389481587,43.74340036382696,0.2049514647201738,27.797148490135452,1799.92,2169,3,2,11:21:25,2169 3
1557.882209182365,43.14333547667847,0.18699484505041164,27.878947562905253,1800.01,2169,3,2,11:23:26,2169 3
251.74962938529,14.092731529847077,0.17729260574344105,29.70463027133875,1800.07,2172,1,2,11:23:08,2172 1
196.9325706028511,10.00097836575743,0.18281182861365866,29.693605188096058,1800,2172,1,2,11:24:42,2172 1
138.90727037022847,6.055922168161837,0.18934757654522044,29.690046436296136,1799.95,2172,1,2,11:26:13,2172 1
81.2510456450657,1.7676383725371054,0.1913968368578143,29.702679888035806,1800.18,2172,1,2,11:27:49,2172 1
52.991258460474825,-0.4851443863010221,0.19673252826933552,29.692050827574676,1800.13,2172,1,2,11:29:26,2172 1
474.51538356115503,24.325055028980483,0.2067807953970262,29.712675874873725,1799.93,2172,1,2,11:35:15,2172 1
722.6776504523792,28.233398213220262,0.19704737958402932,29.752935084713403,1799.89,2172,1,2,11:36:54,2172 1
985.8636612347404,29.520830671567683,0.1838335168200122,29.825150717472013,1800.15,2172,1,2,11:38:51,2172 1
1433.6187239039496,30.363452759611615,0.16454582614668767,29.89957076058202,1799.76,2172,1,2,11:40:36,2172 1
1587.0618210865866,30.19743105045905,0.143677102435974,29.978908193666502,1800,2172,1,2,11:42:37,2172 1
259.5587097259341,14.508496987821788,0.19085421019790283,28.6282175266529,1799.9,2172,2,2,11:18:38,2172 2
203.05272307419423,10.304265327711642,0.19827171398740967,28.624217816392544,1800.12,2172,2,2,11:20:38,2172 2
142.88287020536097,6.026614803081321,0.1992988383914823,28.62539809831808,1799.83,2172,2,2,11:22:25,2172 2
83.29129935413708,1.6143181162743228,0.1955833877439271,28.643652458453918,1800.06,2172,2,2,11:23:55,2172 2
58.17997638564255,-1.0838837554267144,0.1973980706646439,28.6482553340749,1800.05,2172,2,2,11:25:35,2172 2
501.60210009763,21.707826452525293,0.2077015936063877,28.654687214418555,1799.94,2172,2,2,11:30:39,2172 2
761.5045712875068,24.89018571505525,0.20119237228875708,28.676726385547717,1800.16,2172,2,2,11:32:21,2172 2
1022.7584603276215,25.225031946009125,0.17626458225935288,28.745585779213496,1799.88,2172,2,2,11:34:04,2172 2
1465.7341712260002,26.332962854430164,0.15438600925875726,28.820696879012246,1800.06,2172,2,2,11:36:04,2172 2
1613.4297460324124,26.29977926664935,0.13130928717981888,28.899393021587105,1800.02,2172,2,2,11:37:47,2172 2
215.54812986909332,20.18615355039399,0.2021291457271674,28.352322417248068,1800.22,2173,1,2,12:57:46,2173 1
167.45151137239168,14.788175591157238,0.20720781939108024,28.281567199818788,1800.01,2173,1,2,12:59:18,2173 1
119.85223129014334,9.423334305687145,0.2212471867062847,28.175453810790508,1800.03,2173,1,2,13:00:49,2173 1
76.14476420627825,2.7937473172882052,0.23913315540331373,28.07673970983631,1800.09,2173,1,2,13:02:23,2173 1
52.36990737793927,-0.6496674595763411,0.2539931772002304,27.9910749445423,1800.15,2173,1,2,13:03:59,2173 1
317.84149133690323,27.922034390379007,0.1295722276120086,28.288183556342435,1800.15,2173,1,2,13:09:34,2173 1
465.75581448632903,31.598037570704324,0.10425534816246747,28.427636175645347,1799.92,2173,1,2,13:11:34,2173 1
598.6163439171938,31.678428072073686,0.07892545882154901,28.532228691116025,1799.92,2173,1,2,13:13:35,2173 1
877.5239324404184,38.76656248494216,0.07362800619006454,28.56876952612773,1800,2173,1,2,13:15:35,2173 1
920.1546784522519,33.35136514796052,0.05351447453590722,28.64635521761103,1800.03,2173,1,2,13:17:36,2173 1
208.88220201707182,15.43457928763411,0.15005312710430982,27.80786317468161,1800.17,2173,2,2,12:18:09,2173 2
163.80028402059224,10.831930851769537,0.14845790554270724,27.817503871216147,1799.86,2173,2,2,12:19:45,2173 2
118.19795612193535,6.4804528179987315,0.14938762668836056,27.827085316468153,1800.17,2173,2,2,12:21:28,2173 2
71.92069821407681,2.1486142255186285,0.1511053284679563,27.809098563102108,1799.92,2173,2,2,12:22:58,2173 2
52.0714938856434,-0.3582695698407427,0.15370340789100986,27.799167718185565,1799.94,2173,2,2,12:24:39,2173 2
360.7756597467268,24.02644558798864,0.13012414778600226,27.88883663758369,1799.9,2173,2,2,12:30:10,2173 2
509.07088748220065,26.768017556827612,0.09857467450253014,28.09231816876886,1799.81,2173,2,2,12:32:11,2173 2
671.0753673027704,28.105102938975868,0.08013475371198317,28.23871845882184,1799.96,2173,2,2,12:34:11,2173 2
999.1767360902941,29.240968710578997,0.06556695687853288,28.353674318048967,1799.85,2173,2,2,12:36:12,2173 2
1033.155250096148,29.12728676012942,0.05334659549446886,28.46491097189263,1800.03,2173,2,2,12:38:12,2173 2
205.6653670431809,24.409925621844117,0.23344191157390815,27.645217695411425,1799.87,2173,3,2,08:08:10,2173 3
160.41146504250372,17.73770268790556,0.23707118683880946,27.599115167050314,1800.12,2173,3,2,08:09:41,2173 3
117.45295743208011,10.96201468757309,0.2512339948099487,27.478119216371912,1800.19,2173,3,2,08:11:11,2173 3
72.50537002718563,3.8696780707947185,0.2770255151340111,27.219585996591913,1800.04,2173,3,2,08:12:54,2173 3
50.30998664316517,-0.24415068649618993,0.3017435421743309,27.087674641574164,1800.11,2173,3,2,08:14:25,2173 3
410.79144292854227,37.54110824147411,0.24403673178617868,26.993449682744142,1800.23,2173,3,2,08:19:58,2173 3
533.8826490623198,37.90520888798919,0.1453691736826172,27.119047922866915,1800.05,2173,3,2,08:21:58,2173 3
661.1021526634535,39.257950967670645,0.10777120553521323,27.284719579006424,1800.18,2173,3,2,08:23:59,2173 3
961.3342588267045,39.960248747201696,0.08302496327648871,27.35998093685968,1799.99,2173,3,2,08:25:59,2173 3
943.078175409996,41.340336471935764,0.06713880548903446,27.372427920563403,1800.03,2173,3,2,08:28:00,2173 3
205.2187357525813,14.11912408699549,0.13031237368382703,28.175305288806,1799.95,2175,1,2,13:10:01,2175 1
170.32338244345277,9.71855599110275,0.13661194746720445,28.073140989979212,1799.83,2175,1,2,13:11:32,2175 1
124.6487842786733,6.087670403657296,0.15007392895835583,27.974001717181288,1800.22,2175,1,2,13:13:13,2175 1
78.0061181320028,1.7695948207494656,0.1634447980380001,27.904399633941406,1800.07,2175,1,2,13:14:44,2175 1
51.59753710406566,-0.36558965138380456,0.17485073424397204,27.84347033016009,1799.94,2175,1,2,13:16:18,2175 1
342.0718111955853,21.59967093760894,0.10719629137140399,28.001803441228265,1800.24,2175,1,2,13:22:16,2175 1
475.72085395921914,24.918431425174262,0.08350764516051498,28.070082588909152,1800.05,2175,1,2,13:24:16,2175 1
640.2665686348049,28.228089490466985,0.07516282480506879,28.05722336315411,1799.93,2175,1,2,13:26:17,2175 1
977.2980404511329,29.858448147734855,0.0641973080499731,28.12930115712437,1799.99,2175,1,2,13:28:17,2175 1
1092.001439379817,28.47330506495181,0.055308405182077795,28.126259599911446,1800.09,2175,1,2,13:30:18,2175 1
212.05281559491294,14.260922640911168,0.1335777053793215,29.249575326574984,1799.99,2175,2,2,13:15:41,2175 2
173.5279284892281,10.563570338052175,0.14884020031568743,29.13479828163059,1799.85,2175,2,2,13:17:59,2175 2
128.61986937483113,6.222605881612432,0.15775957600539564,29.08292069602313,1800,2175,2,2,13:19:46,2175 2
78.32179019476003,1.9834674259954819,0.17436896971315483,28.97642999485792,1800.1,2175,2,2,13:21:18,2175 2
53.967176252408215,-0.5858678826516429,0.19127114656395722,28.89853086939889,1799.93,2175,2,2,13:22:50,2175 2
408.29422661433966,22.12340190801176,0.13437446975374967,28.913795428691113,1800.2,2175,2,2,13:28:26,2175 2
636.3371621736691,23.255909870463476,0.1135298532384993,28.914396411878535,1800,2175,2,2,13:30:27,2175 2
921.3567025454944,22.384131731891618,0.1066964954067186,28.904514421790868,1800.1,2175,2,2,13:31:58,2175 2
1357.273262532872,22.80938682987145,0.09415711285288418,28.922549246125396,1800.17,2175,2,2,13:33:42,2175 2
1487.2932924801928,23.22374594880678,0.08199655894244674,28.950812191867158,1799.97,2175,2,2,13:35:42,2175 2
203.66226967889818,13.887482726416604,0.12353195154697628,28.54134204341123,1799.88,2185,1,2,09:24:56,2185 1
167.53815215490982,10.259254853190006,0.13683793942674316,28.567467796125975,1799.84,2185,1,2,09:26:50,2185 1
117.67509690672115,6.509653386906266,0.1403023968666746,28.583013045781573,1799.82,2185,1,2,09:28:28,2185 1
77.51394910886414,1.89796352732717,0.1597226549894355,28.549625897329875,1799.79,2185,1,2,09:30:18,2185 1
56.135043015717976,-0.7843755134149677,0.17893363817951344,28.51088638219458,1800.05,2185,1,2,09:31:49,2185 1
389.9443596545867,25.719048472747513,0.1471170716601529,28.61555438963356,1800.25,2185,1,2,09:37:14,2185 1
588.3383612976456,28.189493680815215,0.12088100048535227,28.7063837080276,1800.18,2185,1,2,09:39:15,2185 1
814.3587796939591,30.75414089626338,0.11213177857936897,28.749471473504343,1799.78,2185,1,2,09:40:50,2185 1
1232.6713327082025,32.53058012121634,0.10255058575891667,28.785670236229763,1800.06,2185,1,2,09:42:50,2185 1
1380.0964433877105,32.70133100427845,0.09427500888914024,28.837137625682008,1800,2185,1,2,09:44:51,2185 1
168.46056741614143,8.467895180289204,0.06271730548080721,29.183254264033998,1799.99,2185,2,2,11:39:55,2185 2
144.0657382642801,6.073271077807231,0.0673785765658755,29.192514665497484,1799.97,2185,2,2,11:41:34,2185 2
112.74459511825802,4.095967729005594,0.08254675897328587,29.122089162709326,1800,2185,2,2,11:43:35,2185 2
78.03980676164005,1.1256983951349788,0.09736210913251565,29.0847795905146,1799.78,2185,2,2,11:45:33,2185 2
60.90889436649617,-0.8221356352233261,0.11235529086026907,29.033520984154666,1799.85,2185,2,2,11:47:19,2185 2
222.00360248525828,11.430039805425093,0.040203617929742586,29.307023788551767,1800.12,2185,2,2,11:53:30,2185 2
323.88061784691655,15.268125024762517,0.03790802226032038,29.314240927356945,1800.03,2185,2,2,11:55:30,2185 2
380.5056592075817,16.69814071139989,0.03030710266112685,29.352870981232247,1799.99,2185,2,2,11:57:31,2185 2
503.32063107856527,17.871560713271396,0.022890197931936796,29.386719577958136,1799.91,2185,2,2,11:59:32,2185 2
540.2121648828013,17.603714166633644,0.019980393304546436,29.402716856309482,1799.83,2185,2,2,12:01:32,2185 2
283.7183331807599,21.864629551072888,0.37265603236253936,27.910843663158925,1799.87,2185,3,2,11:36:31,2185 3
216.00749545920002,16.072630802550098,0.3826316434530732,27.908075110663965,1800.08,2185,3,2,11:38:28,2185 3
149.8838610789544,9.867759170499003,0.3999695964550899,27.903901067974633,1800.02,2185,3,2,11:40:04,2185 3
83.26195786196195,3.2502340345929914,0.4189812792802639,27.87941072723798,1800.01,2185,3,2,11:41:36,2185 3
52.61709486451825,-0.9148645504781684,0.4389838985810141,27.857161712072816,1800,2185,3,2,11:43:06,2185 3
560.6262636134727,28.58399958763457,0.4340541074797101,27.86970396906027,1800.25,2185,3,2,11:49:08,2185 3
846.5944444739451,27.709088010577187,0.3927457245222056,27.951517037943635,1799.96,2185,3,2,11:50:51,2185 3
1119.341302687971,27.386610050239053,0.3300749275106388,28.04189803646555,1800,2185,3,2,11:52:25,2185 3
1559.3317206139236,28.87435192691499,0.2566033598146601,28.21240269924612,1799.99,2185,3,2,11:54:26,2185 3
1707.5840240527166,30.935932035518576,0.2185376583779151,28.279051385187188,1800.06,2185,3,2,11:56:26,2185 3
205.1977433188988,8.728881880798882,0.07746362610749764,27.497766991848522,1799.94,2190,3,2,09:51:22,2190 3
159.2428667383003,6.485582027505088,0.07986638346245521,27.554565382134975,1800.2,2190,3,2,09:53:03,2190 3
118.82586864184368,3.9581253128111333,0.08536783956321134,27.59151501173191,1799.85,2190,3,2,09:54:33,2190 3
76.89680704960834,1.1632927783851168,0.09293087305819037,27.55786816268678,1799.84,2190,3,2,09:56:11,2190 3
53.516969693908976,-0.286453603578007,0.10125974168598956,27.527480861194476,1800.13,2190,3,2,09:57:41,2190 3
360.39199780159726,15.316500683516946,0.07793194409846696,27.626536696144125,1800.12,2190,3,2,10:02:51,2190 3
526.693903561595,16.94482146391608,0.06155316173534225,27.70864881842032,1800.1,2190,3,2,10:04:48,2190 3
721.9539657931838,18.959161684311635,0.05638890120560482,27.659811936892662,1800.12,2190,3,2,10:06:48,2190 3
1097.9884107805358,19.971390830836548,0.04913578250855235,27.505462290219935,1799.9,2190,3,2,10:08:49,2190 3
1180.37566299816,22.193432407517015,0.04650732169072347,27.461204233737245,1799.96,2190,3,2,10:10:49,2190 3
178.97371605685507,11.493862598693667,0.09101567210188119,29.167665099800132,1800.24,2191,1,2,12:21:09,2191 1
146.39953163825277,8.306108002309543,0.09536424596218357,29.17282918798062,1800.15,2191,1,2,12:22:53,2191 1
110.8102159601744,5.383205270525576,0.10815874726938762,29.159341819064604,1799.78,2191,1,2,12:24:26,2191 1
76.07542467165919,1.545993319674586,0.1254320783071661,29.116174694155013,1799.97,2191,1,2,12:26:07,2191 1
56.03226470230833,-0.6486960373712151,0.14215547831129013,29.098952482630192,1800.22,2191,1,2,12:27:38,2191 1
249.23854563197725,14.086586799203964,0.053280571358012736,29.48898951408106,1799.99,2191,1,2,12:33:39,2191 1
339.02306028043097,17.055319342594892,0.04373611704712888,29.547994342189323,1799.93,2191,1,2,12:35:40,2191 1
431.78703485503263,19.185980806731585,0.03731815531988215,29.632719609258295,1799.85,2191,1,2,12:37:40,2191 1
646.1723157093984,19.832769564603563,0.02898655002979391,29.6745370402771,1800.04,2191,1,2,12:39:41,2191 1
641.3484623651018,21.46613081776986,0.026519603480529962,29.707559620367906,1799.98,2191,1,2,12:41:15,2191 1
261.10547229353455,12.845921615421672,0.17850095944852534,28.604428124432612,1800.04,2191,2,2,09:41:36,2191 2
165.49860788483073,12.775201096116465,0.17544785887823286,28.729174825640424,1800,2191,2,2,09:43:36,2191 2
115.71581873264957,8.07583480519422,0.1778457358147186,28.701867214272795,1799.99,2191,2,2,09:45:37,2191 2
74.13862874301596,2.37858962640123,0.17972509181397445,28.69707614482458,1800,2191,2,2,09:47:37,2191 2
54.36070316196037,0.46484216645675414,0.180045428569104,28.7029165623636,1800,2191,2,2,09:49:38,2191 2
433.51638337677286,18.59870473909584,0.13169584008959437,28.953410135069813,1799.89,2191,2,2,09:56:01,2191 2
646.436356830318,21.31897148753195,0.11355805331804135,28.96782609619679,1800.14,2191,2,2,09:58:01,2191 2
875.297055015631,21.8125742466883,0.09734454724400737,29.149655563718287,1800.1,2191,2,2,10:00:02,2191 2
1239.3931954427853,25.48732536483649,0.08630480095483528,29.211246747865243,1800.06,2191,2,2,10:02:03,2191 2
1438.6168060637524,22.647374949340346,0.07812523361555959,29.26594332260215,1800.02,2191,2,2,10:04:03,2191 2
183.1744086743313,19.25219422906221,0.16178334947474815,28.55571746797561,1800.15,2191,3,2,11:08:30,2191 3
152.53700198895297,13.695517659401753,0.17167862430244846,28.379449119589317,1800.03,2191,3,2,11:10:21,2191 3
115.1612665963238,8.83489841899065,0.19753962682930837,28.137332785139275,1800.17,2191,3,2,11:12:21,2191 3
78.69266933000335,2.0864643443040807,0.2131877196337798,28.111712519296116,1799.93,2191,3,2,11:13:53,2191 3
61.08588826897139,0.8226964131086164,0.23268484703767164,27.98308952550739,1800.01,2191,3,2,11:15:53,2191 3
358.8635697613365,24.838607090762938,0.13288298879303062,28.198693564323296,1800.01,2191,3,2,11:21:55,2191 3
472.68916067416865,31.039727109459307,0.10523281244903646,28.33385470809219,1800.14,2191,3,2,11:23:55,2191 3
666.6877745766305,32.07019741764588,0.09072710103675159,28.37026420537958,1799.9,2191,3,2,11:25:56,2191 3
1029.8403087294062,33.41227926708903,0.07848094958220508,28.434329746666425,1799.97,2191,3,2,11:27:56,2191 3
1087.7066925763013,35.04069693351706,0.06871541020538634,28.511493006899947,1800,2191,3,2,11:29:57,2191 3
190.03448570421597,15.619289662183883,0.13037231710711086,28.16017039492957,1799.92,2192,1,2,10:55:23,2192 1
147.28811057017512,11.967240622802851,0.13776207878980207,28.145281333380424,1799.88,2192,1,2,10:56:55,2192 1
121.08780655813688,6.950131803987997,0.15959851179388437,28.050381521895773,1800.19,2192,1,2,10:58:55,2192 1
82.60751475423129,1.5050074770296806,0.18132393046000786,27.982053469977775,1800.21,2192,1,2,11:00:27,2192 1
59.98286314426199,-1.4902476480168796,0.2070457123181909,27.890718716614366,1800.22,2192,1,2,11:02:18,2192 1
212.2710869648564,20.624457277689437,0.19728990435609958,27.924757900425313,1800.21,2192,1,2,11:04:18,2192 1
191.97228964834534,14.441141243658103,0.12144256101951192,28.186826941451564,1800.19,2192,1,2,11:06:19,2192 1
312.01762361329446,27.515321318796627,0.12355505642998002,28.18312722997951,1799.91,2192,1,2,11:08:00,2192 1
423.8346867524859,35.57080954535742,0.10675331657260086,28.142869592356725,1800.02,2192,1,2,11:10:01,2192 1
568.0756147607614,39.76315943128742,0.09379620573243232,28.11960951605068,1800.14,2192,1,2,11:12:01,2192 1
906.1684486869993,43.493655865673375,0.08464499475303888,28.111795740982416,1799.98,2192,1,2,11:14:02,2192 1
985.6704295098273,42.0507721250686,0.07174452331041786,28.10143063910169,1800.06,2192,1,2,11:16:02,2192 1
188.1569143139869,16.38570653390609,0.1353453921369048,28.3828456595337,1800.18,2192,3,2,10:55:51,2192 3
166.30412513807522,10.657640729582731,0.14188267727052448,28.375093646318422,1800.14,2192,3,2,10:57:28,2192 3
119.70990761158814,6.883845543097487,0.1544468482237341,28.307499694094176,1800.2,2192,3,2,10:59:02,2192 3
82.48668185729905,1.4410839684770416,0.17147598680680518,28.221253511568758,1799.94,2192,3,2,11:00:39,2192 3
60.616010420482716,-1.4092669270406748,0.18675564890578777,28.163729470060105,1799.96,2192,3,2,11:02:11,2192 3
312.948191015176,28.812475588035724,0.12982505819893056,28.378078638593223,1800.19,2192,3,2,11:08:06,2192 3
435.5839350909255,33.37636774513789,0.10226915158024542,28.39073077743565,1800.03,2192,3,2,11:10:06,2192 3
572.1287299260856,36.862314947172294,0.087296999976074,28.364469764969538,1800.2,2192,3,2,11:12:07,2192 3
908.7088852008188,39.29111832084412,0.07656119449764828,28.336555705471252,1800.05,2192,3,2,11:14:07,2192 3
1017.7938860388854,38.28222511125927,0.06757829613730007,28.320722736732574,1799.91,2192,3,2,11:16:08,2192 3
251.26971443176708,18.258703354802364,0.22877510531822284,27.62699168591332,1800.24,2194,1,2,09:56:16,2194 1
195.75888313045988,13.677337296997692,0.24758452376245357,27.621094620157443,1799.95,2194,1,2,09:58:16,2194 1
138.6428020552275,8.15343178967395,0.2537690041299323,27.554126545340722,1799.96,2194,1,2,09:59:52,2194 1
80.93152064592874,2.488889568944485,0.26436917167917773,27.559959426941568,1799.96,2194,1,2,10:01:38,2194 1
52.16166884721194,-0.522840259317187,0.2796962479231858,27.537403773471453,1799.96,2194,1,2,10:03:09,2194 1
505.99821749396125,26.199625476064597,0.2611267451874179,27.62488209401033,1800.19,2194,1,2,10:08:33,2194 1
773.0710753059324,27.328325271548334,0.23548604686037972,27.719944347326837,1800.14,2194,1,2,10:10:33,2194 1
1054.8270669191797,26.76187599037827,0.21683817133492525,27.67297699061034,1800.16,2194,1,2,10:12:29,2194 1
1509.9677789720297,27.34214080373043,0.19012500943712787,27.741128007551566,1800.16,2194,1,2,10:14:29,2194 1
1664.0117196894266,28.073927261399312,0.1656102869167151,27.79723640862212,1800.16,2194,1,2,10:16:18,2194 1
230.5860740309801,16.88404401296357,0.18283898453111969,28.953012916525832,1799.99,2194,2,2,10:37:21,2194 2
180.15460250956164,12.60243416981607,0.19487890702845886,28.885900456620103,1799.96,2194,2,2,10:39:22,2194 2
135.24725098165337,7.75432165157824,0.2291817626096142,28.830109121349935,1799.93,2194,2,2,10:41:00,2194 2
81.19312301921195,2.37929270588805,0.2620859415583147,28.74314647896139,1799.93,2194,2,2,10:42:32,2194 2
53.32031625808385,-0.7790826947620276,0.2975224107255167,28.66524752546252,1799.91,2194,2,2,10:44:08,2194 2
469.3204062479339,28.146304162119517,0.23312121744390185,28.947767709603166,1799.98,2194,2,2,10:49:13,2194 2
726.4397900841575,28.982805912095802,0.20325925740237585,28.99693370591516,1799.95,2194,2,2,10:50:52,2194 2
986.7627125753658,28.63936460557625,0.17627549811150822,29.10828158442149,1800.22,2194,2,2,10:52:53,2194 2
1433.550226853122,28.065109560715236,0.14954134638315336,29.226032998580983,1800.18,2194,2,2,10:54:53,2194 2
1549.7317439193837,30.51042364795309,0.1289373818607082,29.312719305307432,1800.11,2194,2,2,10:56:54,2194 2
257.99912667958614,19.00124237730944,0.2506883878501134,29.060114355968125,1800.18,2194,3,2,12:35:56,2194 3
203.06363987564197,13.367677377097706,0.26184693316225716,29.034144504978137,1800.19,2194,3,2,12:37:56,2194 3
143.00641822877586,8.403445072760174,0.28534036879560365,28.98715555058314,1799.91,2194,3,2,12:39:44,2194 3
81.79878396205778,2.7185080714677623,0.3069555834503189,28.938926618078728,1799.93,2194,3,2,12:41:22,2194 3
52.49525467691439,-0.7205192485533298,0.34170113140519515,28.863651685558143,1799.96,2194,3,2,12:42:52,2194 3
509.2701103186702,29.839961813310595,0.3062066072911777,28.917004517664484,1799.91,2194,3,2,12:48:14,2194 3
773.5564430821764,31.17123919259478,0.27191397925773664,28.98383844508776,1799.92,2194,3,2,12:50:14,2194 3
1028.7825066874902,31.551971747362444,0.22897322399441644,29.09841843608773,1799.89,2194,3,2,12:52:01,2194 3
1464.7466147321147,30.53852682859741,0.17970751640737137,29.221390037435388,1800.16,2194,3,2,12:54:01,2194 3
1597.7934833756594,32.32707585695945,0.15496914258209832,29.29854554881116,1799.85,2194,3,2,12:55:42,2194 3
186.9177859261111,17.36704048879254,0.1504971588616556,27.908028668532808,1800.01,2198,1,2,12:18:48,2198 1
149.78296764444013,12.14404119656718,0.15000588623005934,27.891133558900286,1799.71,2198,1,2,12:20:20,2198 1
109.73541607191456,7.325041215360369,0.15203541804735582,27.888528669262712,1800.02,2198,1,2,12:21:52,2198 1
74.02008595778622,1.9957005362398361,0.15615387363602978,27.867679459421158,1800.02,2198,1,2,12:23:38,2198 1
54.36835130199305,-0.6019590154885386,0.16049798587618783,27.869107657910995,1800.03,2198,1,2,12:25:08,2198 1
325.5542761654615,30.396383709996094,0.14976611328211978,27.91209769777945,1800.03,2198,1,2,12:30:49,2198 1
469.3258390530359,35.400649651740764,0.12144372075371665,28.096796780852138,1799.91,2198,1,2,12:32:50,2198 1
636.4165678724503,37.13842929549212,0.10126715835938167,28.267625654539795,1799.78,2198,1,2,12:34:50,2198 1
985.2012497578473,39.20912832080131,0.08748972021457162,28.40095228180715,1799.96,2198,1,2,12:36:51,2198 1
1104.442590220075,38.06903750686958,0.07704895873741693,28.49970463258448,1799.77,2198,1,2,12:38:51,2198 1
239.24352438084543,19.478070105553634,0.23461117706362686,28.28902889123509,1800.1,2198,2,2,10:17:26,2198 2
186.05941959950854,13.767579715747239,0.23518527674029585,28.28484910983336,1799.77,2198,2,2,10:19:06,2198 2
132.52222812838073,8.136088477877387,0.23819958963253862,28.284268041724825,1800.08,2198,2,2,10:20:38,2198 2
81.19111603921517,2.075816434684973,0.2407371258275742,28.272086945510175,1799.79,2198,2,2,10:22:15,2198 2
54.951192857984864,-0.92276630792957,0.24561433192630108,28.25236804681264,1800.17,2198,2,2,10:23:47,2198 2
436.0673236166362,31.813757010289784,0.2347592137925666,28.252599121785565,1799.96,2198,2,2,10:29:24,2198 2
676.8160969886571,36.04902365657793,0.21950910299218032,28.302240467886804,1799.94,2198,2,2,10:30:55,2198 2
941.5430421838673,36.93128951940794,0.20585726763288373,28.352388163540592,1799.94,2198,2,2,10:32:55,2198 2
1414.0122381463364,36.91893263295864,0.19878923166910942,28.377999499181914,1800.27,2198,2,2,10:34:56,2198 2
1594.6150968602287,37.13083973151884,0.19220563523356268,28.398195055512346,1800.28,2198,2,2,10:36:30,2198 2
232.30641161118427,14.83144995202091,0.16296763918389287,28.188919456029783,1799.98,2198,3,2,12:59:40,2198 3
182.51487823096292,10.529874234090245,0.16659942875283462,28.114637204040964,1800.06,2198,3,2,13:01:15,2198 3
129.61693520359404,6.5054299200217445,0.17405698477346151,28.004347800154495,1799.89,2198,3,2,13:02:46,2198 3
80.15877998223019,1.741726461815611,0.1841211752231562,27.94791664054094,1800.02,2198,3,2,13:04:19,2198 3
56.34796493844321,-0.9614098496385253,0.19110460837832408,27.884513036463684,1800.09,2198,3,2,13:05:52,2198 3
408.14373488436956,25.208049363692723,0.15865200718450306,27.8799348007457,1799.85,2198,3,2,13:11:10,2198 3
589.8997024160265,29.31372586641966,0.13052699781715293,28.023932141407673,1799.94,2198,3,2,13:13:10,2198 3
798.7865737108056,32.76514330305637,0.11970614160241,28.044734147701142,1799.99,2198,3,2,13:15:11,2198 3
1222.926621532113,34.056305671357954,0.11056544126243988,28.10932242130713,1800.04,2198,3,2,13:17:12,2198 3
1374.0687488883295,34.05607344805254,0.10204820777369848,28.12407138698086,1800.12,2198,3,2,13:19:12,2198 3
290.55482392326974,21.12223383637515,0.3985829755906616,27.475084536071467,1800.04,2200,2,2,08:35:02,2200 2
217.5023293253392,16.08392332927842,0.4027924822990437,27.43928562330844,1800.06,2200,2,2,08:36:38,2200 2
148.66951052148784,10.047087203018089,0.40866937498923833,27.464605840577757,1800.06,2200,2,2,08:38:09,2200 2
82.39244818454269,3.3172634744329326,0.41592312464452014,27.457780885265887,1800.07,2200,2,2,08:39:39,2200 2
49.419198308978274,-0.1483386570792331,0.4223571048884609,27.44124381842092,1800.06,2200,2,2,08:41:12,2200 2
557.7158082583707,27.506260547712593,0.4190650262777248,27.48089026578463,1800.02,2200,2,2,08:46:17,2200 2
837.4454009931225,28.052088548329685,0.3849110100880693,27.587941606699545,1800.28,2200,2,2,08:48:17,2200 2
1112.320674641291,28.740947061891323,0.3457824184652338,27.669296976929086,1799.94,2200,2,2,08:50:18,2200 2
1580.6561476875413,27.495587632017664,0.2930408939643123,27.77012616816135,1799.96,2200,2,2,08:52:18,2200 2
1729.7872273637859,29.479179432027525,0.24407384235925644,27.855872299320794,1800.24,2200,2,2,08:54:19,2200 2
261.79708036078426,21.81336039199535,0.29652445657530635,27.98292384902453,1800.06,2200,3,2,12:20:36,2200 3
205.16316211778852,15.43590092047753,0.30992897589430085,27.96589360876391,1800.05,2200,3,2,12:22:26,2200 3
140.4793940067484,9.554301610510723,0.30641025758780455,27.98445141360588,1800.04,2200,3,2,12:24:05,2200 3
82.30166666000727,2.7705663120819617,0.31923090066879545,27.95276939023146,1800.04,2200,3,2,12:25:36,2200 3
51.394952321263105,-0.4535808009463973,0.31622744785900214,27.964499848868183,1800.05,2200,3,2,12:27:06,2200 3
503.74731827242306,30.947747272361525,0.30211559810901506,28.04917329014041,1799.91,2200,3,2,12:32:33,2200 3
721.5858817000121,29.7947489051287,0.1990000014286456,28.291278911034265,1799.89,2200,3,2,12:34:34,2200 3
831.1000573993332,29.442139497477708,0.11080532408512611,28.47097018630187,1800.2,2200,3,2,12:36:34,2200 3
1007.4935230515736,31.123127015306384,0.0674326977496618,28.631207439192178,1799.86,2200,3,2,12:38:54,2200 3
1051.4031873141214,31.015440859384796,0.05568720127811228,28.622290141286424,1800.18,2200,3,2,12:40:55,2200 3
192.9316423822884,15.263432442720841,0.12902111499403002,29.27828627828424,1799.95,2201,3,2,13:37:00,2201 3
154.1740077745636,10.644977943010971,0.1282619752023411,29.273336423433086,1799.92,2201,3,2,13:38:31,2201 3
117.42474062339829,6.331956542573205,0.13654659481114523,29.233089637246742,1799.93,2201,3,2,13:40:09,2201 3
78.70815262734793,1.650057083960046,0.14844607020561237,29.209014096051746,1799.93,2201,3,2,13:41:45,2201 3
54.878922285979854,-0.60583549128068,0.16496989475877655,29.20587023735547,1799.9,2201,3,2,13:43:18,2201 3
340.6077895719793,23.341764883840995,0.11327673476833401,29.408650618883037,1799.97,2201,3,2,13:48:50,2201 3
475.05620455303455,27.68614634720082,0.09107531971973948,29.498795310224324,1800.19,2201,3,2,13:50:50,2201 3
656.2448211976157,29.336562603607042,0.07868459952726169,29.577038891091142,1800,2201,3,2,13:52:51,2201 3
968.2650950083594,32.99826819342999,0.06851101509906063,29.598113793565027,1799.93,2201,3,2,13:54:51,2201 3
1085.673887711428,32.254602568413695,0.06113429872257838,29.627849828836837,1799.87,2201,3,2,13:56:52,2201 3
234.4544068665577,4.406196456886775,0.046052915430725594,28.3056552065515,1800.06,2202,1,2,10:40:42,2202 1
175.25696999210635,3.4355777827532106,0.04756463936477068,28.29590480730624,1800.06,2202,1,2,10:42:30,2202 1
138.79122872627875,1.708821947662435,0.04963109136367871,28.29838540358725,1800.07,2202,1,2,10:44:31,2202 1
89.2240689688606,0.263868160219082,0.05305207654339934,28.292585989922436,1800.05,2202,1,2,10:46:07,2202 1
61.031708559219176,-0.45009878863226926,0.058851791944540134,28.344092169099103,1800.05,2202,1,2,10:48:07,2202 1
384.3731667356365,11.479017513102118,0.06297048124379856,28.35865414702247,1799.92,2202,1,2,10:53:30,2202 1
539.8162805409007,15.01155528148863,0.0561786924108588,28.328463626612923,1799.96,2202,1,2,10:55:31,2202 1
770.3068944498322,15.85691903367821,0.051892778692820045,28.332779777685328,1800.22,2202,1,2,10:57:16,2202 1
1148.0419051085478,17.531578630058828,0.0469221384644146,28.41025122258201,1800.19,2202,1,2,10:59:17,2202 1
1282.1430090839704,17.118228525212057,0.04156121346456921,28.47322413789742,1800.14,2202,1,2,11:01:17,2202 1
256.07702637950104,16.647515185124508,0.2151194200017751,27.939701919214723,1799.9,2205,1,2,11:15:25,2205 1
193.85025204249578,12.276055083397821,0.21556143613033277,27.96083040928982,1799.97,2205,1,2,11:16:57,2205 1
134.7407959506189,7.521300965386778,0.21616405809511688,27.91544519736203,1800.03,2205,1,2,11:18:34,2205 1
81.25944582752798,2.0604085267064116,0.22287053759552714,27.94690598242178,1799.79,2205,1,2,11:20:13,2205 1
53.18016042694827,-0.609620121098005,0.22608950257972552,27.971900306197117,1799.81,2205,1,2,11:21:47,2205 1
489.95544050440157,24.787767518536555,0.22448098893346746,27.944551621851463,1800.15,2205,1,2,11:26:54,2205 1
736.5074398247244,27.67074906793921,0.20102074388958444,27.99356099761819,1799.92,2205,1,2,11:28:54,2205 1
997.3555071461166,29.126354950805073,0.18639070673416208,28.002666338336837,1799.96,2205,1,2,11:30:30,2205 1
1469.3332623804208,28.81136762907568,0.1753993143194355,28.08121435819736,1799.98,2205,1,2,11:32:31,2205 1
1642.702972276624,29.30696591203569,0.1656803100484104,28.127685193956847,1799.96,2205,1,2,11:34:31,2205 1
283.69756106989587,14.88888636317036,0.2426191008328812,27.935796394453043,1799.88,2205,2,2,11:39:03,2205 2
212.80532931438327,10.727589215905127,0.23233988287112986,27.985162437910045,1799.83,2205,2,2,11:40:47,2205 2
150.8470853891716,6.221038249990688,0.24414843452672055,27.947549454681017,1799.86,2205,2,2,11:42:18,2205 2
86.46479467533683,1.5458671760250133,0.24153946769781154,27.974272861763172,1799.9,2205,2,2,11:43:50,2205 2
54.402833226039526,-0.7792972933589196,0.23967993573689453,28.007955025762843,1800.17,2205,2,2,11:45:21,2205 2
513.9069931851888,23.25243719806757,0.23878299166044356,27.96297183632303,1799.88,2205,2,2,11:50:04,2205 2
763.5421374215966,27.988304371035323,0.22790096100248783,27.991027058454833,1799.89,2205,2,2,11:51:42,2205 2
1039.3030372878475,29.63979483368534,0.22336979675287563,28.00213116121502,1799.89,2205,2,2,11:53:15,2205 2
1507.1424286662855,32.14104363489475,0.22269456638639626,28.03948237253927,1800.16,2205,2,2,11:55:16,2205 2
1673.4325779019105,32.67454542310551,0.20129117275683636,28.164677864582785,1800.08,2205,2,2,11:56:56,2205 2
287.75967270533664,13.594862991325524,0.2258972806103099,27.381833241967087,1799.99,2205,3,2,11:20:53,2205 3
215.60347397039533,10.170696034115398,0.22469377691990103,27.400550623387833,1800.01,2205,3,2,11:22:26,2205 3
149.5605032234077,6.177609127070144,0.23077988994010795,27.405728136144525,1800.03,2205,3,2,11:24:07,2205 3
84.92962052907255,1.67645125835948,0.22437883633895175,27.374305013571107,1799.79,2205,3,2,11:25:47,2205 3
54.949344640149114,-0.8389147100110874,0.23650105036954053,27.282741427530855,1799.89,2205,3,2,11:27:34,2205 3
543.356732058046,17.91373218121408,0.21767201708078174,27.336176839382574,1800.04,2205,3,2,11:32:46,2205 3
808.56922317337,19.37098690099117,0.19526047440809624,27.3880578255661,1800.05,2205,3,2,11:34:47,2205 3
1086.490603418624,20.364021605738515,0.18798604235752517,27.466929519266237,1799.8,2205,3,2,11:36:42,2205 3
1545.1780851018514,21.757726078702397,0.17157837448039664,27.482253442288393,1800.08,2205,3,2,11:38:42,2205 3
1724.4568210551456,21.873396471360813,0.15986116237480255,27.51128835890469,1800.08,2205,3,2,11:40:43,2205 3
249.634571581334,28.88749543196876,0.3818395933698451,28.487388858304367,1800,2207,1,2,12:50:00,2207 1
188.92265163670882,20.985991235804693,0.3744313350434254,28.500219240462286,1800.25,2207,1,2,12:52:00,2207 1
133.56363450214428,12.50516751141938,0.37738171243613056,28.531005004618642,1799.92,2207,1,2,12:53:51,2207 1
77.52993541893444,4.0280192776135895,0.3732911347058953,28.55445798811338,1799.92,2207,1,2,12:55:24,2207 1
51.035366386245364,-0.4706160684075192,0.3879920760815224,28.537651924480443,1799.9,2207,1,2,12:56:56,2207 1
436.7548549954703,36.995044887145156,0.26729968644982954,28.834439433851657,1800.01,2207,1,2,13:02:50,2207 1
604.3625678574958,39.73289434609327,0.1840077965259812,29.059875933825,1800,2207,1,2,13:04:51,2207 1
793.9372356999344,39.039320540776686,0.1389689449261414,29.20806445956435,1799.95,2207,1,2,13:06:51,2207 1
1084.980988058968,41.86794062385594,0.1037260870108745,29.325479192340868,1799.93,2207,1,2,13:08:52,2207 1
1135.8231818178454,40.83240641606716,0.08243268318193697,29.380473587455715,1799.92,2207,1,2,13:10:52,2207 1
210.85574243138166,19.576954503083126,0.18718420912601919,28.01170667020414,1800.07,2207,2,2,11:06:32,2207 2
166.09789184740288,13.935609169369593,0.188987225165052,27.99875234460792,1799.87,2207,2,2,11:08:33,2207 2
126.52716395864108,8.18072387714062,0.20610934012783144,27.955316598357193,1799.92,2207,2,2,11:10:06,2207 2
78.20077459490994,2.4136763969498793,0.21641603885238833,27.87120638808677,1799.98,2207,2,2,11:11:43,2207 2
52.90558736477606,-0.5272787000301754,0.22265768694804727,27.877575456928984,1800.03,2207,2,2,11:13:15,2207 2
372.7238623810967,35.75509543150457,0.19859755749412217,27.852366159453872,1800.01,2207,2,2,11:19:07,2207 2
545.5338089064066,43.493997193015346,0.17242438547818864,27.941537346146024,1800.02,2207,2,2,11:21:07,2207 2
730.2569905009177,48.11613002461261,0.15100844331852753,28.029801769987312,1799.74,2207,2,2,11:23:31,2207 2
1093.2438119057833,52.938481717757895,0.13388982961076965,28.07975837821681,1800.05,2207,2,2,11:25:32,2207 2
260.63073637969694,27.11799050472951,0.3964411615782553,28.132765533593222,1799.9,2207,3,2,12:52:15,2207 3
198.80136757784092,20.02625321195614,0.40534584778864974,28.108361489428106,1800.15,2207,3,2,12:53:58,2207 3
139.6822716108074,11.688274964271764,0.40062684572197504,28.149759259419444,1799.79,2207,3,2,12:55:41,2207 3
80.28908588956823,3.694816188932006,0.4082489161579692,28.15544045192747,1799.75,2207,3,2,12:57:25,2207 3
51.7741889435104,-0.645076400755298,0.4148171091193083,28.155998696412954,1800.02,2207,3,2,12:58:58,2207 3
485.80920920529945,40.13523389090953,0.3842060700552069,28.243481961790337,1799.94,2207,3,2,13:04:07,2207 3
731.2476825310749,45.545028113096315,0.34627222118673634,28.323945470369722,1800.21,2207,3,2,13:05:37,2207 3
989.4146552272884,47.91202713433379,0.3154935883834476,28.39969737410429,1799.87,2207,3,2,13:07:38,2207 3
1463.1587281838247,48.044625987576595,0.29965042180315604,28.458685372827656,1799.81,2207,3,2,13:09:19,2207 3
1623.203713458515,49.09944373099457,0.2701415682499631,28.525521867265525,1799.81,2207,3,2,13:11:20,2207 3
266.2582688665677,14.925205262068811,0.20417357216857526,28.107442870382084,1800,2208,1,2,08:31:26,2208 1
206.7128872292381,10.817632371975845,0.21385136487987386,28.105191842214094,1800.07,2208,1,2,08:33:16,2208 1
140.0556858121287,6.709533809697222,0.20626643509939135,28.123346099093826,1799.99,2208,1,2,08:34:46,2208 1
82.46433271860397,1.8528994893325592,0.2072149306685988,28.12844410250232,1799.99,2208,1,2,08:36:20,2208 1
55.1629063599724,-0.7864801458232362,0.20781127295224153,28.133938959468814,1799.99,2208,1,2,08:38:01,2208 1
492.6900976047282,22.136647237951227,0.19681949591357012,28.145986236023866,1799.99,2208,1,2,08:43:10,2208 1
752.2687265675919,24.34577429657013,0.1835640015752147,28.19693670017808,1800,2208,1,2,08:45:10,2208 1
1034.4291712229815,23.983466961552182,0.17184009946317746,28.22907726835047,1800.02,2208,1,2,08:47:00,2208 1
1513.9002229278547,23.406864406944084,0.1614607863673941,28.255120864205587,1799.99,2208,1,2,08:49:00,2208 1
1697.1234610333333,23.191856394042674,0.15191162758684426,28.266589402450133,1800.04,2208,1,2,08:51:01,2208 1
277.3522396145123,16.803053883090325,0.2530015197688478,27.582884054611508,1800,2208,2,2,08:31:08,2208 2
211.0412487808523,12.183343016541482,0.25349255371154156,27.591657255022785,1800,2208,2,2,08:32:39,2208 2
148.79831399616182,6.742626520572675,0.24627832964832216,27.616342135296808,1799.99,2208,2,2,08:34:22,2208 2
87.19191113674496,1.5408595065803945,0.25063611983255435,27.6053737650762,1799.98,2208,2,2,08:35:55,2208 2
54.160989852525574,-0.7796155188828594,0.2512013964850571,27.6007340099985,1799.98,2208,2,2,08:37:25,2208 2
500.6711548908781,22.939791112580036,0.21147205436853805,27.722467715102386,1800.17,2208,2,2,08:42:57,2208 2
743.3372175699352,26.28561851448794,0.1887131712050712,27.781290962123855,1800.16,2208,2,2,08:44:31,2208 2
1021.6736185150652,25.488269132250636,0.17133907457248787,27.828713734748618,1800.15,2208,2,2,08:46:31,2208 2
1464.4088941727402,27.830500445190022,0.15748378449117187,27.8826678630422,1799.88,2208,2,2,08:48:32,2208 2
1633.581665126358,27.77422203086138,0.14361242943332347,27.88454518121077,1800.14,2208,2,2,08:50:25,2208 2
244.48912482643365,15.429360068410425,0.17841408045594806,28.771478587936585,1799.74,2208,3,2,13:36:04,2208 3
187.58003802367685,11.145942602033761,0.17877718352570787,28.783759164646042,1800.04,2208,3,2,13:37:46,2208 3
138.1394411047197,6.404025497407247,0.19007460260565778,28.755394482312486,1800,2208,3,2,13:39:47,2208 3
83.09987598041515,1.7099692472666737,0.20152800132411916,28.733175169161207,1800.02,2208,3,2,13:41:23,2208 3
55.71651327095122,-0.8614170327046456,0.21050397576207577,28.709722994174502,1800.03,2208,3,2,13:42:55,2208 3
452.65146048177485,26.309007553227282,0.19347034947648514,28.772396908743698,1799.98,2208,3,2,13:48:57,2208 3
681.8165759467339,30.593498780654127,0.17536295918010306,28.82435185208508,1799.98,2208,3,2,13:50:47,2208 3
949.4973794594767,32.677424925698936,0.17248827988612228,28.81539586804522,1799.98,2208,3,2,13:52:47,2208 3
1406.0384790781593,33.586085255137874,0.16093114286705168,28.865480023282583,1799.95,2208,3,2,13:54:48,2208 3
1592.5637091017093,32.8954543265312,0.15369549456943357,28.88465510069374,1799.94,2208,3,2,13:56:48,2208 3
243.03242206714836,20.712500782993217,0.2503027181860508,28.01367626168183,1799.97,2212,2,2,09:46:41,2212 2
188.84619443523277,15.311482213675808,0.26364387636176984,27.998474484180758,1799.94,2212,2,2,09:48:42,2212 2
134.69928641736453,9.6980925765468875,0.29051425280145204,27.95500058768284,1799.98,2212,2,2,09:50:41,2212 2
79.47088452266122,3.03371554698045,0.3052636567467849,27.920142536576883,1800,2212,2,2,09:52:24,2212 2
51.005842753547384,-0.3895975322123503,0.3287510909082508,27.881441859462875,1799.98,2212,2,2,09:53:55,2212 2
438.92104465502695,29.85002929280973,0.2143016601595534,28.146898840065955,1799.94,2212,2,2,09:59:15,2212 2
649.9989963001864,32.69914852177937,0.17287611295328634,28.248273020767783,1799.94,2212,2,2,10:01:15,2212 2
903.9911617669869,33.696874032417185,0.1585793717676356,28.287586677038423,1799.95,2212,2,2,10:03:16,2212 2
1355.9124458585688,34.09385538591136,0.14544527771225135,28.296722706733778,1799.98,2212,2,2,10:05:17,2212 2
1512.2253628166052,33.99222138411613,0.13165109233136454,28.354138566674276,1800.01,2212,2,2,10:07:17,2212 2
284.97151207191246,20.955545514532332,0.38320071625287483,28.07014654264253,1800.25,2212,3,2,11:26:04,2212 3
216.57232880188562,15.124112361229761,0.38200588204139757,28.07470738492003,1800.25,2212,3,2,11:27:34,2212 3
148.8744155097067,9.435353713832306,0.39412317412943104,28.04838011857604,1800.26,2212,3,2,11:29:06,2212 3
83.81479399586293,2.864455241278846,0.4086801010358342,28.001050158219833,1799.99,2212,3,2,11:30:37,2212 3
50.08877744871362,-0.2998399219199907,0.42184149932593024,27.95682003445049,1800,2212,3,2,11:32:07,2212 3
531.6261114358015,29.91863828098965,0.3812712888665781,28.037816201989155,1799.97,2212,3,2,11:37:39,2212 3
758.882741758624,31.970656897616177,0.27250964395426625,28.276418154126933,1799.94,2212,3,2,11:39:39,2212 3
999.567643871128,32.55621886693162,0.21931291898233912,28.427498461277125,1799.96,2212,3,2,11:41:40,2212 3
1436.892796962032,33.811853807963715,0.1901181282215452,28.530762504326777,1800.25,2212,3,2,11:43:40,2212 3
1622.2568006834256,31.903916840866927,0.17418970241585655,28.598729787189463,1799.94,2212,3,2,11:45:41,2212 3
235.9934638651118,24.041213634002162,0.2917258900349224,28.33823415253608,1800.26,2218,1,2,10:10:48,2218 1
179.58479189020989,17.828558592555325,0.295629061482628,28.303324932748904,1799.99,2218,1,2,10:12:25,2218 1
126.75618404410177,10.95869725689129,0.3023965096080331,28.32921583598678,1799.98,2218,1,2,10:13:57,2218 1
76.44600850001703,3.3693994946874954,0.3107486629245318,28.325873415472174,1799.91,2218,1,2,10:15:32,2218 1
49.62594935181559,-0.2352077424988989,0.3198578749437247,28.251638369807498,1799.91,2218,1,2,10:17:03,2218 1
463.6326939905727,35.98891829480213,0.31305719545431476,28.175975189295542,1799.99,2218,1,2,10:22:07,2218 1
696.4872085736067,39.36492262079687,0.2651805769493897,28.35951278999295,1799.98,2218,1,2,10:24:34,2218 1
949.5536786493712,39.2321923835243,0.22988231952621485,28.39410025182201,1800.04,2218,1,2,10:26:34,2218 1
1383.1453278658366,39.18372879099157,0.19586135333193638,28.46746316256385,1800.09,2218,1,2,10:28:35,2218 1
1521.7381237286627,39.46173149214798,0.16926274373433592,28.61009434553878,1799.83,2218,1,2,10:30:35,2218 1
217.06492595776086,15.212367750086518,0.1478236464920803,27.792874941175995,1799.78,2218,2,2,09:17:53,2218 2
171.59441164203216,10.747351576739618,0.14962628669687575,27.784320095214223,1800,2218,2,2,09:19:23,2218 2
124.1894758357601,6.856972638906133,0.16392114877057826,27.73483778445546,1800.27,2218,2,2,09:21:01,2218 2
79.55608062965457,1.914082092651229,0.18229979692559045,27.650659947171086,1799.99,2218,2,2,09:22:31,2218 2
52.32925046623175,-0.42866405761545845,0.20380294798605075,27.59256755725105,1800.02,2218,2,2,09:24:02,2218 2
373.4083997062034,22.532567545674674,0.12137751580196429,27.876690358725007,1799.89,2218,2,2,09:29:36,2218 2
458.32609569649793,21.018365460794524,0.06631559417585303,28.09211548392468,1800.09,2218,2,2,09:31:36,2218 2
581.7105842778835,26.277186857277606,0.062363311454845825,28.131918704435485,1799.76,2218,2,2,09:33:37,2218 2
818.7406929271457,26.838888904001042,0.046372480735074585,28.213894894032602,1799.98,2218,2,2,09:35:37,2218 2
777.3971651620453,28.019760189769336,0.03848131582341645,28.268172100868956,1799.96,2218,2,2,09:37:38,2218 2
199.6327221301376,5.1341955348993045,0.0446587635173639,29.376443163563756,1800.09,2218,3,2,14:00:41,2218 3
158.95136702579802,3.677755675652596,0.04572207626509875,29.361209343369403,1799.84,2218,3,2,14:02:19,2218 3
120.63915635162492,2.220063549990638,0.04997510084788552,29.323381772123632,1799.86,2218,3,2,14:04:11,2218 3
81.78188924106315,0.48944239407111956,0.05533959187057131,29.299664292618175,1800.13,2218,3,2,14:06:07,2218 3
62.009780405703935,-0.5241024402692611,0.06078321717793772,29.264421307174135,1799.9,2218,3,2,14:07:55,2218 3
333.51094783633044,7.774578925821364,0.03675196534146659,29.360263589624637,1800.15,2218,3,2,14:13:14,2218 3
547.6324273267078,7.570529489269625,0.02927908056562335,29.404271631478682,1800.12,2218,3,2,14:15:14,2218 3
722.9093378410502,8.755819657920432,0.026590194860209138,29.43093671321442,1799.82,2218,3,2,14:17:08,2218 3
1052.0675439639185,10.627649390533714,0.0250735990158291,29.456555209805515,1800.03,2218,3,2,14:19:08,2218 3
1238.6987616502054,10.115162302520446,0.02368315436533643,29.45379313367035,1800.03,2218,3,2,14:21:09,2218 3
257.5401991346994,29.06928303172443,0.39518146487980704,27.7548126351706,1799.96,2219,1,2,10:35:40,2219 1
189.76418377284682,21.675801671722404,0.37783272094056264,27.7925045171897,1800.22,2219,1,2,10:37:11,2219 1
137.33249554476834,13.432283597180461,0.4226201572959722,27.78422590523655,1799.92,2219,1,2,10:38:52,2219 1
80.62565736714659,4.300921029634978,0.4661481005145534,27.714919589144134,1799.92,2219,1,2,10:40:32,2219 1
50.972871608881405,-0.563024950489757,0.49277362995609353,27.68707761129103,1799.91,2219,1,2,10:42:02,2219 1
468.26951254865014,38.095734006279976,0.31257784981881953,28.098938529567036,1799.99,2219,1,2,10:47:46,2219 1
671.6385476082227,40.16233605059462,0.22616056036205287,28.337139188304644,1799.93,2219,1,2,10:49:31,2219 1
919.9683828627716,39.45566858486742,0.19170465139823908,28.409043253962853,1799.85,2219,1,2,10:51:59,2219 1
1341.2029585473467,40.66909575131173,0.16408831383143832,28.419156938940674,1800.18,2219,1,2,10:54:00,2219 1
1470.1731001470328,41.12886509755327,0.1421411998571527,28.490524326775102,1800.15,2219,1,2,10:56:25,2219 1
186.0021206327374,8.787282704065541,0.07244852574189649,28.72863011302089,1800.02,2219,2,2,13:36:35,2219 2
147.78903548268212,6.357367707326879,0.07402043717857978,28.716035371409884,1800,2219,2,2,13:38:11,2219 2
116.13289497981688,3.7142167690171273,0.08030031378498406,28.670466471800022,1800.01,2219,2,2,13:39:48,2219 2
79.11591953539623,0.9063320576089301,0.08933839413256432,28.629382763237754,1800.07,2219,2,2,13:41:30,2219 2
56.68463601865673,-0.5318230661500938,0.09905437177420758,28.60843387029779,1799.83,2219,2,2,13:43:06,2219 2
310.55969544813155,15.409498015060036,0.06949506312304739,28.783806195384503,1799.89,2219,2,2,13:48:21,2219 2
468.65367101700815,19.02816362523809,0.06296401858799615,28.833106944775526,1799.81,2219,2,2,13:49:52,2219 2
693.0325451591949,19.621127086981822,0.05741552924983422,28.883455761155773,1799.99,2219,2,2,13:51:53,2219 2
1059.8892449002747,21.630689024085434,0.05252239385983733,28.91806270312547,1799.9,2219,2,2,13:53:53,2219 2
1195.7959593805708,21.21920883196734,0.04747825314821167,28.94298082332018,1799.82,2219,2,2,13:55:54,2219 2
275.69616203223444,5.895906008285249,0.08765603208492528,28.631945412826635,1799.99,2219,3,2,12:00:16,2219 3
209.29898702095346,4.3967655727797545,0.0901081928932872,28.641736124926915,1799.99,2219,3,2,12:01:47,2219 3
145.90483141720316,2.976566520061562,0.10430386888349237,28.58740591053081,1799.99,2219,3,2,12:03:17,2219 3
89.6984399511657,0.5292332160086033,0.12789788887997192,28.504110656332674,1799.98,2219,3,2,12:04:52,2219 3
57.48635201916411,-0.8167215845696559,0.1524546815977554,28.40844992624476,1799.98,2219,3,2,12:06:29,2219 3
463.19194702423573,7.793871784451462,0.059608815013391436,28.772108692898424,1800,2219,3,2,12:12:01,2219 3
676.1929972465933,8.167449563033944,0.04570988886027571,28.833562841174917,1800.03,2219,3,2,12:14:01,2219 3
893.0168439413542,8.30311438077513,0.03701847006498918,28.888615046857968,1800.08,2219,3,2,12:15:45,2219 3
1298.811607458455,8.45262514588383,0.031070044445945726,28.925800252308655,1800.1,2219,3,2,12:17:46,2219 3
1392.1202782657124,9.361933439533708,0.027992284045329652,28.955551432620016,1800.09,2219,3,2,12:19:16,2219 3
223.93541682714095,19.85505601715157,0.20508847969064692,29.88306431869789,1799.95,2222,1,2,13:30:21,2222 1
182.8608104643031,14.532106914517932,0.22984761740201223,29.809060571351587,1799.88,2222,1,2,13:32:04,2222 1
134.51878908053303,9.224680337280448,0.26850783023190816,29.726356915785598,1800.21,2222,1,2,13:34:03,2222 1
80.33819137787296,2.9334295351349544,0.3046464046056671,29.65496210581434,1800.17,2222,1,2,13:35:39,2222 1
52.726176412163454,-0.7651672204958293,0.34429957924002697,29.577153117713962,1799.88,2222,1,2,13:37:25,2222 1
418.81996698294097,29.941500153266514,0.19438628935197624,29.939323203111517,1800.07,2222,1,2,13:42:43,2222 1
569.2861417658393,33.731506854380534,0.13927787860947452,30.11863772345038,1799.99,2222,1,2,13:44:44,2222 1
764.1898632024988,34.92170432861373,0.1152526453320921,30.218218367592744,1799.98,2222,1,2,13:46:44,2222 1
1116.581645075221,35.723961975144945,0.09222922318755551,30.298502732522742,1800.25,2222,1,2,13:48:45,2222 1
1192.3064118203556,35.97768651679882,0.08074743727639067,30.353649031220097,1799.94,2222,1,2,13:50:45,2222 1
174.45786530170435,9.769929483606473,0.07357099943941917,29.168944518357748,1799.95,2222,2,2,13:48:34,2222 2
163.49537158138583,7.1766141721347845,0.09083967448915968,29.108475342061915,1799.94,2222,2,2,13:50:34,2222 2
116.95358770439725,4.311803380883746,0.09020902121869794,29.12557404741307,1799.95,2222,2,2,13:52:07,2222 2
87.32752737068762,0.6801651044656187,0.11039724932360567,29.072616050852204,1799.94,2222,2,2,13:53:57,2222 2
56.53882549607374,-0.6039827491327275,0.12830590135979147,29.02826595999988,1799.95,2222,2,2,13:55:44,2222 2
278.13925945960943,12.71899494104966,0.05067490064375006,29.203819464582214,1800.15,2222,2,2,14:01:45,2222 2
361.8322238557542,16.751742974209048,0.04387785352144765,29.219106956408755,1799.87,2222,2,2,14:03:46,2222 2
483.65336020875276,19.25923303930855,0.03940621299729694,29.24157275766301,1800.14,2222,2,2,14:05:41,2222 2
672.1229554915177,22.363800222616874,0.0330401390987231,29.271740330172747,1799.86,2222,2,2,14:07:41,2222 2
773.297056101963,20.340571222542252,0.027610925345785766,29.28689417030354,1800.09,2222,2,2,14:09:42,2222 2
220.60715606600112,13.259167831162808,0.13202324790392297,29.195502562721522,1800.14,2222,3,2,11:18:04,2222 3
176.68032508274865,9.80490709786875,0.14362364939075922,29.158493804120067,1800.1,2222,3,2,11:20:04,2222 3
129.55967630849906,6.3499587291832444,0.16629951037177518,29.104687133121864,1799.76,2222,3,2,11:21:52,2222 3
78.80841169012396,2.0751066750620426,0.19219843802421022,29.04889908652981,1799.74,2222,3,2,11:23:23,2222 3
52.89675135177429,-0.505918710754275,0.21228038513222494,28.981573983757162,1800.04,2222,3,2,11:24:54,2222 3
345.01345667854906,14.808994180864724,0.0719767387052065,29.351809026989017,1800,2222,3,2,11:31:20,2222 3
437.48507129975405,19.50542794137929,0.059175897809257194,29.407106540438157,1800.01,2222,3,2,11:33:21,2222 3
595.6260578380031,23.65514850909017,0.05732677518195649,29.427197073289644,1800.01,2222,3,2,11:35:03,2222 3
924.0673459316088,23.03486707799828,0.04489554723749824,29.474766548947628,1800.04,2222,3,2,11:37:04,2222 3
820.0814916833336,24.969538012139875,0.03558784765123399,29.55090376068901,1800.06,2222,3,2,11:39:04,2222 3
254.31167040660935,20.589522695493525,0.2589147758360957,28.413882079416798,1799.74,2224,1,2,11:13:22,2224 1
196.20058219792406,15.170953231353757,0.26974236743191865,28.425004270797057,1799.99,2224,1,2,11:15:22,2224 1
142.81615486520448,9.141731827684556,0.3023497910685817,28.381130747484587,1799.97,2224,1,2,11:16:59,2224 1
84.10445747740656,2.5544718297213995,0.32886801321709674,28.329754717353506,1799.95,2224,1,2,11:18:30,2224 1
54.51834030462636,-1.147963856456147,0.3577113100616397,28.297876280317357,1799.9,2224,1,2,11:20:01,2224 1
486.7921326201837,27.251053280864543,0.23609288611465148,28.563487434301482,1800.09,2224,1,2,11:25:23,2224 1
697.2327428011091,28.851035728365297,0.1728997425989612,28.69884988352446,1800.05,2224,1,2,11:27:24,2224 1
931.9436355960182,29.43545066025834,0.14483729728563913,28.74585539190707,1800.12,2224,1,2,11:29:55,2224 1
1358.0154007539436,29.477198050935282,0.12181475300825843,28.80865183224788,1800.15,2224,1,2,11:31:55,2224 1
1446.4423556781412,32.0738519467799,0.10384011855497781,28.855436260220692,1800.16,2224,1,2,11:33:56,2224 1
259.29434511588056,21.283477933728634,0.2826217159086255,27.80557565741003,1800,2224,2,2,09:22:47,2224 2
201.5930243677355,15.705448451341383,0.3019304017938638,27.76086568731461,1799.99,2224,2,2,09:24:48,2224 2
140.8335074699619,9.934376055612693,0.321713763760453,27.74896072921291,1799.96,2224,2,2,09:26:29,2224 2
83.10214433133,2.832005181855921,0.3451446481916026,27.702441090812847,1799.97,2224,2,2,09:28:02,2224 2
53.51455825279764,-0.9638223265054855,0.3683023986937307,27.653605923627477,1800,2224,2,2,09:29:42,2224 2
554.9653264323912,26.210366650733427,0.3651207519778577,27.647796362039447,1799.95,2224,2,2,09:35:36,2224 2
805.89456416334815,26.686380073602646,0.27233355333530224,27.84942030639325,1799.87,2224,2,2,09:37:36,2224 2
1007.6145543281834,28.279786918956706,0.18247119821258243,28.072671418372547,1799.82,2224,2,2,09:39:37,2224 2
1359.1176721951556,28.444736012059224,0.11800793874019212,28.247034992860087,1800.12,2224,2,2,09:41:37,2224 2
1433.5720823736497,29.093214048466848,0.0917729792260195,28.341402449857224,1800.07,2224,2,2,09:43:38,2224 2
260.7497234515835,14.04765207616333,0.18185737253454548,28.910486553651698,1800,2224,3,2,13:04:15,2224 3
201.97997497998878,9.879397568312552,0.18271081539662656,28.90242040397492,1800.02,2224,3,2,13:05:52,2224 3
147.08596135764407,5.3907092501046066,0.18920551906677097,28.921449531544887,1800.03,2224,3,2,13:07:23,2224 3
90.95004281447312,0.7663163993596671,0.20059437317351267,28.884011087219356,1799.71,2224,3,2,13:09:14,2224 3
60.536813968562434,-1.462392625305471,0.20797649637498755,28.877115800218146,1799.72,2224,3,2,13:10:58,2224 3
471.0699166326629,19.15357424757657,0.1506841975529114,29.019794598817807,1800.04,2224,3,2,13:16:48,2224 3
657.3339931198736,21.473664610062553,0.11108778195209679,29.099381955960013,1800.05,2224,3,2,13:18:48,2224 3
904.2693672912258,21.328864580174173,0.09637911354884574,29.163457306437408,1800.06,2224,3,2,13:20:49,2224 3
1301.7735802218394,23.851188289606934,0.0861260463767973,29.170571975780216,1800.12,2224,3,2,13:22:49,2224 3
1432.8231790676653,24.253992293922447,0.07650075411138772,29.19240525331582,1799.79,2224,3,2,13:24:50,2224 3
197.43425487348046,25.361001440390815,0.2317085152475248,28.08596051659108,1799.96,2227,2,2,12:35:07,2227 2
159.71740551050252,17.581677020371988,0.23393909222451367,28.0935724941657,1799.9,2227,2,2,12:36:40,2227 2
117.26223590020193,10.79256562637872,0.24735011993909795,28.068070447870486,1799.83,2227,2,2,12:38:13,2227 2
75.44452479367109,3.207701004305494,0.267890401634387,28.01368567057351,1800.02,2227,2,2,12:39:52,2227 2
53.352848495852605,-0.8516016513742706,0.2908683784665925,27.965357630334687,1799.94,2227,2,2,12:41:24,2227 2
297.7228371881804,32.14061337931122,0.1423050825432857,28.497958667236965,1799.99,2227,2,2,12:47:25,2227 2
411.1512367899339,37.54073043819194,0.11216208796966537,28.62687195230568,1799.94,2227,2,2,12:49:26,2227 2
566.5005115028599,42.14622098629126,0.10105606339484476,28.692263403837682,1800.17,2227,2,2,12:51:26,2227 2
865.8302763032432,43.59111745308134,0.08210689029510934,28.785356159397963,1799.82,2227,2,2,12:53:27,2227 2
904.175843874595,43.305258491352326,0.06888920251629842,28.83065892568525,1800.13,2227,2,2,12:55:27,2227 2
264.56644990834656,31.655263966895916,0.4754924416397022,28.06391729988025,1800.03,2227,3,2,12:56:56,2227 3
201.91825675254077,23.611723104302012,0.4939251888212514,28.025103316294377,1799.76,2227,3,2,12:58:27,2227 3
141.46098797161793,14.710548085898258,0.5251412759769349,27.95430740767506,1800.06,2227,3,2,12:59:58,2227 3
80.70225219981303,4.881118145615811,0.559049177228291,27.896892764187854,1799.75,2227,3,2,13:01:32,2227 3
50.254047167430116,-0.4112708686779286,0.5897234225871975,27.74121154577603,1800.22,2227,3,2,13:03:08,2227 3
546.9196915964004,41.62546105713128,0.5977741365953015,27.529874622008343,1799.97,2227,3,2,13:09:19,2227 3
832.9197975454421,39.76685240559433,0.5331006640268838,27.5346544004329,1799.85,2227,3,2,13:10:50,2227 3
1125.2448975453406,39.288965316189085,0.521600222371015,27.460916809010026,1799.75,2227,3,2,13:12:37,2227 3
1606.6282143575024,38.2685694325639,0.4823060154251954,27.471880104758817,1800.19,2227,3,2,13:14:37,2227 3
1788.0203114626142,38.46915408223616,0.4405112943981779,27.46177137830412,1800.07,2227,3,2,13:16:45,2227 3
251.59350933785072,24.59634817024898,0.3215087358130165,28.08338129972551,1800.07,2230,1,2,13:26:13,2230 1
186.48741231359745,18.52357364603239,0.3146854987308773,28.086916756129657,1799.87,2230,1,2,13:27:52,2230 1
134.38963174344843,10.925088483795241,0.32607120252784066,28.041567789875145,1800,2230,1,2,13:29:32,2230 1
80.0415874147681,3.175835079954818,0.3294905745131761,28.019332443399914,1799.77,2230,1,2,13:31:11,2230 1
53.32830670401609,-0.8282430397877856,0.3321841570638592,28.008640434768765,1799.86,2230,1,2,13:32:41,2230 1
447.0632180716366,36.0316344287403,0.27109846941357396,28.07547907546359,1800.07,2230,1,2,13:38:17,2230 1
655.034203750285,38.560132763622114,0.20822847525995078,28.214151050618103,1799.83,2230,1,2,13:40:17,2230 1
873.1717195376591,39.06100422889504,0.16838235754457898,28.30196691089824,1799.94,2230,1,2,13:42:18,2230 1
1341.4258024954736,38.24947545379551,0.1563236096184438,28.328227762613423,1800.01,2230,1,2,13:44:09,2230 1
1473.9154699938356,39.02865553333714,0.13744265320207022,28.384120827910955,1800.01,2230,1,2,13:45:58,2230 1
288.8347616214377,18.30743330403229,0.328028978493825,28.022730633441647,1799.82,2230,2,2,11:06:04,2230 2
216.77074152788398,14.042222140840058,0.3370621215631481,28.03372584411131,1800.01,2230,2,2,11:07:55,2230 2
149.57696235399425,8.464825580087311,0.3393309000254663,28.048754108254755,1799.93,2230,2,2,11:09:40,2230 2
84.70403907626283,2.429964443778582,0.3441844911414758,28.059577917992954,1799.86,2230,2,2,11:11:15,2230 2
53.550397392941484,-0.9232995617862957,0.35271264710232414,28.068607164341802,1799.81,2230,2,2,11:12:53,2230 2
533.9386265483816,26.158396239083714,0.31810634137581073,28.21040695687767,1799.91,2230,2,2,11:18:25,2230 2
803.1122849540188,28.541479363604147,0.2976806993196707,28.2840357576969,1800.13,2230,2,2,11:19:58,2230 2
1079.7751619613182,29.37113249018966,0.27834339919752454,28.354711158715958,1800.05,2230,2,2,11:21:48,2230 2
1551.4209494093889,30.64997046369702,0.2665668834312579,28.406730602127787,1800,2230,2,2,11:23:24,2230 2
1740.5397769268868,29.253154715128012,0.2459610638356128,28.46584367998214,1799.92,2230,2,2,11:25:24,2230 2
253.60105575343604,10.50085922338477,0.12839621610946444,27.80323067656613,1800.1,2230,3,2,08:37:37,2230 3
192.63708050333022,7.540608506686093,0.1257271180161053,27.76262985805903,1800.21,2230,3,2,08:39:14,2230 3
137.44195631449284,4.374196393021726,0.1267231590586751,27.730179538270733,1800,2230,3,2,08:41:11,2230 3
83.64933925108014,1.0931353715456762,0.1312933568656947,27.69210948839011,1800.1,2230,3,2,08:43:09,2230 3
54.979159589607285,-0.48906775103532124,0.13439236412193428,27.641047792519455,1800.22,2230,3,2,08:44:39,2230 3
466.7884185309671,15.157831216948018,0.11650057067012635,27.71128945782327,1799.98,2230,3,2,08:50:09,2230 3
698.7408265925503,17.014850514675086,0.1014443149866225,27.727949905956873,1800.03,2230,3,2,08:52:09,2230 3
945.0078832654368,18.01000819635569,0.09153566525472946,27.712536675248867,1799.83,2230,3,2,08:54:09,2230 3
1396.222539029382,18.557832642678328,0.08440941318642875,27.701991069782405,1799.86,2230,3,2,08:56:10,2230 3
1555.556459724238,18.81766912607236,0.07768625776920983,27.77007790472382,1800.17,2230,3,2,08:58:10,2230 3
237.45795283571053,21.895674607184166,0.24932858161066423,28.089648900848015,1800.03,2233,1,2,10:24:39,2233 1
184.89460057234345,15.991425602884373,0.25871494217572427,28.08410510071838,1799.79,2233,1,2,10:26:31,2233 1
130.81028386826225,10.078545817193557,0.27514883400254897,28.047628121087705,1799.82,2233,1,2,10:28:23,2233 1
79.64427712133276,2.9682238895209054,0.29356939511146707,28.016628077872124,1800.09,2233,1,2,10:29:59,2233 1
52.90601353420827,-0.7066567224600441,0.3080892217140194,27.99884070101776,1799.82,2233,1,2,10:31:30,2233 1
460.40619922972013,34.82956781560444,0.2748067624782442,28.077990090212005,1800.03,2233,1,2,10:36:21,2233 1
607.1429026934666,34.15300585902444,0.15598999516842188,28.363105890580982,1800.02,2233,1,2,10:38:22,2233 1
815.8409283419282,34.655009008614876,0.12756172873317642,28.437828640781397,1800,2233,1,2,10:40:22,2233 1
1151.8614070480246,37.33778428829852,0.10196525229722905,28.53313305146429,1799.99,2233,1,2,10:42:23,2233 1
1237.159841903403,36.879699090516645,0.0847681534145967,28.598219611627375,1799.91,2233,1,2,10:44:23,2233 1
186.89447350750626,8.939270043219318,0.07455935350065232,28.763255342707332,1799.88,2233,2,2,12:15:29,2233 2
145.49631992418588,6.830134236538763,0.07889969551116452,28.780348231507134,1799.75,2233,2,2,12:17:06,2233 2
118.49483401367789,3.8982166243120346,0.08807559111213689,28.768844680254293,1799.94,2233,2,2,12:18:44,2233 2
77.45185009737808,1.093657590202482,0.0993356188253486,28.737895981689217,1800.15,2233,2,2,12:20:15,2233 2
58.987244364433096,-0.7521912629713179,0.11103395826704984,28.70964118934045,1800.01,2233,2,2,12:21:46,2233 2
293.62522515318653,14.77958833787795,0.06382753346471516,29.01309948764652,1800.03,2233,2,2,12:27:32,2233 2
392.5445130308967,18.028178952362456,0.05155065085579568,29.103805929148088,1799.95,2233,2,2,12:29:33,2233 2
538.2037966379713,19.712500773111906,0.044957982644788994,29.174252224206302,1799.83,2233,2,2,12:31:33,2233 2
795.7072454540253,22.154396091033284,0.03836639335631604,29.23648356616052,1800.09,2233,2,2,12:33:34,2233 2
920.7949749204579,21.462343518429282,0.03465514291973864,29.294561757627214,1800,2233,2,2,12:35:35,2233 2
190.07655752714783,16.97668582454833,0.1453668779576494,28.387800184666762,1799.96,2233,3,2,09:50:37,2233 3
152.49552042204542,12.278959940120718,0.15066275870473694,28.38189128512391,1799.96,2233,3,2,09:52:14,2233 3
111.91074368748079,7.848512390150452,0.1633039666623589,28.364211014776675,1800.22,2233,3,2,09:53:46,2233 3
72.83951770839431,2.5411147009855846,0.18018982584131024,28.326622643222475,1799.89,2233,3,2,09:55:31,2233 3
51.82735381130761,-0.3536088272524899,0.19460901077465034,28.311375895434654,1799.88,2233,3,2,09:57:02,2233 3
286.43958627500336,22.461619925835315,0.09470348064840062,28.623642299783267,1800.14,2233,3,2,10:02:37,2233 3
379.7499932632322,25.370007537976015,0.07029896910860445,28.713492968914714,1799.83,2233,3,2,10:04:38,2233 3
514.3057667110828,28.4063424618341,0.061994966347034434,28.751858341335925,1799.83,2233,3,2,10:06:38,2233 3
740.3881000513875,31.419827739712396,0.050609494720882796,28.780758698662343,1800.11,2233,3,2,10:08:39,2233 3
806.3870195663649,30.741351582144233,0.043762981375698666,28.787961078876506,1799.88,2233,3,2,10:10:35,2233 3
205.09729899693608,11.213264760413498,0.10051069792532322,28.619693661818992,1799.98,2237,1,2,09:39:53,2237 1
168.9466307259881,7.507749743703337,0.10090233038946174,28.658309281618724,1799.96,2237,1,2,09:41:24,2237 1
125.96287272600215,4.475669930867708,0.10793340999098829,28.623209225070923,1799.94,2237,1,2,09:42:54,2237 1
80.53268533392566,1.2362425065087725,0.12188275268288638,28.59878568584183,1800.23,2237,1,2,09:44:25,2237 1
51.61047662665283,-0.24435938291922815,0.15107516582271444,28.517853658692253,1800.25,2237,1,2,09:46:08,2237 1
400.4562068766651,21.00503572477235,0.12507907637907087,28.648054826295255,1800.14,2237,1,2,09:51:32,2237 1
584.1156642666975,24.18556086926609,0.10283961417172381,28.712401336382847,1800.04,2237,1,2,09:53:21,2237 1
756.4524485463204,25.95494522508137,0.08365590552540539,28.80608582977954,1799.97,2237,1,2,09:55:22,2237 1
1135.4499420564186,27.906505217285936,0.07383776867732696,28.83464512587085,1799.86,2237,1,2,09:57:22,2237 1
1241.8100882743176,28.033645742311055,0.06466286224659458,28.86469383234038,1800.09,2237,1,2,09:59:23,2237 1
290.3963364642064,15.05150114847003,0.2663757440059224,27.77614306345639,1799.89,2237,2,2,08:46:55,2237 2
213.8819810025935,11.460622154168977,0.2558785594866651,27.82252663056243,1800.21,2237,2,2,08:48:56,2237 2
151.82192034306502,6.521074909902177,0.2665077689248171,27.80195498463794,1799.91,2237,2,2,08:50:26,2237 2
85.5457354849826,1.9129897658436854,0.28215850563190265,27.746437996101506,1799.94,2237,2,2,08:51:57,2237 2
52.77745832921509,-0.6368403930378409,0.29234888792438535,27.7338782509989,1799.97,2237,2,2,08:53:33,2237 2
570.5751287328177,16.67450849844804,0.26220795481307446,27.81213936931214,1799.96,2237,2,2,08:59:21,2237 2
852.8712195252228,16.291348612610438,0.23128977471018008,27.889458136034932,1799.99,2237,2,2,09:00:56,2237 2
1121.0354647778092,17.186077067644213,0.20086609059627605,27.95871089269958,1800,2237,2,2,09:02:57,2237 2
1598.1510724016534,15.953180210511594,0.17247706151539818,28.041327854786125,1800,2237,2,2,09:04:39,2237 2
1766.467026821158,16.419389845878392,0.150268651452105,28.097771243174883,1799.98,2237,2,2,09:06:40,2237 2
245.08346125191014,26.180371511463267,0.3322171710194467,28.41962148810513,1799.94,2237,3,2,12:20:32,2237 3
188.95770533653626,19.435001614713958,0.34725652781982347,28.381819038485673,1799.92,2237,3,2,12:22:13,2237 3
133.6754728345107,11.981781544506198,0.3643949108680174,28.356944260528042,1799.92,2237,3,2,12:24:10,2237 3
79.12115468402884,3.840641195442093,0.3954257614380586,28.28908269653098,1799.93,2237,3,2,12:25:42,2237 3
52.264805181235175,-0.7581127196191602,0.409534485047959,28.268866854797068,1799.92,2237,3,2,12:27:12,2237 3
497.13187199263683,34.673656986851704,0.34722151066625123,28.403921886135954,1800.09,2237,3,2,12:33:14,2237 3
752.6329593409937,35.179040239214054,0.2861971791842932,28.57470394583,1799.83,2237,3,2,12:35:14,2237 3
1015.5172006517066,35.24259057301699,0.2487038512911478,28.66436832413246,1800.09,2237,3,2,12:36:46,2237 3
1479.0228355581921,34.461037903653775,0.2196060259950275,28.73887910752949,1799.88,2237,3,2,12:38:26,2237 3
1637.45493075811,34.95118660418847,0.19458309106250815,28.81591794413481,1799.87,2237,3,2,12:40:26,2237 3
159.82491605345868,6.957486687350442,0.04853185885955036,29.661984415667575,1799.83,2240,1,2,11:26:29,2240 1
118.83165056671626,4.782074018028436,0.04417036103819713,29.637425800977187,1800.12,2240,1,2,11:28:30,2240 1
133.041993893038,2.599841732407548,0.06791623678850363,29.586679612581722,1800.07,2240,1,2,11:30:30,2240 1
85.20345421219353,0.49868421153083015,0.06604047332940863,29.59786163492477,1800,2240,1,2,11:32:03,2240 1
61.011392034207894,-0.6128745130919176,0.0806453333922303,29.582173569918325,1799.99,2240,1,2,11:33:42,2240 1
302.14417103881647,15.42619698981346,0.06553805044028795,29.71623879105752,1799.77,2240,1,2,11:39:21,2240 1
252.14596765195242,18.937274521151572,0.041989395141354836,29.811599488984495,1799.97,2240,1,2,11:41:22,2240 1
599.9834059062821,17.79660746276319,0.042800771192160504,29.839617569612248,1799.85,2240,1,2,11:43:22,2240 1
749.9324068544372,21.76453806424649,0.03465397031319601,29.862208064634736,1799.79,2240,1,2,11:45:23,2240 1
626.7142679489883,21.49305209899783,0.0259039728597613,29.90379183018133,1799.99,2240,1,2,11:47:23,2240 1
237.90824606112886,20.80761436787189,0.23654346355323483,27.753752945693776,1799.98,2240,2,2,09:09:55,2240 2
183.2252192785296,15.25965163380693,0.24163061536091435,27.78038925965727,1799.98,2240,2,2,09:11:27,2240 2
133.83571144801306,9.565798600566637,0.2733699181564927,27.712332493628914,1799.97,2240,2,2,09:13:01,2240 2
79.90220431873195,2.982010072579643,0.29628351829584965,27.657345407803472,1800.21,2240,2,2,09:14:33,2240 2
51.764469478502406,-0.5411568963278769,0.33263256308421923,27.590956842713947,1799.95,2240,2,2,09:16:17,2240 2
462.94895504153305,32.275674904080795,0.2554431597731115,27.73752628545774,1800.16,2240,2,2,09:21:18,2240 2
664.2319459563641,31.85498609007462,0.1729207549721415,27.90587883001694,1799.9,2240,2,2,09:23:18,2240 2
825.4814557454256,31.644227802499085,0.11835752824279015,28.085101945360588,1799.89,2240,2,2,09:25:19,2240 2
1162.8799416258687,32.984944143308134,0.09112578890258162,28.13501321884995,1799.93,2240,2,2,09:27:19,2240 2
1209.7662657666724,32.982516402520126,0.07234440233995491,28.161972355212207,1800.19,2240,2,2,09:29:20,2240 2
303.7744970334597,4.435953553976583,0.08505389273897256,29.308474213619352,1800.11,2240,3,2,14:10:31,2240 3
233.29258663033576,3.073201224693987,0.08602503776241517,29.294108569482482,1800.15,2240,3,2,14:12:06,2240 3
168.09428059644864,1.5448886535587145,0.09617343444650525,29.26512509939613,1799.86,2240,3,2,14:13:50,2240 3
97.45380510032743,-0.01917812091802674,0.11447531633806442,29.22185145992811,1800.16,2240,3,2,14:15:28,2240 3
63.642976120241165,-1.259585359738367,0.13885265319028645,29.1613390642914,1800.18,2240,3,2,14:17:07,2240 3
576.0241135668383,6.846011485535283,0.10795995851581729,29.256122898763735,1800.07,2240,3,2,14:21:58,2240 3
829.1539264302,7.729615272194564,0.0886550128103777,29.330139402612765,1800.04,2240,3,2,14:23:58,2240 3
1080.6633029500351,8.89559437697797,0.07948828199825694,29.368773506309594,1800.08,2240,3,2,14:25:55,2240 3
1563.3953977462018,8.156120380468424,0.07186990993900695,29.373687242401775,1799.76,2240,3,2,14:27:44,2240 3
1698.0934490006168,9.740853219593648,0.06460135165635113,29.4110608003152,1800.07,2240,3,2,14:29:44,2240 3
205.61130477248332,7.92178378894652,0.07121435013218289,28.842993724038557,1800.06,2241,1,2,10:16:15,2241 1
162.5148035965459,5.654260035800694,0.07218818056977966,28.826904446934524,1800.09,2241,1,2,10:17:51,2241 1
123.48696792175848,3.305716801272826,0.07720672249884931,28.802084306126417,1800.16,2241,1,2,10:19:31,2241 1
83.67541440869516,0.6801404454773331,0.08625749193920985,28.772016983522988,1799.9,2241,1,2,10:21:02,2241 1
60.157805459106235,-0.7381204815740567,0.10217363713275864,28.70460491036237,1799.98,2241,1,2,10:22:44,2241 1
324.245739217122,15.12898868475937,0.06977649414602548,28.783476319148953,1800.02,2241,1,2,10:28:37,2241 1
481.5764158108846,16.108147776966177,0.05366388369999882,28.868765180708408,1799.99,2241,1,2,10:30:38,2241 1
633.5857370813816,17.689260343745815,0.04574699409369015,28.91262880231425,1800.01,2241,1,2,10:32:16,2241 1
915.1047227695773,20.67941932007731,0.0403151768257856,28.952906854087225,1799.93,2241,1,2,10:34:16,2241 1
1030.4305524027757,20.29952108929822,0.03610896294923447,28.980899027967688,1799.91,2241,1,2,10:36:17,2241 1
237.28186080889841,27.19104847183198,0.31699931975824625,27.923087254031756,1799.97,2241,2,2,09:43:10,2241 2
183.04007127885293,20.584664822501928,0.3366741211459025,27.892446058095107,1799.93,2241,2,2,09:44:55,2241 2
129.8796290019005,12.943550332911965,0.3576243252097655,27.847113849775432,1799.92,2241,2,2,09:46:32,2241 2
78.97566439509662,3.896567694950456,0.3813412139710687,27.82043552293501,1800.17,2241,2,2,09:48:11,2241 2
50.221553103696976,-0.27995469980855153,0.4038905184805359,27.784283895847327,1800.15,2241,2,2,09:49:41,2241 2
394.08128793966245,34.146712943310334,0.20224782773745495,28.22305144978626,1800.09,2241,2,2,09:55:31,2241 2
448.35404798756406,34.48526758439551,0.10793897119822309,28.47417133715756,1800.06,2241,2,2,09:57:54,2241 2
597.9728906191206,36.79788333478858,0.08999048869977766,28.521146109030404,1800.05,2241,2,2,10:00:14,2241 2
898.8285035704737,37.09704988203758,0.07039166059663833,28.593790391545987,1800.03,2241,2,2,10:02:14,2241 2
1012.5990592270012,37.585227285747344,0.06501877100908728,28.60224337672793,1800.01,2241,2,2,10:04:15,2241 2
257.11915834434956,32.407676578586766,0.47586082142038144,28.079465389127666,1799.82,2241,3,2,10:26:56,2241 3
195.1873338049335,23.95558043962865,0.4808875689445181,28.084626264199418,1799.84,2241,3,2,10:28:57,2241 3
137.33802088501193,14.784603917456595,0.505963774424204,28.04907572126213,1800.14,2241,3,2,10:30:46,2241 3
79.31193133017337,4.817794316351355,0.5260698132467064,28.02929247321893,1800.13,2241,3,2,10:32:34,2241 3
49.72935599494611,-0.2297128429912884,0.5505632791785705,27.992271800804332,1799.84,2241,3,2,10:34:05,2241 3
508.810032234245,45.320088610345046,0.5179012345044524,28.038173912953198,1799.79,2241,3,2,10:39:39,2241 3
734.7770117590788,48.55744058536015,0.3805909367752275,28.334651392527785,1800.09,2241,3,2,10:41:10,2241 3
957.586539678672,50.554049438663334,0.2963381774866919,28.537025760108,1800.06,2241,3,2,10:42:49,2241 3
1350.1195920663047,52.641475368032594,0.23023280241823288,28.691416426474277,1800.1,2241,3,2,10:45:11,2241 3
1464.1508867897735,53.870496407874825,0.19348076244562487,28.762943232883664,1800.1,2241,3,2,10:47:11,2241 3
205.234139754828,9.318935049259379,0.08383822961856356,28.37663234503504,1800.02,2242,1,2,11:37:31,2242 1
170.24811371761064,6.305683612638604,0.08610631946722125,28.37423980040181,1800,2242,1,2,11:39:13,2242 1
121.53228155961554,4.406131917304995,0.10075384146649462,28.308859468698383,1800.01,2242,1,2,11:40:51,2242 1
81.42825234972386,1.0968169818270568,0.120004516922923,28.239460103332725,1800.01,2242,1,2,11:42:22,2242 1
58.16916831910333,-0.8474664535137828,0.14249684675507318,28.177977604807797,1799.99,2242,1,2,11:43:54,2242 1
334.7753471040554,12.591050868335325,0.05970751689009078,28.497268881210893,1799.99,2242,1,2,11:49:52,2242 1
509.0581398463688,14.083443995499831,0.04974888090291889,28.51404527593673,1800.04,2242,1,2,11:51:53,2242 1
669.499069493588,16.49688822087337,0.04537136254839643,28.51610362832604,1800.1,2242,1,2,11:53:53,2242 1
1002.1485946629035,17.600711455282553,0.038483851295525145,28.552608649387107,1799.83,2242,1,2,11:55:54,2242 1
1107.6910308694478,16.79580714956678,0.03274236985333028,28.5808422616462,1800.13,2242,1,2,11:57:54,2242 1
246.9654249132349,4.191110257221009,0.04769654775118048,29.035439840375474,1799.85,2242,2,2,12:22:26,2242 2
192.3316177394023,2.941364711711572,0.04783149998024244,29.030254593206053,1800.2,2242,2,2,12:24:02,2242 2
137.5455944098994,1.8791621974206347,0.0535620651472998,28.996966814919766,1800.19,2242,2,2,12:26:02,2242 2
85.08879410880985,0.46055129668864625,0.062085571384449784,28.94829452188219,1800.22,2242,2,2,12:27:40,2242 2
61.7731631019024,-0.6265823570264945,0.07716471139314109,28.921740076789238,1800.25,2242,2,2,12:29:38,2242 2
385.2427143508227,6.900944331153301,0.03762250279615706,29.136034695461916,1800.12,2242,2,2,12:35:01,2242 2
587.8613715907842,7.689717897842873,0.032156421586625676,29.154061631016447,1800.07,2242,2,2,12:37:01,2242 2
822.1048045773423,7.956305253524523,0.028942449464206047,29.185922532827604,1800.01,2242,2,2,12:39:02,2242 2
1177.914577389759,9.221405011779115,0.02589891842376851,29.221379254894007,1799.95,2242,2,2,12:41:02,2242 2
1350.2082255698278,8.87111903902699,0.023966768163788902,29.239366654911187,1799.92,2242,2,2,12:43:03,2242 2
190.27228813990087,8.717037452968464,0.07120110573811995,28.895760909846388,1800.06,2242,3,2,13:00:37,2242 3
160.3532728360673,6.22293075006881,0.07704125820210415,28.870572228314934,1800.05,2242,3,2,13:02:37,2242 3
130.70400003906022,3.3966042025797267,0.08702374075649688,28.8342549121977,1800.1,2242,3,2,13:04:08,2242 3
82.30545403281404,0.9581374223865947,0.1049560956226586,28.765604516984272,1800.14,2242,3,2,13:05:57,2242 3
60.652762089734445,-0.9341469875010625,0.12912256332135638,28.706844610021072,1800.16,2242,3,2,13:07:57,2242 3
295.39842188248593,10.482494855041699,0.04371542779819115,28.964144324467767,1800.06,2242,3,2,13:13:59,2242 3
414.95933527209445,12.36747221565865,0.03553122376500624,28.963437674313358,1800.05,2242,3,2,13:15:59,2242 3
561.3934246168382,14.07713384069988,0.03205351493440941,29.00181556549454,1800,2242,3,2,13:18:00,2242 3
937.0202813426969,14.542241701925334,0.02858622980172385,29.028984863963757,1799.97,2242,3,2,13:20:00,2242 3
1021.4999601700522,14.943830089713341,0.02585939583811982,29.053761957251954,1799.93,2242,3,2,13:22:01,2242 3
230.50206111087232,16.83517884331994,0.18146050759076954,27.582522426028344,1799.96,2248,1,2,09:02:03,2248 1
177.2829331717491,12.687501605911834,0.18979844234656043,27.61345084966859,1799.95,2248,1,2,09:04:04,2248 1
129.60798897552058,7.835947710125631,0.20823450404006044,27.578967061563194,1799.92,2248,1,2,09:06:04,2248 1
77.76783238785113,2.536127161947942,0.2246345821772618,27.558810901313077,1799.88,2248,1,2,09:07:58,2248 1
51.479283427200784,-0.3659200813803088,0.244675030336492,27.49380540656241,1800.17,2248,1,2,09:09:29,2248 1
471.89656470095554,26.828168950411733,0.22292968408831618,27.57007573641725,1800.06,2248,1,2,09:14:57,2248 1
589.2275359933917,27.776422643661444,0.12028741154812428,27.75902208935358,1800.09,2248,1,2,09:16:58,2248 1
761.0829152350585,26.22992333140155,0.08519949958667769,27.840077020561676,1799.8,2248,1,2,09:19:15,2248 1
1047.9795397146718,28.014228328299886,0.06447073765479984,27.831877033828444,1800.14,2248,1,2,09:21:16,2248 1
1146.0370440901331,24.814330622063537,0.04993275623428459,27.937241883856963,1799.9,2248,1,2,09:23:36,2248 1
228.49762964342128,16.719438823002832,0.17807985619319633,28.455792547795575,1799.98,2248,2,2,08:34:40,2248 2
168.70098327683615,12.078384759532831,0.16694741451607292,28.51316309263021,1800.26,2248,2,2,08:36:24,2248 2
125.06795346851655,6.983782093472518,0.17129414698875503,28.519323920624277,1800.2,2248,2,2,08:38:07,2248 2
76.06836041149147,2.2386786160567906,0.17927743378230201,28.500734050141798,1799.88,2248,2,2,08:39:41,2248 2
52.93374086693838,-0.4596909668629917,0.18994306591838342,28.485603242550685,1800.21,2248,2,2,08:41:12,2248 2
440.7449803590759,23.6271236320094,0.16737765140931604,28.482001486080183,1800.09,2248,2,2,08:46:15,2248 2
502.8721983939696,24.176994114130352,0.08432628260358585,28.75207630839161,1800.11,2248,2,2,08:48:16,2248 2
589.1094154940936,23.348088409297482,0.055884675079415046,28.756087281715946,1800.11,2248,2,2,08:50:16,2248 2
849.2506299326914,24.49574559072533,0.04366133315404489,28.792615819899925,1800.1,2248,2,2,08:52:17,2248 2
907.2251645608122,23.914296152202137,0.036906427900584904,28.828732391563356,1799.76,2248,2,2,08:54:17,2248 2
229.46498044217148,24.08976209770343,0.26912403060766826,29.1870395362323,1799.91,2248,3,2,13:25:46,2248 3
177.33061962402292,17.35924910325278,0.2708829060724571,29.190926070527485,1800.22,2248,3,2,13:27:47,2248 3
126.79837657963087,10.996943258364455,0.29194774861477435,29.12630474828897,1800.22,2248,3,2,13:29:28,2248 3
76.3918849647007,3.6641271603725,0.31851416378677455,29.077637581451196,1799.87,2248,3,2,13:31:02,2248 3
51.12010165414226,-0.43169622808956337,0.3366214799973781,29.033184366668305,1799.91,2248,3,2,13:32:33,2248 3
374.62013647260045,31.765349035073076,0.17825180914776673,29.453998736062868,1800.1,2248,3,2,13:38:20,2248 3
460.8656914139741,27.795872482721986,0.08952521102028557,29.727349173987523,1800.06,2248,3,2,13:40:20,2248 3
541.6649439609619,32.65980266046925,0.07392837064808676,29.806518122840853,1800.02,2248,3,2,13:42:42,2248 3
868.1065683713645,28.538029714389225,0.05246381486981838,29.90544276343604,1800.03,2248,3,2,13:44:43,2248 3
852.8760535683285,28.34417400472831,0.04185991073252821,29.922216777054157,1799.99,2248,3,2,13:46:43,2248 3
270.57068811243397,27.29726329844476,0.4159616942206114,28.534618024872874,1799.84,2252,1,2,11:30:37,2252 1
206.59509392115072,20.000096808305642,0.4249559760569417,28.532805878752928,1800.12,2252,1,2,11:32:08,2252 1
143.29226312123538,12.210488509261964,0.43143166094423924,28.539533689905696,1800.06,2252,1,2,11:33:43,2252 1
82.38532469070554,3.6028365755572533,0.43805558508924436,28.547143484377596,1800,2252,1,2,11:35:15,2252 1
51.434070709775845,-0.6619464258116726,0.44859687018957506,28.54304164598315,1799.98,2252,1,2,11:36:46,2252 1
514.2841028721227,41.36123491480314,0.4518701201247354,28.582551310765904,1800.14,2252,1,2,11:41:29,2252 1
785.3801311527145,46.31569570793479,0.44779426813471507,28.602558640724713,1799.79,2252,1,2,11:43:30,2252 1
1068.2222284826614,48.03329248523083,0.44171673884189655,28.634092752955695,1800.03,2252,1,2,11:45:00,2252 1
1544.0692727737942,50.251678784076404,0.43483282145257257,28.67326279409513,1800,2252,1,2,11:46:32,2252 1
1735.9545703057079,50.24826316399299,0.42834737437410847,28.711902193951005,1799.97,2252,1,2,11:48:25,2252 1
206.35637873826977,23.791918987216484,0.22128531718900982,28.968317464387276,1799.89,2252,2,2,12:31:26,2252 2
167.47787502145977,16.838665818457567,0.23083384416142222,28.951496671005565,1799.87,2252,2,2,12:33:06,2252 2
123.06126814649048,10.218885579340471,0.24465313216950182,28.927020977349773,1800.14,2252,2,2,12:34:41,2252 2
76.09331539894569,3.421519601972327,0.27733817003616135,28.864399367023132,1799.86,2252,2,2,12:36:30,2252 2
55.815782961933344,-1.2258683549332456,0.3013246506665664,28.837254696944544,1799.85,2252,2,2,12:38:14,2252 2
377.8479380563193,42.197889102519035,0.23787145792641268,28.980610702489912,1800.12,2252,2,2,12:44:15,2252 2
571.134066799323,51.864343352648476,0.21922347254497326,29.016613507529314,1800.06,2252,2,2,12:46:16,2252 2
800.6969452361582,56.12393897300231,0.20415340496557324,28.916895661359817,1800.13,2252,2,2,12:48:16,2252 2
1249.6001738298658,59.1365856352261,0.19829555943447663,28.869192289698148,1799.9,2252,2,2,12:50:17,2252 2
1386.6400974736894,59.74405160689625,0.1784922962836754,28.860065467401533,1799.98,2252,2,2,12:52:17,2252 2
194.01664539245064,12.084709494827676,0.10184009454470432,28.330551571762175,1800,2252,3,2,11:00:19,2252 3
156.05205536407948,8.440981642600853,0.10234720666039988,28.329196953882505,1800.21,2252,3,2,11:01:53,2252 3
119.51822184265146,4.9725641756528765,0.10954518525720208,28.335470741678694,1800.16,2252,3,2,11:03:27,2252 3
82.2483645940792,1.064527246846656,0.12043490710358293,28.320071253511905,1800.13,2252,3,2,11:04:59,2252 3
62.267658567340185,-1.1231330408313658,0.13239456621105267,28.289886853164855,1799.77,2252,3,2,11:06:37,2252 3
269.2847473238102,13.534551595799863,0.05317744883731544,28.6190892535087,1799.91,2252,3,2,11:12:22,2252 3
442.06604141275005,12.50277544578429,0.037997493553836484,28.697135362479475,1800.07,2252,3,2,11:14:22,2252 3
536.9852769178985,13.805079542205934,0.03050373522240232,28.75339639884358,1799.99,2252,3,2,11:16:23,2252 3
765.2154930978645,16.153061518183538,0.026317066115017777,28.802679603672736,1799.94,2252,3,2,11:18:23,2252 3
987.6129011330507,14.270053507281462,0.02396063298979673,28.854717218315685,1800.12,2252,3,2,11:20:24,2252 3
184.39424775302967,16.974489611996805,0.1376556546444415,28.718262953066386,1799.87,2257,1,2,12:04:00,2257 1
152.3735623796433,12.120090465108625,0.14470541605045645,28.68894759732299,1799.86,2257,1,2,12:05:55,2257 1
117.39947532997829,7.620174211302998,0.16549307423255857,28.630478584245882,1799.85,2257,1,2,12:07:33,2257 1
78.06609564416647,2.1703677101728784,0.19134494049979373,28.562614302642263,1799.84,2257,1,2,12:09:15,2257 1
55.84433739182943,-0.9307512586146804,0.21838200380345177,28.515321388987573,1800.14,2257,1,2,12:10:51,2257 1
370.01622472438095,28.939699032128484,0.15551993705593975,28.687722975399737,1800.08,2257,1,2,12:16:23,2257 1
570.3650110452278,30.9939221022071,0.12774276303256032,28.78093202503886,1800.09,2257,1,2,12:18:24,2257 1
770.3814934147432,30.57589138666414,0.1018108017584084,28.85380377729393,1800.11,2257,1,2,12:20:24,2257 1
1117.507627794167,31.007143997549004,0.08007438611513953,28.92095563038506,1800.12,2257,1,2,12:22:25,2257 1
1185.7329274501194,29.457808135878853,0.06307554316836368,28.98096520715546,1799.85,2257,1,2,12:24:25,2257 1
184.19289624041537,19.101976726872056,0.1619854964866134,28.861275289686546,1799.9,2257,2,2,12:31:38,2257 2
149.72665861412236,13.503145467868391,0.16572181986355045,28.845714826888162,1799.93,2257,2,2,12:33:08,2257 2
114.23932560209956,8.11622814243467,0.17821917899571954,28.817318261635734,1799.9,2257,2,2,12:34:39,2257 2
75.20998432037429,2.37104441742185,0.19416855319910067,28.764702757960293,1799.89,2257,2,2,12:36:09,2257 2
53.70273440199877,-0.6603911758097252,0.21518768619121895,28.699959301677744,1800.19,2257,2,2,12:37:44,2257 2
342.64885136438977,30.15356971229614,0.15499595854402312,28.905544110602992,1799.79,2257,2,2,12:43:16,2257 2
509.52654052174336,34.14579472546266,0.12672499310679672,29.001621041041908,1800.14,2257,2,2,12:45:38,2257 2
716.8649525232483,34.49513660252583,0.10773964707712873,29.0652602334,1799.88,2257,2,2,12:47:59,2257 2
1053.4129969125327,35.86868429667843,0.08742585787258933,29.144733105469662,1799.93,2257,2,2,12:50:26,2257 2
1101.7405865250873,35.63716762765891,0.07113061297653396,29.24847228556244,1799.91,2257,2,2,12:52:56,2257 2
230.54893720141678,20.997989838963598,0.23327927337873425,28.357610420959784,1799.79,2257,3,2,10:13:19,2257 3
178.43456195533886,15.378674547589865,0.23939714165091414,28.3509737088779,1800.14,2257,3,2,10:14:50,2257 3
130.3006444958461,9.171160599620869,0.25359595723217265,28.322569158430625,1800.15,2257,3,2,10:16:22,2257 3
78.88891224021313,2.8011381309306156,0.27257799436471664,28.282502336164583,1800.11,2257,3,2,10:17:54,2257 3
52.38790864788474,-0.5873393162384356,0.2939670486748284,28.2377489273484,1800.17,2257,3,2,10:19:24,2257 3
456.87701380961454,30.40110274762125,0.24001160254883272,28.351338653727797,1800.11,2257,3,2,10:24:56,2257 3
675.3653456910687,32.73932837084687,0.19078779194451484,28.502857565497763,1800.08,2257,3,2,10:26:56,2257 3
906.9656873368994,34.03814943826354,0.16293905578588946,28.59371579617566,1800.1,2257,3,2,10:28:57,2257 3
1357.4196516675877,33.1695755758984,0.14352809591120108,28.662610233233565,1800.07,2257,3,2,10:30:57,2257 3
1499.8721598429781,33.84690719070982,0.1285564985764634,28.71172000024137,1800.09,2257,3,2,10:32:58,2257 3
206.43973436723704,13.25960444970433,0.11984999040043737,28.249175910907127,1799.88,2265,1,2,10:30:11,2265 1
168.93609160389673,9.413816678758243,0.12694689794061298,28.257282351305047,1799.86,2265,1,2,10:32:11,2265 1
123.21361977633599,5.818023101529073,0.13558970874811302,28.24704153861256,1799.84,2265,1,2,10:33:55,2265 1
78.22576139175233,1.6583543477916558,0.14521852690019962,28.24516548942409,1800.12,2265,1,2,10:35:43,2265 1
52.9392991802407,-0.400286646627126,0.15562183323953344,28.205909687711948,1799.84,2265,1,2,10:37:31,2265 1
379.2683328723908,23.198927873118496,0.1274138093904121,28.305761767988567,1799.76,2265,1,2,10:42:50,2265 1
520.4270615647765,27.79994376741774,0.100919415053314,28.409066689135155,1800.04,2265,1,2,10:44:50,2265 1
718.6794282784384,30.91987038696279,0.09273564959149254,28.42201432030139,1800.04,2265,1,2,10:46:51,2265 1
1188.2025868002204,30.465752876452203,0.0887257677345125,28.40742260352965,1800.03,2265,1,2,10:48:51,2265 1
1298.1854603165427,32.28243858870233,0.08149713170461649,28.416690413513372,1800.09,2265,1,2,10:50:52,2265 1
235.4048286078052,15.184459990418473,0.16890940002462296,27.989707439590138,1800.1,2265,3,2,12:03:47,2265 3
177.4062702716728,11.354846378493407,0.16952210316469474,28.017797420794324,1799.76,2265,3,2,12:05:17,2265 3
127.71764770544,6.675172362540777,0.17085694786776623,28.033766468988134,1800,2265,3,2,12:07:02,2265 3
78.13962694022284,1.9280867770638532,0.17294001711874052,28.049447805055948,1800.23,2265,3,2,12:08:41,2265 3
54.75082903849998,-0.639779092416442,0.17394558219191464,28.08179037388572,1800.13,2265,3,2,12:10:20,2265 3
441.7657042301112,24.07451172196054,0.17220368700925143,28.200436578530798,1800.12,2265,3,2,12:15:11,2265 3
700.0051702016223,26.645195843299202,0.16708383834530752,28.244813006270977,1800.05,2265,3,2,12:16:42,2265 3
969.889402603312,27.71282304720042,0.16065991710539995,28.29805450787385,1799.98,2265,3,2,12:18:28,2265 3
1435.3881621475437,27.90746033945588,0.15115217221519706,28.36838534163236,1799.9,2265,3,2,12:20:28,2265 3
1595.4689317531008,29.073556891767453,0.1413275759308543,28.43350361302878,1800.08,2265,3,2,12:22:29,2265 3
