Plot,Repeat,PAR,A,Ci,gs,Flag_removal
1001,1,1800.083862,9.576868363,187.9230911,0.077851815,
1001,1,1098.932739,9.884530914,192.0320985,0.081461551,
1001,1,498.0666504,8.125768274,228.2799898,0.081813921,
1001,1,299.6442566,7.162259416,241.3757661,0.078420662,
1001,1,148.2950897,5.815058158,252.6324585,0.068606845,
1001,1,50.67652512,2.666991588,313.3731362,0.056472064,
1001,1,50.67652512,2.666991588,313.3731362,0.056472064,
1001,3,1800.45459,3.307077096,271.8075683,0.046857518,
1001,3,1099.115356,5.809362263,212.6518383,0.053117247,
1001,3,500.8366394,3.584669773,287.2607899,0.056462466,
1001,3,300.4320679,3.016505109,307.8548308,0.058923053,
1001,3,151.7227478,2.484080693,319.8208749,0.056521129,
1001,3,51.67870331,0.992578486,356.4285514,0.046822979,
1001,3,51.67870331,0.992578486,356.4285514,0.046822979,
1002,1,1798.6875,17.37272978,206.2718409,0.155191668,
1002,1,1099.971191,16.52356753,225.1185819,0.163242006,
1002,1,499.9071655,13.66260133,264.4822659,0.176086171,
1002,1,300.3214722,10.98152953,286.9314171,0.170709416,
1002,1,148.1422882,6.381184195,328.5175165,0.161700974,
1002,1,50.57859802,2.198164521,368.9309217,0.144086182,
1002,1,50.57859802,2.198164521,368.9309217,0.144086182,
1002,2,1800.012573,2.161553795,307.9705795,0.044545814,
1002,2,1098.772949,1.913289477,321.2179111,0.046587868,
1002,2,500.6207886,1.16737444,346.0385124,0.044581884,
1002,2,300.743866,1.331189103,341.2018985,0.044944861,x
1002,2,151.9400024,1.340071483,340.4749974,0.044116857,x
1002,2,51.92745209,-0.557759745,410.7185747,0.040778383,
1002,2,51.92745209,-0.557759745,410.7185747,0.040778383,
1002,3,1801.994507,13.68179737,233.1731286,0.14559436,x
1002,3,1801.984863,14.08785101,233.0838924,0.149861818,x
1002,3,1801.817505,13.73945363,235.7233139,0.148732312,x
1002,3,1801.771484,13.44041925,238.6127394,0.148290019,x
1002,3,1801.424072,13.23870548,239.4893559,0.147309803,x
1002,3,1801.422729,13.91012254,231.9326172,0.146956891,x
1002,3,1801.380859,14.34430309,228.4119532,0.148102201,x
1002,3,1801.324463,13.73633496,233.2666465,0.146276566,x
1002,3,1801.151001,14.36789133,225.3739616,0.14533653,x
1002,3,1801.146973,13.15204131,239.7066096,0.146075807,x
1002,3,1801.119751,14.88719059,227.8852886,0.15343729,x
1002,3,1801.10144,14.05426424,228.7066988,0.145218246,x
1002,3,1800.997437,13.53772656,231.163459,0.142165641,x
1002,3,1800.959473,13.56719445,233.750798,0.145039356,x
1002,3,1800.895386,14.8992872,222.8790039,0.14849683,x
1002,3,1800.879639,13.94144887,223.1818689,0.139098115,x
1002,3,1800.87561,12.99583314,237.3548177,0.142233981,x
1002,3,1800.856689,14.1332865,222.0472266,0.140105872,x
1002,3,1800.835449,14.68990993,219.6456616,0.143338399,x
1002,3,1800.806274,13.30892951,227.7869437,0.136681741,x
1002,3,1800.786743,14.14261034,224.4234612,0.142006005,x
1002,3,1800.774414,12.42180767,241.8580721,0.140054993,x
1002,3,1800.762817,14.15976861,222.2617026,0.140468939,x
1002,3,1800.762207,14.33438314,221.0598327,0.14120711,x
1002,3,1800.74646,13.44351315,231.7607636,0.14185249,x
1002,3,1800.698853,13.36343275,234.3796846,0.143193924,x
1002,3,1800.634277,14.23005198,229.650981,0.147763547,x
1002,3,1800.511963,15.03815772,223.5713962,0.150765599,x
1002,3,1800.506226,13.52690367,232.3875335,0.143052275,x
1002,3,1800.479736,13.97526699,224.0157684,0.140081066,x
1002,3,1800.446655,14.2813412,232.0308982,0.150870945,x
1002,3,1800.36731,11.55655919,253.4774304,0.142080609,x
1002,3,1800.363403,15.16721003,212.284597,0.141648936,x
1002,3,1800.356323,14.42074178,223.8074538,0.144812962,x
1002,3,1800.327515,15.16484303,224.1460553,0.152414665,x
1002,3,1800.31665,14.5992888,219.2962172,0.142450974,x
1002,3,1800.195679,14.46899956,227.1336169,0.148091129,x
1002,3,1800.191772,13.93076479,234.5377381,0.149996929,x
1002,3,1800.186401,14.05610496,225.1542868,0.142327618,x
1002,3,1800.102417,13.925022,230.5010797,0.145640316,x
1002,3,1800.100708,15.34348845,203.2842212,0.136321575,x
1002,3,1798.947632,15.16898378,220.9409447,0.149202112,
1002,3,1099.918823,13.74435276,243.3065482,0.155235997,
1002,3,498.6355896,11.50425913,270.5275838,0.157962172,
1002,3,300.2631836,7.730119322,306.1969759,0.150872944,
1002,3,149.8890533,5.869030094,326.8359033,0.150710403,
1002,3,52.27561188,1.30544071,375.2274067,0.139430545,
1002,3,52.27561188,1.30544071,375.2274067,0.139430545,
1003,1,1798.993286,28.02493693,267.7055785,0.380440129,
1003,1,1101.226929,24.14258201,289.7828467,0.393556841,
1003,1,501.8208923,18.03798594,318.2391509,0.397879599,
1003,1,299.2399292,13.46909059,332.5675816,0.361787781,
1003,1,148.1788483,6.885535694,362.7467764,0.351899302,
1003,1,49.33538818,1.074714751,389.9275427,0.305939345,
1003,1,49.33538818,1.074714751,389.9275427,0.305939345,
1003,2,1802.304321,26.66852281,246.9535947,0.311528205,
1003,2,1101.482056,23.72049972,267.1644947,0.319347827,
1003,2,498.1201172,18.26690863,300.9060887,0.332269043,
1003,2,298.0192871,13.21326911,328.1610539,0.338438751,
1003,2,148.9398346,5.621184921,364.714581,0.322822613,
1003,2,48.9519577,0.860031303,389.3513084,0.300400151,
1003,2,48.9519577,0.860031303,389.3513084,0.300400151,
1003,3,1798.909058,30.58010959,233.4219242,0.323565163,
1003,3,1099.601563,28.73550281,247.3351449,0.330704546,
1003,3,500.7698669,20.41802487,285.8473066,0.31667665,
1003,3,298.6470032,14.80401398,309.5140031,0.29041962,
1003,3,147.9855957,6.613646592,354.8576259,0.275857138,
1003,3,49.41580582,1.377159091,385.0866601,0.2229151,
1003,3,49.41580582,1.377159091,385.0866601,0.2229151,
1004,1,1798.473755,25.67997749,223.3951353,0.262780636,
1004,1,1101.584106,24.00957406,242.1754452,0.275702441,
1004,1,502.000824,18.64337109,281.2786738,0.288225143,
1004,1,299.8100281,14.37368606,303.934323,0.276871454,
1004,1,148.8434906,8.35525982,340.5612951,0.269889078,
1004,1,50.00706482,2.836265677,374.9087797,0.256948189,
1004,1,50.00706482,2.836265677,374.9087797,0.256948189,
1004,2,1797.60022,22.65563029,210.5489484,0.213209098,
1004,2,1101.431763,20.22118889,241.4423032,0.229107228,
1004,2,498.1591492,16.79684443,271.8916511,0.23605233,
1004,2,302.2138672,12.1159647,303.0558318,0.228503263,
1004,2,149.1349335,6.791376233,340.1661176,0.216586134,
1004,2,49.32587051,3.238263176,365.5280179,0.193543032,
1004,2,49.32587051,3.238263176,365.5280179,0.193543032,
1004,3,1800.061768,26.7127693,234.0904531,0.289527803,
1004,3,1100.981812,23.43867319,248.6278588,0.278203426,
1004,3,499.0523071,18.25265916,272.7374099,0.257225164,
1004,3,302.0826111,14.82709688,289.3020872,0.24107629,
1004,3,151.1887054,9.213236465,324.943072,0.226515528,
1004,3,48.6381073,4.700763427,357.0650994,0.21324556,
1004,3,48.6381073,4.700763427,357.0650994,0.21324556,
1005,1,1801.226929,15.54337265,226.7601454,0.161564496,
1005,1,1100.45166,12.47864966,268.5913219,0.174757219,
1005,1,499.57901,8.17663539,316.0934226,0.184969889,
1005,1,301.5148315,5.87472134,338.230386,0.1868762,
1005,1,151.3074646,2.103163845,373.0328953,0.184917636,
1005,1,49.70180893,-0.607469013,398.7488299,0.180768647,
1005,1,49.70180893,-0.607469013,398.7488299,0.180768647,
1005,2,1799.725708,11.69390015,249.7286602,0.137496007,
1005,2,1099.238281,11.44965813,269.9660713,0.155936517,
1005,2,498.675415,11.04238691,287.8684716,0.174799877,
1005,2,300.3681335,9.896400085,300.8460704,0.177609393,
1005,2,148.9792938,5.901396055,335.4019453,0.166716566,
1005,2,50.11450958,1.264933145,377.3740473,0.124835116,
1005,2,50.11450958,1.264933145,377.3740473,0.124835116,
1005,3,1799.477661,10.14046604,168.5018622,0.075606797,
1005,3,1100.869385,9.38382392,194.3525591,0.078935136,
1005,3,500.1207581,7.829420085,224.4272648,0.077098998,
1005,3,298.9342957,6.15332897,257.365608,0.075251952,
1005,3,149.8363647,3.711425648,308.6925843,0.073236966,
1005,3,49.04818344,0.681634514,375.3228764,0.068064595,
1005,3,49.04818344,0.681634514,375.3228764,0.068064595,
1006,1,1799.839355,24.87809543,257.3419302,0.311172668,
1006,1,1101.559082,23.71680793,267.7832488,0.319121206,
1006,1,502.0254517,18.04187456,296.8802415,0.311534087,
1006,1,299.9254456,13.62299682,318.8445778,0.301576996,
1006,1,148.6301575,6.931798983,353.97666,0.278978832,
1006,1,49.62714005,0.244378539,393.9498016,0.231560311,
1006,1,49.62714005,0.291024719,394.0008986,0.279004243,
1006,2,1798.827148,9.757222508,237.47607,0.103235513,
1006,2,1098.990356,8.964879724,243.626272,0.098289737,
1006,2,498.7853394,6.854241941,272.5579862,0.09241945,
1006,2,300.8282471,3.661787274,317.9305386,0.078967571,
1006,2,149.0532532,2.402425495,335.4241307,0.066532028,
1006,2,50.85430908,0.950254722,360.2600733,0.045452017,
1006,2,50.85430908,0.950254722,360.2600733,0.045452017,
1006,3,1799.767456,15.20568037,136.5904048,0.098041443,
1006,3,1100.800903,15.16563956,143.5629855,0.099954976,
1006,3,499.1904907,12.81605877,186.5610911,0.101640268,
1006,3,300.3312988,10.28139703,200.9429703,0.087050485,
1006,3,148.2752838,6.257132232,247.1671013,0.06915853,
1006,3,52.14476395,1.235533685,360.3526062,0.058881672,
1006,3,52.14476395,1.235533685,360.3526062,0.058881672,
1007,1,1798.742798,10.78759346,212.4063829,0.098422004,
1007,1,1101.255493,10.07207281,219.4385415,0.094681316,
1007,1,500.2799683,7.563374617,256.2093783,0.089659836,
1007,1,302.0337219,5.581506799,285.297468,0.083562923,
1007,1,151.7586975,4.274231095,310.0596453,0.08239423,
1007,1,50.07208633,0.620170508,382.3003488,0.083975827,
1007,1,50.07208633,0.620170508,382.3003488,0.083975827,
1007,2,1800.142212,14.29051119,258.4956324,0.179096261,
1007,2,1101.526489,13.23281079,282.7796077,0.2007096,
1007,2,497.134552,10.10885976,318.4603585,0.223771897,
1007,2,297.7890015,7.153235564,341.8303002,0.227754064,
1007,2,151.4041901,2.762432093,374.3724528,0.228113438,
1007,2,52.20482635,-1.380837082,405.3506923,0.221992853,
1007,2,52.20482635,-1.380837082,405.3506923,0.221992853,
1007,3,1797.895142,17.48647211,240.81179,0.193292937,
1007,3,1098.473389,16.93688893,250.1210892,0.198056732,
1007,3,501.5567627,14.31712546,267.6066366,0.188547807,
1007,3,299.3192749,12.45228288,279.7732432,0.180243154,
1007,3,151.8070221,7.582367299,320.5983248,0.16918467,
1007,3,50.69372177,1.529060496,378.9415269,0.160177527,
1007,3,50.69372177,1.529060496,378.9415269,0.160177527,
1008,1,1801.832764,12.96574876,244.9368663,0.152070068,
1008,1,1101.759033,12.85892576,255.3914235,0.160762309,
1008,1,500.9870911,9.641784229,292.5190357,0.165789411,
1008,1,299.5536194,8.175442776,309.7291822,0.169759484,
1008,1,149.1912079,2.937019325,359.8670781,0.165124846,
1008,1,50.79332352,0.413578363,385.3456052,0.15405348,
1008,1,50.79332352,0.413578363,385.3456052,0.15405348,
1008,2,1798.131836,3.051324063,328.4256608,0.079080063,x
1008,2,1101.953735,5.110578645,282.8114504,0.075444403,
1008,2,500.7303467,6.216224471,263.8966178,0.077627191,x
1008,2,301.0286255,3.614926199,318.7542834,0.078614292,
1008,2,148.6509247,3.197973441,321.7694301,0.072128183,
1008,2,50.70487976,1.697646006,356.2730349,0.073381398,
1008,2,50.70487976,1.697646006,356.2730349,0.073381398,
1009,1,1800.88562,24.14114466,259.7009977,0.310491978,
1009,1,1099.294556,22.02779048,279.3775504,0.330182934,
1009,1,502.2691345,16.44485435,313.6948945,0.349813882,
1009,1,298.2909851,11.66194029,336.8967496,0.346716574,
1009,1,147.5359955,6.819018729,359.5833372,0.327571918,
1009,1,50.3932457,1.476901732,386.8826747,0.306161365,
1009,1,50.3932457,1.476901732,386.8826747,0.306161365,
1009,2,1800.393066,18.8901008,212.484025,0.17700948,
1009,2,1101.365234,18.2497254,224.1763271,0.181244957,
1009,2,499.6256714,13.17509157,265.4937844,0.172167938,
1009,2,299.6896667,9.620141071,288.5822323,0.152576243,
1009,2,151.2870026,4.240272214,332.7956064,0.116180048,
1009,2,51.4288559,0.867462727,375.0358439,0.080797916,
1009,2,51.4288559,0.867462727,375.0358439,0.080797916,
1009,3,1800.27832,23.19661936,224.1554992,0.236873669,
1009,3,1099.243042,21.5424395,240.9524614,0.242712141,
1009,3,499.9541016,17.42947621,266.0123412,0.233557049,
1009,3,301.5776062,12.81774144,292.5059294,0.216621817,
1009,3,148.1871643,6.848169396,331.9549908,0.192369438,
1009,3,48.22871399,0.756653161,383.2288497,0.166769804,
1009,3,48.22871399,0.756653161,383.2288497,0.166769804,
1010,1,1799.486206,20.90289886,63.9598948,0.104115283,
1010,1,1101.727173,19.0262182,71.30714549,0.096305157,
1010,1,498.5273438,15.46402007,78.5138836,0.079518227,
1010,1,300.864563,10.77463783,115.8213403,0.062572755,
1010,1,151.1764069,7.709931667,52.81218246,0.036209311,
1010,1,49.84389114,2.46147602,78.67244332,0.012435893,
1010,1,49.84389114,2.46147602,78.67244332,0.012435893,
1010,2,1799.00415,18.64301988,194.4830666,0.155782106,
1010,2,1100.384766,17.5776402,208.0009858,0.156792773,
1010,2,500.0602112,13.57102398,247.133318,0.153156911,
1010,2,300.3245239,11.29583279,264.0888183,0.143206542,
1010,2,149.1769867,7.05155046,304.9932715,0.129844422,
1010,2,51.34712601,2.973074833,349.5445206,0.109498555,
1010,2,51.34712601,2.973074833,349.5445206,0.109498555,
1010,3,1799.276855,12.60548932,266.7713118,0.167308111,
1010,3,1098.503906,11.23803122,284.0991628,0.172342285,
1010,3,499.4898682,6.918357331,322.6927323,0.164161781,
1010,3,300.1608887,4.87789818,338.9199371,0.149076457,
1010,3,148.2564087,2.12462337,367.3520469,0.135940624,
1010,3,50.5026207,0.64601501,383.7876521,0.1122017,
1010,3,50.5026207,0.64601501,383.7876521,0.1122017,
1011,1,1801.69104,8.758924478,257.8398586,0.112621051,x
1011,1,1098.995239,9.773520755,262.8413405,0.128930182,
1011,1,498.5366211,9.226102162,283.6142133,0.144313351,
1011,1,302.164978,8.120179726,299.6506283,0.148815393,
1011,1,148.7060699,4.749059326,337.5440902,0.149411774,
1011,1,51.93373871,0.91558271,379.2654104,0.134688594,
1011,1,51.93373871,0.91558271,379.2654104,0.134688594,
1011,2,1799.772095,17.16354632,256.6004139,0.219085162,
1011,2,1101.092773,16.77187212,271.1009993,0.2374462,
1011,2,497.2745667,12.15892797,311.3287653,0.256062112,
1011,2,298.1053772,7.480353163,343.7684224,0.261643396,
1011,2,151.6568604,3.740726695,369.2111379,0.263410936,
1011,2,47.19743347,-1.801260243,405.7657766,0.259315533,
1011,2,47.19743347,-1.801260243,405.7657766,0.259315533,
1012,1,1802.18457,0.655990814,27.86869578,0.002876047,
1012,1,1099.923584,0.62586916,-183.8319581,0.001723439,
1012,1,502.1982727,0.466804486,4001.981538,-0.000204893,
1012,1,298.6748657,0.183061151,499.5697149,-0.002726178,
1012,1,147.4288177,-0.079057386,1041.26398,0.000193735,
1012,1,50.54462814,-0.799463931,988.5198209,0.002137287,
1012,1,50.54462814,-0.799463931,988.5198209,0.002137287,
1012,2,1799.796509,21.77567354,231.4395967,0.233785673,
1012,2,1098.690063,20.40639352,249.7563822,0.246465802,
1012,2,499.5785522,15.20160207,290.4834399,0.255065544,
1012,2,301.337616,12.24615421,305.7382643,0.239159112,
1012,2,151.7082825,5.56878426,354.8587545,0.247391691,
1012,2,51.58774948,2.258867038,378.2835721,0.242205942,
1012,2,51.58774948,2.258867038,378.2835721,0.242205942,
1013,1,1798.638794,35.5473228,325.4069341,0.98970976,
1013,1,1101.372559,31.46670449,325.3283358,0.847744635,
1013,1,498.4519348,22.7337974,337.30902,0.715484468,
1013,1,301.2033081,16.35210872,348.4633444,0.621219682,
1013,1,150.246048,9.081769273,366.3857052,0.541183134,
1013,1,50.60974503,2.021148754,388.0878187,0.44452743,
1013,1,50.60974503,2.021148754,388.0878187,0.44452743,
1013,2,1800.66394,30.95834381,267.9856149,0.442031738,
1013,2,1100.529907,28.04907541,285.1144209,0.462143698,
1013,2,500.9273071,20.10053482,318.3011274,0.473803795,
1013,2,300.8571167,14.55431688,336.1513829,0.449737781,
1013,2,148.5573273,9.197578995,357.1983707,0.442737184,
1013,2,50.59958267,3.405886112,379.3501752,0.41120723,
1013,2,50.59958267,3.405886112,379.3501752,0.41120723,
1013,3,1800.611328,22.47369163,225.5241089,0.233720096,
1013,3,1098.713501,20.12972002,252.2971146,0.249003402,
1013,3,498.3142395,14.88001876,292.2493636,0.256045696,
1013,3,299.1402283,10.60714196,319.3571086,0.249537513,
1013,3,150.9465027,5.451496151,353.4722572,0.24002013,
1013,3,51.29985046,2.290686975,374.803101,0.220622757,
1013,3,51.29985046,2.290686975,374.803101,0.220622757,
1014,1,1800.20752,17.49798802,227.9399659,0.177201674,
1014,1,1101.381592,15.52004801,246.6642811,0.176674822,
1014,1,500.6290588,13.64672779,255.0855964,0.163714889,
1014,1,300.7981873,9.177561356,284.8201256,0.139915147,
1014,1,148.5407715,4.675538535,321.6729781,0.107904769,
1014,1,50.65224457,3.290591166,323.5199456,0.077033394,
1014,1,50.65224457,3.290591166,323.5199456,0.077033394,
1014,2,1800.275391,17.12630557,238.234272,0.190575439,
1014,2,1102.698608,15.84000746,260.2298249,0.205317199,
1014,2,497.3180542,11.42259096,297.9408675,0.207671496,
1014,2,299.9257813,7.249930836,327.1829758,0.19262538,
1014,2,148.1649933,2.936190038,360.8471907,0.168995065,
1014,2,50.72341919,-1.624995743,409.8336914,0.127923272,
1014,2,50.72341919,-1.624995743,409.8336914,0.127923272,
1014,3,1799.726196,21.01396806,248.1404726,0.248677657,
1014,3,1099.895142,19.55273175,269.4684969,0.269194244,
1014,3,500.9942017,15.86987203,293.653379,0.268817514,
1014,3,300.2384644,11.15023002,325.4673827,0.274371863,
1014,3,150.2236023,6.052293142,355.6332509,0.261369923,
1014,3,48.45471573,2.331836152,378.1452161,0.229936664,
1014,3,48.45471573,2.331836152,378.1452161,0.229936664,
1015,1,1798.492554,26.58868902,204.5252664,0.23900823,
1015,1,1101.775513,23.52984254,239.1516367,0.25981942,
1015,1,501.3531799,20.75539891,266.4979643,0.276898153,
1015,1,300.6177368,12.88804225,312.8969582,0.269690562,
1015,1,151.6580505,7.637330661,343.1731628,0.252783939,
1015,1,48.19401169,1.848314044,380.73389,0.225511545,
1015,1,48.19401169,1.848314044,380.73389,0.225511545,
1015,2,1800.333252,29.95539127,252.9120922,0.371197614,
1015,2,1102.013428,26.61279007,277.6560793,0.400602031,
1015,2,498.2737732,18.79841576,316.5538635,0.422980133,
1015,2,299.1738281,12.47733736,344.298559,0.433152089,
1015,2,148.3664551,5.417871783,372.7435879,0.421042845,
1015,2,50.73063278,-0.547479689,397.6942,0.401207896,
1015,2,50.73063278,-0.547479689,397.6942,0.401207896,
1015,3,1798.451782,37.02241936,252.9144746,0.471705743,
1015,3,1101.040405,34.08980543,271.9729375,0.501236569,
1015,3,501.2884827,25.28992784,304.8212344,0.506298107,
1015,3,301.5882874,17.69892962,330.6997188,0.498101827,
1015,3,148.5811768,9.574015957,358.1501111,0.47025276,
1015,3,52.15081406,1.040233171,389.1655526,0.431968403,
1015,3,52.15081406,1.040233171,389.1655526,0.431968403,
1016,1,1799.062744,15.61902237,275.9415532,0.221478527,
1016,1,1799.027466,15.81888277,272.2874776,0.217066143,
1016,1,1099.463623,16.45858877,259.040701,0.202720348,
1016,1,498.0336304,14.75888596,262.4075086,0.185390514,
1016,1,301.7278748,12.29076069,272.0306751,0.165746301,
1016,1,150.8395081,8.699760656,290.9323834,0.13786017,
1016,1,48.66798019,2.864011097,350.1172952,0.105246014,
1016,2,1800.277832,26.57373856,261.8444077,0.356117258,
1016,2,1099.108765,22.07552627,287.8683484,0.36750847,
1016,2,498.0260925,18.09304119,308.0066894,0.367614209,
1016,2,300.4611511,13.65819054,327.127549,0.35386315,
1016,2,151.3329468,7.281538743,359.2432967,0.357684681,
1016,2,51.46899414,2.953505858,380.4827265,0.355453777,
1016,2,51.46899414,2.953505858,380.4827265,0.355453777,
1017,1,1799.233154,23.68481499,184.1855861,0.194093001,
1017,1,1099.76416,22.15361888,207.5276427,0.203636032,
1017,1,501.76297,16.8276573,252.0185601,0.202246593,
1017,1,298.4700317,12.50164616,280.4349303,0.185818764,
1017,1,148.2558441,7.003309954,322.7199428,0.16304563,
1017,1,50.56847,1.882651898,370.9432399,0.129258113,
1017,1,50.56847,1.882651898,370.9432399,0.129258113,
1017,2,1798.87085,18.79210166,223.0662825,0.189875386,
1017,2,1099.420044,17.66995129,236.6171441,0.192963292,
1017,2,499.3624878,14.77495539,259.9543933,0.188258335,
1017,2,301.4452209,12.05908847,280.1158306,0.179964218,
1017,2,151.8716278,6.655361849,323.2775277,0.160072934,
1017,2,48.25561905,2.479876865,363.8013668,0.14119954,
1017,2,48.25561905,2.479876865,363.8013668,0.14119954,
1017,3,1801.259155,14.93658837,208.9568858,0.193160114,
1017,3,1100.876343,13.68673636,224.0695049,0.208608626,
1017,3,498.9751892,9.90473937,256.1465342,0.225964845,
1017,3,300.8164978,8.049066836,264.5442815,0.223855012,
1017,3,150.2053223,4.783067484,283.4780405,0.217695208,
1017,3,49.33862686,-0.287367564,318.0185923,0.202465258,
1017,3,49.33862686,-0.287367564,318.0185923,0.202465258,
1018,1,1801.502441,30.82735052,246.9974804,0.375619589,
1018,1,1102.569702,28.88031033,262.8770965,0.395174848,
1018,1,500.0235291,20.44333591,302.4242488,0.405272943,
1018,1,301.6183777,14.25202526,327.0945205,0.392041577,
1018,1,150.085556,7.307064567,356.2812513,0.374249442,
1018,1,51.01174927,0.937590898,385.0032817,0.344184568,
1018,1,51.01174927,0.937590898,385.0032817,0.344184568,
1018,2,1800.700806,35.23335568,185.6756151,0.290573736,
1018,2,1099.701294,31.32747868,225.0147585,0.318613903,
1018,2,501.4612122,21.23542502,283.1373414,0.327647362,
1018,2,299.6766357,16.05229711,308.195564,0.316534685,
1018,2,150.3752899,9.190959529,345.057398,0.311154699,
1018,2,49.13658524,2.759739762,380.0706873,0.303070749,
1018,2,49.13658524,2.759739762,380.0706873,0.303070749,
1018,3,1798.838379,20.67945321,279.4142808,0.314419588,
1018,3,1101.140991,17.8358513,294.1615578,0.309967717,
1018,3,501.6303101,15.49092176,311.8502888,0.323474495,
1018,3,300.8173828,10.50120219,337.9171662,0.321483578,
1018,3,151.0140381,5.638521672,363.8874867,0.319099092,
1018,3,49.14696121,-0.074530025,394.5575495,0.294833535,
1018,3,49.14696121,-0.074530025,394.5575495,0.294833535,
1019,1,1800.361206,23.76978938,202.8784925,0.217587199,
1019,1,1098.399658,21.30168119,233.5088724,0.23394209,
1019,1,499.4301453,16.77790619,273.4600194,0.245893126,
1019,1,299.5522461,13.28633544,297.6109604,0.242979327,
1019,1,152.2055359,7.116043324,338.9823253,0.230947369,
1019,1,47.31053162,1.570812301,379.4386589,0.215192537,
1019,1,47.31053162,1.570812301,379.4386589,0.215192537,
1019,2,1801.862305,14.59884499,229.2344736,0.152203708,
1019,2,1097.235229,13.85137675,246.503488,0.160454781,
1019,2,501.159668,11.94030995,269.2374187,0.162563126,
1019,2,302.1530457,9.494467373,286.7852024,0.149731106,
1019,2,149.3483276,6.054281957,314.9348011,0.129420788,
1019,2,50.82596207,2.27368774,355.3270394,0.100244248,
1019,2,50.82596207,2.27368774,355.3270394,0.100244248,
1020,1,1799.347168,18.8037579,215.9956135,0.180632284,
1020,1,1099.343506,18.55724095,221.9985522,0.182801969,
1020,1,501.9191895,16.40800586,234.1124077,0.172142395,
1020,1,301.6464233,12.54497546,263.9892748,0.161195961,
1020,1,148.9857483,6.9253649,318.7079405,0.153686196,
1020,1,50.92063904,3.137655632,355.1542392,0.134247212,
1020,1,50.92063904,3.137655632,355.1542392,0.134247212,
1020,2,1798.572388,29.02237635,241.4250489,0.33041707,
1020,2,1100.857788,25.80687023,263.2513735,0.34176437,
1020,2,500.7563782,21.49309116,280.2117925,0.322722979,
1020,2,300.9732666,14.27309051,304.6106195,0.271595921,
1020,2,148.6616821,6.946841348,339.0805204,0.213248783,
1020,2,50.79475403,2.241579275,364.9105886,0.129738318,
1020,2,50.79475403,2.241579275,364.9105886,0.129738318,
1020,3,1799.124756,15.77520374,78.68079274,0.082136248,
1020,3,1102.578369,15.27323993,102.6030004,0.085838255,
1020,3,500.7969666,12.41343921,154.4512964,0.084543023,
1020,3,302.0108643,10.74411062,169.4318826,0.077746266,
1020,3,151.8612518,6.092381951,225.7009866,0.058524121,
1020,3,50.05646133,2.807270648,267.3835964,0.035522891,
1020,3,50.05646133,2.807270648,267.3835964,0.035522891,
1021,1,1800.524536,23.9778709,195.1466774,0.206735715,
1021,1,1102.273438,21.87204962,221.732446,0.217679419,
1021,1,498.2258911,17.12848307,261.2501219,0.220876961,
1021,1,300.5233154,12.59567842,290.723738,0.208057838,
1021,1,150.8007965,7.423756323,327.5016574,0.189987891,
1021,1,49.60425949,1.388529808,378.5150558,0.161671341,
1021,1,49.60425949,1.388529808,378.5150558,0.161671341,
1021,2,1799.990601,25.71766805,196.2077656,0.225150598,
1021,2,1099.242798,21.02146505,235.0301467,0.228956873,
1021,2,499.0689697,16.84024056,263.3833964,0.221813334,
1021,2,301.0259094,12.02263952,296.3215125,0.211188607,
1021,2,151.3381348,7.711932067,328.2216342,0.196972088,
1021,2,49.7972908,1.469728588,380.1388984,0.183802721,
1021,2,49.7972908,1.469728588,380.1388984,0.183802721,
1021,3,1799.55957,26.86346365,187.3817891,0.227185247,
1021,3,1101.825073,25.79706129,210.2979252,0.244787948,
1021,3,502.3355103,19.6976047,259.0277336,0.255475724,
1021,3,301.5812073,14.47247313,292.1044303,0.249205566,
1021,3,148.3208466,6.886094294,340.4266291,0.230002022,
1021,3,51.90047073,1.554819923,378.8484046,0.205503881,
1021,3,51.90047073,1.554819923,378.8484046,0.205503881,
1022,1,1798.767456,16.81461503,187.7862842,0.135399537,
1022,1,1100.330688,13.49395908,223.7740846,0.131575259,
1022,1,501.9949341,10.52939383,248.9059099,0.119344289,
1022,1,300.1118774,7.890560093,279.1892845,0.112892375,
1022,1,150.6280518,3.885317571,329.3216069,0.099362503,x
1022,1,49.50227356,3.581648189,325.172068,0.084577137,
1022,1,49.50227356,3.581648189,325.172068,0.084577137,
1022,2,1801.338013,20.19092824,231.0089413,0.212693343,
1022,2,1099.100342,17.64206577,260.6014036,0.226152119,
1022,2,501.0922546,13.37301609,298.4853484,0.237957319,
1022,2,298.5391235,9.818746619,327.3641115,0.249908843,
1022,2,151.0805054,5.850456712,353.1317851,0.238901604,
1022,2,51.46679306,2.225592834,379.4795726,0.243149819,
1022,2,51.46679306,2.225592834,379.4795726,0.243149819,
1022,3,1799.072754,12.39547322,240.0081802,0.138873462,
1022,3,1099.939819,12.72724956,246.0572667,0.14692925,
1022,3,499.3334656,9.807229326,285.6973639,0.154920046,
1022,3,299.7686462,7.97512168,303.8431621,0.151460851,
1022,3,148.1847687,5.23498304,333.8093434,0.150534177,
1022,3,52.13724899,0.762807975,382.1813734,0.140284922,
1022,3,52.13724899,0.762807975,382.1813734,0.140284922,
1023,1,1799.189697,15.62731908,207.0645356,0.140406675,
1023,1,1101.108643,12.45598231,250.1743722,0.145476456,x
1023,1,500.6211853,12.72378107,251.764222,0.148419773,
1023,1,298.0617676,8.982711175,289.0413707,0.142036532,
1023,1,150.8390961,5.909510704,319.5051683,0.130760561,
1023,1,50.06385803,1.723878474,367.924187,0.109019636,
1023,1,50.06385803,1.723878474,367.924187,0.109019636,
1023,2,1801.696533,15.34059113,252.1074192,0.18346202,
1023,2,1101.150146,14.23851882,267.5383428,0.189599056,
1023,2,500.545929,12.65921863,288.2539096,0.20010007,
1023,2,299.4720764,10.0113389,311.9426457,0.203122165,
1023,2,150.046463,6.240288742,339.9028147,0.190311965,
1023,2,51.4834938,3.079653263,367.819327,0.1870016,
1023,2,51.4834938,3.079653263,367.819327,0.1870016,
1023,3,1803.028931,8.713506499,286.3583754,0.138176125,
1023,3,1102.613403,8.49321707,300.1493777,0.153069759,
1023,3,497.6574707,6.282130467,328.4794289,0.161158069,
1023,3,298.5094604,5.444720446,338.6914531,0.164513221,
1023,3,152.188797,1.592717372,377.1895839,0.165063733,
1023,3,47.22754669,-1.98510301,413.7655113,0.160805064,
1023,3,47.22754669,-1.98510301,413.7655113,0.160805064,
1024,1,1801.921753,24.64122996,206.642625,0.228042293,
1024,1,1102.430176,23.57096959,221.7552581,0.236146007,
1024,1,499.8632507,16.41080846,274.1865643,0.236070462,
1024,1,296.8267517,12.62398321,300.004527,0.230862932,
1024,1,153.0898438,6.737600543,340.5164472,0.219214321,
1024,1,50.44039536,2.159281888,375.9807925,0.204496922,
1024,1,50.44039536,2.159281888,375.9807925,0.204496922,
1024,3,1799.607788,21.85103118,247.2172309,0.262265579,
1024,3,1099.708496,19.61069076,275.8293778,0.292209234,
1024,3,499.8493347,14.91672613,303.3174261,0.287529168,
1024,3,298.9813538,11.38836783,326.3239263,0.292110197,
1024,3,149.7519379,5.530384299,360.8044815,0.289091503,
1024,3,51.2028923,1.193489756,387.3888485,0.281008558,
1024,3,51.2028923,1.193489756,387.3888485,0.281008558,
1025,1,1801.143433,2.680828519,270.8994195,0.037921469,x
1025,1,1098.537964,2.918157386,275.9879691,0.042369124,x
1025,1,500.6874695,3.270375396,271.3171972,0.044843448,x
1025,1,299.6521301,3.096859436,288.4976131,0.049539144,x
1025,1,149.3179169,3.118210105,299.6549139,0.055850067,x
1025,1,50.81232071,0.501616799,375.7674144,0.060721544,x
1025,1,50.81232071,0.501616799,375.7674144,0.060721544,x
1025,2,1800.310547,5.697977458,249.6784831,0.066609591,
1025,2,1102.158203,5.828138117,263.8319437,0.074782719,
1025,2,498.901825,5.100552555,289.2207862,0.081137952,
1025,2,299.6888123,6.745520672,265.526344,0.086495453,x
1025,2,151.8424225,5.529998695,296.3927742,0.093740706,x
1025,2,50.55479813,2.089639033,358.7625153,0.101430933,
1025,2,50.55479813,2.089639033,358.7625153,0.101430933,
1026,1,1801.01123,22.0131317,257.5415088,0.278885403,
1026,1,1101.243652,20.42821244,280.6486384,0.311130435,
1026,1,501.8773193,14.84172928,318.6719252,0.336693855,
1026,1,299.6766968,12.84264272,327.8755685,0.327225907,
1026,1,148.7795563,8.332136652,353.1043967,0.3306674,
1026,1,49.8826561,1.88014992,386.4440884,0.321584605,
1026,1,49.8826561,1.88014992,386.4440884,0.321584605,
1026,2,1800.204346,35.21438394,242.4120104,0.423332673,
1026,2,1101.275513,31.09785377,267.0362903,0.447101913,
1026,2,500.7539063,24.53740645,296.6933951,0.456385066,
1026,2,298.4367676,17.38500221,323.9950109,0.448678153,
1026,2,148.4962463,10.07450391,354.2500007,0.442341933,
1026,2,48.41704941,2.833607492,382.7738716,0.422473416,
1026,2,48.41704941,2.833607492,382.7738716,0.422473416,
1026,3,1800.282837,19.83073594,238.1888559,0.219177864,
1026,3,1099.740234,17.33491536,261.4469531,0.224710608,
1026,3,501.1805725,13.94400466,287.7233627,0.223254105,
1026,3,299.6804504,9.180035457,323.8678049,0.223993909,
1026,3,150.7224579,5.377254138,352.3868147,0.220996545,
1026,3,51.21868896,0.785736371,387.2790657,0.215686889,
1026,3,51.21868896,0.785736371,387.2790657,0.215686889,
1027,1,1799.832153,20.20527232,221.0437802,0.201968115,
1027,1,1101.823608,17.91070648,249.2819328,0.214219822,
1027,1,499.9549255,13.3034922,285.7453508,0.212277329,
1027,1,301.4013367,9.2471453,313.6869336,0.19942758,
1027,1,149.8895264,4.986495705,341.9406811,0.168412477,
1027,1,50.81878662,0.439001907,384.8909083,0.123099245,
1027,1,50.81878662,0.439001907,384.8909083,0.123099245,
1027,2,1800.151733,23.11921614,322.6435516,0.583777047,
1027,2,1098.126831,19.96294042,324.5947862,0.507844717,
1027,2,499.7135315,15.10384467,335.6107369,0.445475157,
1027,2,298.2122192,9.452889756,355.0184657,0.407631246,
1027,2,151.8808746,6.294092501,367.2578949,0.37981489,
1027,2,49.21813202,1.880018858,386.9486552,0.345682027,
1027,2,49.21813202,1.880018858,386.9486552,0.345682027,
1027,3,1799.511108,27.33545512,273.1213368,0.411556841,
1027,3,1100.236938,25.29246079,284.4615058,0.416877302,
1027,3,498.3744507,18.06008985,313.738288,0.406230454,
1027,3,300.3424988,12.11607719,337.0119419,0.387413336,
1027,3,151.2700195,5.930719312,363.0816405,0.359924648,
1027,3,51.5327034,0.539705841,388.9654704,0.325156106,
1027,3,51.5327034,0.539705841,388.9654704,0.325156106,
1028,1,1799.991089,5.885525787,85.76600993,0.030985965,
1028,1,1098.756714,6.044906077,57.86915976,0.028983214,
1028,1,500.6409912,5.657722684,72.61215373,0.028261083,
1028,1,299.119873,5.731557799,-18.41017125,0.022214386,
1028,1,149.9436493,4.292049293,-230.993613,0.010936716,
1028,1,48.97499084,1.964140896,1142.652976,-0.004161757,
1028,1,48.97499084,1.964140896,1142.652976,-0.004161757,
1028,2,1798.79248,1.053011198,305.9524043,0.021510584,x
1028,2,1097.883789,-0.002262579,385.0624972,0.023010252,x
1028,2,500.4997559,-0.364145228,409.2431233,0.025589798,x
1028,2,297.040863,-0.364937434,410.0430398,0.0255529,x
1028,2,152.3952179,0.165833371,377.1615495,0.024212493,x
1028,2,49.51280975,-0.3894983,413.0943791,0.024888974,x
1028,2,49.51280975,-0.3894983,413.0943791,0.024888974,x
1028,3,1800.815308,22.95233377,225.9766057,0.237417432,
1028,3,1099.50647,21.7069716,237.705279,0.239772149,
1028,3,500.3317566,16.21204589,270.9081538,0.226861322,
1028,3,300.2279358,13.15631726,279.4867968,0.195775971,
1028,3,150.8443298,6.899699209,320.3940588,0.160756712,
1028,3,51.13379669,0.177125362,388.6206738,0.111672583,
1028,3,51.13379669,0.177125362,388.6206738,0.111672583,
1029,1,1798.031128,24.22898677,268.7705473,0.355581378,
1029,1,1099.056885,21.64258297,291.9529612,0.390303931,
1029,1,500.8416138,15.98005367,321.9348384,0.407812706,
1029,1,299.492157,11.36265365,339.561094,0.381396415,
1029,1,149.5662994,5.565089192,364.811975,0.349127105,
1029,1,48.97418594,0.645245789,389.0245874,0.276024003,
1029,1,48.97418594,0.645245789,389.0245874,0.276024003,
1029,3,1801.367554,19.95952477,255.1296957,0.259394699,
1029,3,1100.05957,18.81464531,274.6459789,0.282120194,
1029,3,501.5574036,13.84400219,310.7229026,0.297234847,
1029,3,299.6039429,9.800370069,333.3102584,0.29126389,
1029,3,149.471344,5.488547995,358.4638503,0.279019297,
1029,3,48.93825912,0.485145148,389.0000259,0.24904632,
1029,3,48.93825912,0.485145148,389.0000259,0.24904632,
1030,2,1799.547607,27.67912731,231.8343476,0.305776536,
1030,2,1101.262207,25.22156688,255.7709397,0.32653217,
1030,2,501.3318787,19.29256277,294.596753,0.346915107,
1030,2,300.7340088,14.09979165,322.6846458,0.35247353,
1030,2,151.4508667,8.247392607,352.4100171,0.350711126,
1030,2,51.26050186,2.524169337,380.5813977,0.331421888,
1030,2,51.26050186,2.524169337,380.5813977,0.331421888,
1030,3,1802.720703,8.964820394,140.2565236,0.058259194,
1030,3,1099.874512,10.1072458,139.2778152,0.065005903,
1030,3,499.8415222,9.131758159,184.5351203,0.071259859,
1030,3,300.0982666,7.75393805,223.9778897,0.074767801,
1030,3,152.6860046,5.333687239,267.0950641,0.068735371,
1030,3,47.56581879,1.293491837,353.7127241,0.053266186,
1030,3,47.56581879,1.293491837,353.7127241,0.053266186,
1031,1,1802.229614,13.18232326,162.453646,0.094582897,x
1031,1,1799.8927,21.30560392,193.2669684,0.181910269,
1031,1,1099.237671,12.34465132,174.2424542,0.092607188,x
1031,1,1098.835327,21.29170286,203.5610014,0.190788243,
1031,1,501.5233154,7.626946977,235.2252823,0.078993538,x
1031,1,501.0718994,17.64239431,240.0138318,0.193776522,
1031,1,299.6088257,12.95548669,278.4153576,0.190416689,
1031,1,298.5145874,7.625486843,201.3379833,0.064249323,x
1031,1,150.8789825,4.465771003,236.7909647,0.045910044,x
1031,1,149.8257599,7.062208287,331.5576788,0.19146991,
1031,1,51.55865097,1.102015944,301.7360998,0.019321881,x
1031,1,51.55865097,1.102015944,301.7360998,0.019321881,x
1031,1,49.12158585,1.82312885,377.8183566,0.186696056,
1031,1,49.12158585,1.82312885,377.8183566,0.186696056,
1031,3,1799.86145,21.67921702,219.6893781,0.21469023,
1031,3,1099.936401,19.80646861,232.8016377,0.210616522,
1031,3,501.6509094,16.52079219,250.8834066,0.195750752,
1031,3,298.6859741,9.140375778,299.6715296,0.165515134,
1031,3,150.7238464,5.037394802,329.7569871,0.133162032,
1031,3,51.39303589,0.97357606,373.4587938,0.085817491,
1031,3,51.39303589,0.97357606,373.4587938,0.085817491,
1032,1,1800.495117,20.58037119,250.9526184,0.241449933,
1032,1,1101.199463,19.21703151,259.2146126,0.237343515,
1032,1,501.8873291,14.98627265,288.7759872,0.234957181,
1032,1,299.5973511,11.47928174,308.2303929,0.218659494,
1032,1,148.3973999,7.204767254,331.7967376,0.186139242,
1032,1,49.50811768,2.934011704,364.7857145,0.154404791,
1032,1,49.50811768,2.934011704,364.7857145,0.154404791,
1032,2,1800.628052,31.32965754,257.9177094,0.404734586,
1032,2,1098.441772,26.34807055,279.6669914,0.405366033,
1032,2,500.01297,20.55461709,303.7391192,0.396412864,
1032,2,301.706543,14.87928587,327.2003425,0.385168374,
1032,2,148.3756104,7.355485493,359.9610191,0.372514912,
1032,2,48.4589653,1.369736965,387.3365476,0.35635443,
1032,2,48.4589653,1.369736965,387.3365476,0.35635443,
1032,3,1799.143677,18.87999145,201.4595578,0.164717477,
1032,3,1098.344727,18.12833002,211.5599197,0.165897927,
1032,3,499.9130859,14.38189614,242.0028017,0.157207027,
1032,3,301.8906555,8.797257081,295.8653204,0.149663668,
1032,3,148.6483459,5.628950349,324.7422646,0.135353653,
1032,3,48.72926712,2.09813738,358.877856,0.099951227,
1032,3,48.72926712,2.09813738,358.877856,0.099951227,
1034,1,1801.390625,20.61740968,213.0681903,0.199275872,x
1034,1,1801.034668,10.32109044,202.2354565,0.091479153,x
1034,1,1801.027466,19.46826574,203.9404979,0.177781002,x
1034,1,1800.995117,19.6531147,208.3492373,0.18428508,x
1034,1,1800.943359,19.20272665,218.0395471,0.190786216,x
1034,1,1800.932251,18.62042036,213.7653831,0.18011272,x
1034,1,1800.915527,19.8459328,216.5573057,0.195647834,x
1034,1,1800.903931,19.51132688,219.7811256,0.196350384,x
1034,1,1800.849121,19.69842429,205.7152628,0.181963655,x
1034,1,1800.81897,11.19485417,189.8149188,0.092712669,x
1034,1,1800.507813,10.77608218,195.4572353,0.092006725,x
1034,1,1800.237427,11.00480137,195.4155675,0.093962876,x
1034,1,1800.201294,10.78171658,207.8716686,0.098741751,x
1034,1,1800.182739,11.54700699,188.1304974,0.094921534,x
1034,1,1800.108765,11.53687492,202.5927637,0.102684017,x
1034,1,1800.075684,11.27825786,195.4310896,0.096325874,x
1034,1,1799.917847,12.61633995,193.5288692,0.107204737,x
1034,1,1799.797607,11.89179338,200.0835596,0.104445352,x
1034,1,1799.537598,13.40009198,186.379272,0.109687815,x
1034,1,1799.482788,15.08629427,183.0566196,0.121655489,x
1034,1,1799.352539,12.53900488,204.9377304,0.11345362,x
1034,1,1799.34668,13.94585117,192.3772133,0.117822406,x
1034,1,1799.261353,14.73626124,192.6297463,0.125008586,x
1034,1,1799.224609,14.01688581,205.858261,0.12795523,x
1034,1,1798.985596,15.83441219,188.2299526,0.131629716,x
1034,1,1798.927612,16.8113023,186.0660558,0.138269287,x
1034,1,1798.727295,15.54491562,196.2334877,0.1347781,x
1034,1,1798.723267,17.21723989,199.7469946,0.152595038,x
1034,1,1798.646484,16.29086421,200.4267687,0.144899062,x
1034,1,1798.62207,16.84232949,200.1454953,0.149538625,x
1034,1,1798.568604,16.13408803,196.181233,0.139853357,x
1034,1,1798.525024,15.4129941,209.1134764,0.143797661,x
1034,1,1798.507935,17.17690371,202.6848909,0.154867694,x
1034,1,1798.449219,18.20022025,193.5515003,0.156118762,x
1034,1,1798.329346,17.09204675,206.4962871,0.157678717,x
1034,1,1798.175537,17.84071129,206.6784495,0.165132857,x
1034,1,1798.145386,17.64319376,206.5503617,0.162918121,x
1034,1,1798.090332,18.63026039,205.3612662,0.171305234,x
1034,1,1798.038818,10.68349298,199.4681846,0.093292949,x
1034,1,1798.035522,18.98820131,198.1465446,0.167630205,x
1034,1,1798.0177,18.21417776,212.2470037,0.174303478,x
1034,1,1797.963013,18.75004973,207.2153536,0.174435447,
1034,1,1101.793579,18.85117459,238.3127785,0.211807718,
1034,1,499.0427246,14.55372171,277.1897493,0.218553335,
1034,1,300.5457153,11.10711883,302.269858,0.213140576,
1034,1,150.0021515,5.806272057,342.5629713,0.202827474,
1034,1,51.93865204,1.00726826,382.481977,0.191149619,
1034,1,51.93865204,1.00726826,382.481977,0.191149619,
1034,2,1798.63855,16.9580302,233.9500813,0.181833639,
1034,2,1098.995728,15.21142011,249.540232,0.18029362,
1034,2,501.6604004,12.86179841,264.6377079,0.169330629,
1034,2,300.0470886,7.60637591,309.9065839,0.157912633,
1034,2,151.0817108,2.430978961,359.3954705,0.132180426,
1034,2,51.23609924,0.911650994,376.0924444,0.107054624,
1034,2,51.23609924,0.911650994,376.0924444,0.107054624,
1034,3,1798.72998,24.74398445,248.8910367,0.302245109,
1034,3,1099.130005,22.64470938,273.1963862,0.332228286,
1034,3,498.5774841,16.61794355,312.5870428,0.361345849,
1034,3,302.2615051,12.17326241,336.3087681,0.373710138,
1034,3,148.7471771,5.625799835,367.3547268,0.370807334,
1034,3,48.77946091,0.677999587,391.0657868,0.370744839,
1034,3,48.77946091,0.677999587,391.0657868,0.370744839,
1035,2,1798.051025,31.97717883,270.9543612,0.48252018,
1035,2,1099.189575,29.0263405,287.0130588,0.503262918,
1035,2,499.9794922,21.56776331,316.1489174,0.507433404,
1035,2,300.4533386,15.96492524,336.1732537,0.500931182,
1035,2,148.3031769,9.018271484,361.6211174,0.494132817,
1035,2,50.65664291,3.442524849,382.3060387,0.481521994,
1035,2,50.65664291,3.442524849,382.3060387,0.481521994,
1035,3,1800.976318,33.38697712,262.6756757,0.46998459,
1035,3,1098.803711,29.44248589,279.2858123,0.472014906,
1035,3,499.8946533,23.16471706,304.681157,0.473031815,
1035,3,301.6195984,17.33395246,324.9123481,0.453943045,
1035,3,152.2584839,9.104233576,354.554206,0.418189807,
1035,3,48.09332275,2.681545583,380.8228554,0.374544525,
1035,3,48.09332275,2.681545583,380.8228554,0.374544525,
1036,1,1798.552246,10.47160433,200.5813617,0.090958851,
1036,1,1099.328857,12.16643858,190.1725373,0.099032314,
1036,1,498.6564636,9.885033583,237.3975206,0.105072214,
1036,1,300.5123291,8.097624136,265.1671899,0.104744218,
1036,1,148.7245483,5.328256975,301.6957073,0.096573424,
1036,1,50.93304443,1.904647449,353.0976548,0.080388403,
1036,1,50.93304443,1.904647449,353.0976548,0.080388403,
1036,2,1798.350952,15.65290379,185.8973325,0.125014141,
1036,2,1101.91333,14.50679563,200.7929098,0.124098089,
1036,2,499.6139832,11.9477674,223.6377624,0.114906721,
1036,2,297.9126282,8.985994618,241.5021954,0.095821492,
1036,2,151.3160248,6.035063829,273.9706333,0.081202084,
1036,2,48.83530807,2.022874315,333.3228681,0.052986367,
1036,2,48.83530807,2.022874315,333.3228681,0.052986367,
1036,3,1798.358521,14.3538928,190.7230932,0.117731594,
1036,3,1100.771362,13.91014391,196.5009979,0.116623254,
1036,3,499.0362854,11.94528324,222.6710611,0.114605046,
1036,3,301.7154541,9.853768625,235.1972617,0.10152534,
1036,3,151.0066681,5.101165638,309.650416,0.098702013,
1036,3,48.68119049,1.13039312,371.1448589,0.079562509,
1036,3,48.68119049,1.13039312,371.1448589,0.079562509,
1037,1,1801.506592,24.5440523,195.3883003,0.285035777,
1037,1,1098.155518,20.40755728,214.8171314,0.28511008,
1037,1,501.8049622,15.97757747,235.4705146,0.282097651,
1037,1,299.0710754,10.83327549,259.2139654,0.273568835,
1037,1,149.1577148,5.483134494,285.2774455,0.257692802,
1037,1,48.73540878,-0.107263832,316.6109439,0.251441546,
1037,1,48.73540878,-0.107263832,316.6109439,0.251441546,
1037,2,1800.256714,19.33346886,208.396308,0.179268447,
1037,2,1101.444092,18.11724361,231.245685,0.190618826,
1037,2,501.666748,14.33048068,268.2365122,0.194266275,
1037,2,299.4092712,10.95871688,299.2773362,0.196279856,
1037,2,148.4485168,5.660069137,345.9980544,0.197300461,
1037,2,49.53986359,1.550561595,381.3649378,0.186072325,
1037,2,49.53986359,1.550561595,381.3649378,0.186072325,
1037,3,1798.662598,10.84030404,141.9104043,0.071116835,
1037,3,1100.581299,11.78837835,145.0530822,0.077982529,
1037,3,498.5021973,10.77530836,187.1071106,0.08577576,
1037,3,300.6236572,9.231208318,215.7014218,0.085280224,
1037,3,151.504715,6.089681939,255.730886,0.072370047,
1037,3,51.43721008,0.620826779,373.240747,0.053151959,
1037,3,51.43721008,0.620826779,373.240747,0.053151959,
1038,2,1799.055908,21.80146027,215.2426093,0.208789648,
1038,2,1099.172363,21.59228217,217.2048457,0.207254438,
1038,2,499.5939026,16.94001749,251.9815044,0.201862071,
1038,2,300.2080078,14.3196441,267.7741279,0.191373186,
1038,2,148.201828,9.490289202,294.1466802,0.160103594,
1038,2,50.6281395,5.268113725,318.1974647,0.116880423,
1038,2,50.6281395,5.268113725,318.1974647,0.116880423,
1038,3,1799.604736,7.996350188,145.39001,0.05292807,
1038,3,1101.495361,8.688026337,129.9618635,0.053725053,
1038,3,498.9519348,7.59867008,162.5985134,0.053516987,
1038,3,300.9305115,6.289929862,186.6587148,0.049325781,
1038,3,151.3795929,3.140466807,265.7544117,0.040113158,
1038,3,51.52333069,1.628690189,300.7677692,0.028656968,
1038,3,51.52333069,1.628690189,300.7677692,0.028656968,
1039,1,1798.637329,24.44683925,262.9775085,0.338808853,
1039,1,1099.763428,21.4881809,283.863498,0.354074981,
1039,1,499.255188,16.85263169,309.4061799,0.359287875,
1039,1,299.6820068,10.9574661,335.2412673,0.337845046,
1039,1,151.1018066,7.191202223,352.6078523,0.310684509,
1039,1,51.23500443,1.363679915,383.8369882,0.260979519,
1039,1,51.23500443,1.363679915,383.8369882,0.260979519,
1039,2,1801.406128,12.97575214,207.7309373,0.117117281,x
1039,2,1797.998047,20.87884169,225.6185886,0.216147721,
1039,2,1099.081909,20.00829872,253.9075155,0.249291824,
1039,2,1098.386719,12.44806484,222.4865091,0.121394324,x
1039,2,501.2589111,15.57038303,295.1030324,0.275212194,
1039,2,499.835144,12.43734347,211.7684756,0.112617083,x
1039,2,301.5679932,8.083611828,266.1386285,0.104552304,x
1039,2,298.5874634,11.01873639,325.7795929,0.282575069,
1039,2,151.9041138,5.243740493,299.3134662,0.091313399,
1039,2,151.820816,6.05566594,356.8608876,0.284166804,x
1039,2,50.04584122,-0.506947358,397.0455855,0.272992058,x
1039,2,50.04584122,-0.506947358,397.0455855,0.272992058,x
1039,2,48.32344818,1.058381163,360.9994938,0.05364429,
1039,2,48.32344818,1.058381163,360.9994938,0.05364429,
1040,1,1800.766968,23.04881188,219.0249403,0.226314859,
1040,1,1098.147583,23.80822224,228.2579173,0.2456602,
1040,1,501.377594,19.63222831,258.7019864,0.247500683,
1040,1,299.9447937,14.67726803,283.7548729,0.226897414,
1040,1,150.986557,9.973927037,312.8887296,0.209078036,
1040,1,51.34427643,3.323596012,356.9520378,0.156786304,
1040,1,51.34427643,3.323596012,356.9520378,0.156786304,
1040,2,1799.368652,9.425407973,152.627664,0.064934535,
1040,2,1099.562134,9.210298086,184.3260091,0.072890739,
1040,2,501.3798218,9.520020896,185.0928782,0.074973682,
1040,2,301.0110474,8.468215766,197.3958917,0.070629723,
1040,2,148.2519989,4.754950401,261.1473481,0.059017714,
1040,2,51.72108841,1.662053647,314.6014778,0.034902389,
1040,2,51.72108841,1.662053647,314.6014778,0.034902389,
1040,3,1798.121826,11.6762279,225.6580524,0.116605844,
1040,3,1100.803101,10.53265828,253.3379852,0.125604144,
1040,3,499.7954407,9.426204829,275.4478531,0.132490095,
1040,3,301.5186768,6.715195744,308.8520116,0.131542239,
1040,3,151.3156281,5.002612987,329.1986808,0.128034328,
1040,3,49.85412979,1.255169932,377.1981403,0.122497546,
1040,3,49.85412979,1.255169932,377.1981403,0.122497546,
1041,1,1799.03064,18.35609912,216.9341611,0.177288276,
1041,1,1098.155396,17.83810039,223.4744102,0.177940248,
1041,1,501.4128418,15.1187572,253.5416562,0.182745864,
1041,1,298.2155762,12.46140644,267.7155327,0.166630682,
1041,1,148.6275787,7.31005022,308.6079694,0.144736007,
1041,1,48.5179863,2.564438946,356.0952751,0.116532348,
1041,1,48.5179863,2.564438946,356.0952751,0.116532348,
1041,2,1800.400635,3.430939778,-87.84267521,0.011466635,
1041,2,1100.362061,3.313060041,-76.34489946,0.011327324,
1041,2,501.7547607,3.272787577,-149.3381458,0.009642345,
1041,2,299.6400757,2.690858621,-172.4092546,0.007592323,
1041,2,150.3749847,2.282195204,-186.7574144,0.006273253,
1041,2,49.13632202,2.041660706,-816.7751244,0.002676832,
1041,2,49.13632202,2.041660706,-816.7751244,0.002676832,
1041,3,1801.50708,23.71525463,252.3603361,0.291908383,
1041,3,1099.254517,22.10421237,276.2127421,0.326255599,
1041,3,499.0774536,16.80019759,313.2206546,0.360583893,
1041,3,300.8797913,12.88245856,332.4875634,0.356507033,
1041,3,149.4678345,7.987443113,353.0350311,0.322705554,
1041,3,50.26013947,2.313583888,382.7061319,0.299831233,
1041,3,50.26013947,2.313583888,382.7061319,0.299831233,
1042,1,1797.153687,33.81762649,243.1023551,0.391703824,
1042,1,1101.129395,29.49587041,268.1223756,0.410710424,
1042,1,502.6766663,22.88745662,298.3797993,0.419425382,
1042,1,298.7123413,16.57186315,321.422561,0.399048158,
1042,1,147.3968048,9.616555655,349.1233803,0.376315499,
1042,1,49.84044266,1.068109219,386.5178245,0.322050853,
1042,1,49.84044266,1.068109219,386.5178245,0.322050853,
1042,3,1801.745483,28.37243381,283.2691666,0.4550895,
1042,3,1100.435669,28.60561818,282.8289948,0.449819781,
1042,3,500.261322,21.43996938,309.8577144,0.442354747,
1042,3,300.7633362,14.30663174,333.6407576,0.410747394,
1042,3,148.4220276,6.535146227,365.2281075,0.393372939,
1042,3,50.64683914,1.001768691,389.057852,0.364466041,
1042,3,50.64683914,1.001768691,389.057852,0.364466041,
1043,1,1799.443726,9.209604318,219.4839887,0.086497066,
1043,1,1100.892578,11.61035643,158.8502516,0.080151697,x
1043,1,501.6358643,6.558120202,247.9915324,0.072897725,
1043,1,300.6507874,5.587351189,229.2038871,0.054601955,
1043,1,150.5360565,3.848776338,189.1027249,0.030070338,
1043,1,48.53318024,0.42758817,348.0269825,0.014963583,
1043,1,48.53318024,0.42758817,348.0269825,0.014963583,
1043,3,1800.662231,37.78432306,239.580443,0.444294477,
1043,3,1099.584473,33.15751646,261.5639639,0.455445368,
1043,3,501.9775696,23.41852618,300.4319038,0.45342357,
1043,3,300.1125793,15.45931464,329.1159106,0.43104509,
1043,3,151.0486145,7.783924336,358.279786,0.395546619,
1043,3,51.28487015,1.94241428,382.7845473,0.334797195,
1043,3,51.28487015,1.94241428,382.7845473,0.334797195,
1044,1,1798.950562,24.19115962,249.2562857,0.296225374,
1044,1,1099.885254,21.54401295,271.6953035,0.311182181,
1044,1,502.231781,16.81189738,301.1101902,0.316655158,
1044,1,299.0043335,11.3249621,330.3537633,0.310669439,
1044,1,151.4302979,6.973267428,353.5008486,0.29561314,
1044,1,50.16941452,1.793445966,382.3222698,0.255649334,
1044,1,50.16941452,1.793445966,382.3222698,0.255649334,
1044,2,1797.845825,1.084107582,299.1094455,0.020426552,x
1044,2,1097.795532,0.779366424,328.8082663,0.021691986,x
1044,2,500.5161133,0.838625867,328.8737801,0.022466594,x
1044,2,299.0795898,0.826852453,334.2176612,0.024081758,x
1044,2,149.3650818,0.15557403,377.8467277,0.021787425,x
1044,2,49.11567307,0.598470541,349.0437355,0.023291436,x
1044,2,49.11567307,0.598470541,349.0437355,0.023291436,x
1044,3,1798.372314,17.41242637,228.1091825,0.181091201,
1044,3,1098.407593,16.23944746,248.6488354,0.192042629,
1044,3,498.9916992,11.92854276,286.3945825,0.190663158,
1044,3,299.872345,8.611103373,305.9676935,0.167264648,
1044,3,151.7432709,5.466122169,328.154477,0.141163883,
1044,3,52.00891876,0.341972523,385.7919027,0.10109609,
1044,3,52.00891876,0.341972523,385.7919027,0.10109609,
1045,1,1799.758423,25.99506207,242.6664851,0.308052905,
1045,1,1100.422363,23.69678955,261.181919,0.318715068,
1045,1,498.2049866,18.34095,295.1642151,0.330452106,
1045,1,301.8795471,14.03643981,314.8215265,0.313030073,
1045,1,149.0637817,8.618958232,341.7181475,0.28664687,
1045,1,51.00856018,3.274605103,373.0193728,0.264136322,
1045,1,51.00856018,3.274605103,373.0193728,0.264136322,
1045,2,1796.753418,23.15240282,204.870906,0.211181555,
1045,2,1100.469482,21.97769901,223.6298799,0.221844621,
1045,2,499.8401794,17.27602885,265.2421575,0.229442636,
1045,2,301.9145203,13.81985087,285.920586,0.217031461,
1045,2,149.3648071,7.534626234,330.7650718,0.20153141,
1045,2,51.00728226,2.786786289,367.9083612,0.178971082,
1045,2,51.00728226,2.786786289,367.9083612,0.178971082,
1045,3,1799.891602,21.5710932,184.1139439,0.175369759,
1045,3,1103.166138,20.44319549,208.7957811,0.187787022,
1045,3,500.3239746,16.23822134,252.7599672,0.19495975,
1045,3,302.177887,12.86309811,275.3016013,0.182387493,
1045,3,149.5645447,8.175209452,309.739851,0.161137653,
1045,3,51.39907455,-10.89136019,289.4009471,-0.156754826,
1045,3,51.39907455,-10.89136019,289.4009471,-0.156754826,
1046,1,1802.00769,21.95752717,261.8915563,0.284427733,
1046,1,1100.135376,18.58163557,289.0185113,0.30217964,
1046,1,498.3641663,13.17906389,321.799764,0.310027789,
1046,1,299.191864,8.957885451,345.3756924,0.309023978,
1046,1,148.5600586,2.268059866,382.0501303,0.310293068,
1046,1,50.72653198,-2.137351787,407.0130051,0.29821779,
1046,1,50.72653198,-1.849025536,407.0637411,0.255373941,
1046,2,1799.721558,15.80234761,148.2388971,0.106933531,
1046,2,1099.750977,14.32152089,170.8417006,0.106698117,
1046,2,497.957428,10.57448065,222.6077304,0.102691226,
1046,2,301.8919373,8.306770921,233.0025253,0.085329471,
1046,2,149.1658173,5.357918681,248.7057207,0.060715124,
1046,2,50.81629944,0.511649239,365.5587378,0.033340313,
1046,2,50.81629944,0.511649239,365.5587378,0.033340313,
1046,3,1801.280029,23.71482168,276.2853231,0.349050351,
1046,3,1098.918213,21.09642103,295.2644405,0.366569259,
1046,3,501.0820313,15.0191373,324.6919486,0.367541115,
1046,3,298.166748,12.73643344,338.044447,0.38046051,
1046,3,150.4567108,6.468909903,366.9601162,0.37930256,
1046,3,50.89167786,1.040881096,390.7486886,0.336640806,
1046,3,50.89167786,1.040881096,390.7486886,0.336640806,
1047,1,1799.409546,27.75031257,325.5122103,0.746152577,
1047,1,1099.535645,26.10842678,326.3831523,0.698739383,
1047,1,498.3894348,20.88453518,330.9827851,0.582201375,
1047,1,301.3846436,15.897333,343.72899,0.542560726,
1047,1,150.9984894,9.493597412,362.101943,0.48723958,
1047,1,48.69992447,3.880512612,382.3880581,0.46321965,
1047,1,48.69992447,3.880512612,382.3880581,0.46321965,
1047,2,1799.982422,28.65933015,260.1066797,0.393411254,
1047,2,1798.12207,16.6509394,140.335153,0.109759375,x
1047,2,1100.491333,15.10202876,167.1601074,0.110991209,x
1047,2,1100.386597,26.08067199,277.6027613,0.410738782,
1047,2,501.4615479,19.83620474,309.7180527,0.429246264,
1047,2,498.6032104,12.75026939,201.7612184,0.110269174,x
1047,2,300.6904907,10.92095609,204.8257446,0.095110579,x
1047,2,298.809967,14.18210171,333.2926854,0.424033606,
1047,2,151.453476,7.706154164,361.289847,0.419290922,
1047,2,151.3160858,5.564599405,258.240843,0.067226219,x
1047,2,51.56808853,0.805605032,355.7609685,0.035415578,x
1047,2,51.56808853,0.805605032,355.7609685,0.035415578,x
1047,2,50.00610733,3.323536922,379.0194899,0.37934189,
1047,2,50.00610733,3.323536922,379.0194899,0.37934189,
1047,3,1802.160645,21.35862987,185.4273534,0.175434189,
1047,3,1801.834351,18.94425023,246.0475842,0.227289116,x
1047,3,1101.536499,17.75227586,259.7719066,0.234067316,x
1047,3,1098.970947,19.76223803,207.9799704,0.181034359,
1047,3,500.7747803,15.77920656,244.5116725,0.179162852,
1047,3,499.6822815,14.33047715,286.0072271,0.234352774,x
1047,3,299.3645935,10.49049998,282.9860433,0.160677351,
1047,3,298.4945984,10.03156175,314.7944733,0.224742412,x
1047,3,148.8696899,6.505229966,307.3414578,0.126880523,
1047,3,148.7924652,5.463522989,346.6197723,0.209670899,x
1047,3,50.41180801,1.641125458,357.2360457,0.07721838,
1047,3,50.41180801,1.641125458,357.2360457,0.07721838,
1047,3,48.87068558,1.303377229,378.9460123,0.183477307,x
1047,3,48.87068558,1.303377229,378.9460123,0.183477307,x
1048,1,1800.2677,22.39529669,252.1025424,0.271880236,
1048,1,1099.463135,20.42781913,273.7980985,0.289749704,
1048,1,499.5218506,13.18603179,317.825282,0.295425355,
1048,1,301.2225037,9.814639717,337.9068046,0.297118076,
1048,1,151.4444122,5.062389935,364.9815187,0.29256913,
1048,1,49.74648666,-0.413354396,396.7223648,0.275657263,
1048,1,49.74648666,-0.413354396,396.7223648,0.275657263,
1048,2,1801.309448,20.66144254,174.2169994,0.155326517,
1048,2,1098.392822,18.02631385,208.9817085,0.161205825,
1048,2,501.4798279,14.7385459,246.0836187,0.164093572,
1048,2,298.4551086,12.52687259,273.9781217,0.17260773,
1048,2,148.6896973,7.550036396,312.2716096,0.152404986,
1048,2,48.62989044,6.992101743,310.2174464,0.135879058,
1048,2,48.62989044,6.992101743,310.2174464,0.135879058,
1048,3,1798.72229,18.32001289,288.2737438,0.300108592,
1048,3,1099.5896,18.15097693,281.1299699,0.275637462,
1048,3,500.938324,14.50925811,294.7343995,0.248361141,
1048,3,298.8051453,10.57250908,318.0436372,0.236344046,
1048,3,148.094574,5.134653823,352.8206251,0.21107795,
1048,3,49.58345032,2.085165511,375.8286101,0.190702848,
1048,3,49.58345032,2.085165511,375.8286101,0.190702848,
1049,1,1799.406372,28.96209206,259.0359797,0.386560527,
1049,1,1100.651001,24.08405629,285.5081879,0.401434128,
1049,1,498.8355713,20.94790415,299.8330936,0.400139303,
1049,1,302.7401428,16.28087999,317.5912259,0.38042074,
1049,1,151.6830597,8.426437334,348.6822969,0.34431848,
1049,1,49.3015976,1.938646995,379.289939,0.300201548,
1049,1,49.3015976,1.938646995,379.289939,0.300201548,
1049,2,1800.901245,29.87117384,260.8311118,0.400547552,x
1049,2,1800.829468,29.77361533,260.7756303,0.398860173,x
1049,2,1800.781006,31.05536058,258.5711791,0.409144312,x
1049,2,1800.644531,29.18149016,267.507116,0.414132485,x
1049,2,1800.328247,31.44189843,259.7688242,0.418495555,x
1049,2,1800.312134,30.65756466,263.8066728,0.422379951,x
1049,2,1800.261353,30.89445296,264.3288737,0.427607312,x
1049,2,1800.028809,32.00769597,260.8348799,0.430857414,x
1049,2,1799.795532,30.92260914,267.1587766,0.438687701,x
1049,2,1799.792725,32.64536655,259.274779,0.433941507,x
1049,2,1799.590698,31.56668699,266.7187341,0.446917259,x
1049,2,1799.570801,31.38816616,267.1508998,0.446000965,x
1049,2,1799.440552,31.61330066,265.222463,0.441457039,x
1049,2,1799.385254,30.77095794,269.3237142,0.44567771,x
1049,2,1799.329346,33.17328606,263.203902,0.456127511,x
1049,2,1799.188232,32.10110457,267.0203826,0.456639956,x
1049,2,1799.147827,32.66289773,264.8351073,0.455752854,x
1049,2,1799.119629,33.14555399,262.3018874,0.452520474,x
1049,2,1798.60498,25.84663275,247.6441621,0.310088991,x
1049,2,1798.602539,27.63166565,241.4945018,0.317591462,x
1049,2,1798.586792,25.87671602,243.945084,0.302366934,x
1049,2,1798.561279,23.01373579,219.1971758,0.226217502,x
1049,2,1798.478882,25.65569438,236.5667644,0.284090605,x
1049,2,1798.464844,25.17595099,231.1807393,0.26840595,x
1049,2,1798.461182,21.23808527,230.4642471,0.223939678,x
1049,2,1798.450073,26.72504059,256.1080838,0.343075016,x
1049,2,1798.447144,25.83151352,240.5994769,0.294240581,x
1049,2,1798.42627,20.62632954,241.2638748,0.234367445,x
1049,2,1798.425415,21.99690757,223.6009151,0.221355615,x
1049,2,1798.418701,27.78914612,245.2155703,0.328189912,x
1049,2,1798.413696,23.97240112,231.2273403,0.255120661,x
1049,2,1798.386597,23.94155547,227.9305979,0.249231214,x
1049,2,1798.380127,26.226237,222.1332091,0.263756254,x
1049,2,1798.293823,27.67935682,248.9215215,0.33634983,x
1049,2,1798.267212,22.57073006,233.3226809,0.24325167,x
1049,2,1798.187744,30.41419049,253.1267772,0.383399439,x
1049,2,1798.171753,30.36247895,246.5230861,0.363029813,x
1049,2,1798.124756,24.16715805,220.0752235,0.239280582,x
1049,2,1798.080444,29.18294259,247.8529601,0.352293386,x
1049,2,1798.06665,29.13841444,253.3251532,0.367133073,x
1049,2,1798.050415,29.42562037,255.4201457,0.377221252,x
1049,2,1798.039551,31.56260066,250.6693734,0.3903044,
1049,2,1101.387573,28.2843,283.7090637,0.462239862,
1049,2,498.790802,23.92049952,301.0418535,0.460265926,
1049,2,299.5314636,17.37014709,321.9925034,0.433902806,
1049,2,151.6038055,10.90936787,345.0763982,0.404974044,
1049,2,50.38687134,3.369292249,375.6929288,0.37419092,
1049,2,50.38687134,3.369292249,375.6929288,0.37419092,
1049,3,1799.937134,27.07825016,260.164985,0.365234574,
1049,3,1100.652222,23.45158644,280.4015351,0.373134668,
1049,3,501.7758789,18.22214833,303.9644904,0.365078868,
1049,3,300.1630554,12.53499465,325.3489146,0.333043467,
1049,3,149.2351074,5.932965632,354.9876218,0.292494871,
1049,3,50.53028107,0.538710956,385.3188724,0.235667084,
1049,3,50.53028107,0.538710956,385.3188724,0.235667084,
1050,1,1798.933716,25.26362949,242.1678373,0.292547977,
1050,1,1101.846191,22.42467928,257.8893175,0.288053367,
1050,1,499.2487793,17.65181778,289.3484957,0.293762715,
1050,1,301.0064697,13.12372542,311.5454484,0.275789866,
1050,1,151.6424713,6.805103153,349.6509728,0.268768449,
1050,1,48.12638092,1.149552138,384.7064012,0.24211862,
1050,1,48.12638092,1.149552138,384.7064012,0.24211862,
1050,2,1801.937256,22.74935665,271.8302123,0.333910378,x
1050,2,1800.716064,31.78381509,267.4455324,0.453014393,
1050,2,1100.953491,29.3979377,280.2800002,0.463843169,
1050,2,1100.835938,21.72134838,290.8269863,0.374942434,x
1050,2,500.2924805,14.98514042,328.3229156,0.403241595,x
1050,2,498.4581299,22.78996094,313.2239122,0.502823234,
1050,2,300.6767273,11.06521396,344.8752527,0.391517032,x
1050,2,298.1285706,14.32729269,342.4154025,0.491426162,
1050,2,149.3012695,8.157806434,366.4620359,0.511388212,
1050,2,148.1857147,6.816818232,363.4496871,0.375603211,x
1050,2,51.08245468,2.01736652,388.137133,0.49107479,
1050,2,51.08245468,2.01736652,388.137133,0.49107479,
1050,2,50.4881134,0.447355083,393.4741863,0.349845598,x
1050,2,50.4881134,0.447355083,393.4741863,0.349845598,x
1052,1,1799.536011,25.61113718,238.3236037,0.290332784,
1052,1,1099.32959,22.27439156,263.6362756,0.301676592,
1052,1,501.3276672,16.55383789,299.0032784,0.307311254,
1052,1,300.975647,13.6798964,311.0417168,0.287333392,
1052,1,148.0953674,7.598033108,343.4333996,0.263777936,
1052,1,51.88262939,2.642644749,372.1476297,0.219403122,
1052,1,51.88262939,2.642644749,372.1476297,0.219403122,
1052,2,1800.734375,5.151810955,127.82614,0.031422168,
1052,2,1098.637695,4.808720699,190.2862139,0.038291915,
1052,2,500.382843,5.11048369,159.2266103,0.035034291,
1052,2,298.3511963,4.177068048,212.5797207,0.037066463,
1052,2,151.6558533,2.597825027,232.8676394,0.025820055,
1052,2,49.19106674,1.267154936,280.207329,0.017685447,
1052,2,49.19106674,1.267154936,280.207329,0.017685447,
1052,3,1801.463013,23.07756242,206.1458625,0.209705655,
1052,3,1098.294678,20.11795241,236.9527725,0.218266135,
1052,3,499.2163391,16.21266256,272.0050911,0.225305456,
1052,3,298.686615,13.18700438,294.3341659,0.223064837,
1052,3,149.4801636,6.937158971,340.4354908,0.217709961,
1052,3,51.23842239,1.812746589,379.7437076,0.206022201,
1052,3,51.23842239,1.812746589,379.7437076,0.206022201,
1053,1,1799.724609,16.67589969,196.6187249,0.144381786,x
1053,1,1798.549194,19.77390978,222.5170863,0.200436636,
1053,1,1798.503784,14.47529925,196.2004251,0.123693563,x
1053,1,1101.302002,17.68543544,252.0395021,0.216575722,
1053,1,1101.069458,15.78347211,218.2449379,0.153281348,x
1053,1,1098.848877,14.94262911,200.4816922,0.129536209,x
1053,1,502.0836792,12.92071341,255.2297175,0.158590993,x
1053,1,499.2519836,13.57668837,293.0356196,0.23359935,
1053,1,499.1089172,12.35565434,241.2967506,0.135683041,x
1053,1,300.7532349,11.07228422,310.9391352,0.229869943,
1053,1,300.4623108,10.91024851,245.2527109,0.122247309,x
1053,1,298.0968018,10.86463922,264.7321284,0.14250325,x
1053,1,153.0325012,5.640467894,313.6579141,0.120575994,x
1053,1,151.4416046,5.791470897,302.240906,0.105878086,x
1053,1,150.5265656,6.129925706,344.0856842,0.210073373,
1053,1,49.49839783,1.505598339,379.2421938,0.172532128,x
1053,1,49.49839783,1.505598339,379.2421938,0.172532128,x
1053,1,48.41477966,1.557986612,344.0474634,0.053152616,x
1053,1,48.39109802,2.177049241,343.1567499,0.073950075,
1053,1,48.39109802,2.177049241,343.1567499,0.073950075,
1053,2,1798.426758,16.14078961,217.6485937,0.153905524,
1053,2,1098.559937,18.45342691,192.2989828,0.151930222,
1053,2,499.5196228,14.60900524,232.9136359,0.150594726,
1053,2,300.2263489,10.69781664,260.0359457,0.132590759,
1053,2,148.3491516,7.47733223,281.8674852,0.110477626,
1053,2,50.67304993,0.353862811,382.3930405,0.065704428,
1053,2,50.67304993,0.353862811,382.3930405,0.065704428,
1054,2,1803.118652,22.08964469,226.798743,0.233111143,x
1054,2,1798.696655,22.97947962,244.3988217,0.268851603,
1054,2,1101.82312,20.47188042,238.6048974,0.231077779,
1054,2,1098.653809,19.89805083,269.6629905,0.279868757,x
1054,2,499.7752686,15.0192313,269.3456706,0.210805337,x
1054,2,499.3955688,15.16036996,302.276543,0.288617869,
1054,2,301.9324646,9.93291546,296.9860965,0.180285756,x
1054,2,300.0441895,10.96237725,325.2881795,0.279408315,
1054,2,151.968399,7.450624682,348.0109827,0.283845424,
1054,2,149.3808289,5.532141303,324.4316959,0.141919854,x
1054,2,51.26717758,1.838442845,359.0529872,0.100347325,
1054,2,51.26717758,1.838442845,359.0529872,0.100347325,
1054,2,50.53620911,0.395735985,390.2458693,0.270400738,x
1054,2,50.53620911,0.395735985,390.2458693,0.270400738,x
1055,1,1800.508057,10.18884194,298.3258781,0.189069292,
1055,1,1100.423096,9.349974183,308.311626,0.191323021,
1055,1,500.1956177,7.416946296,330.1076448,0.202436915,
1055,1,300.3564453,6.696284889,338.7815922,0.209493908,
1055,1,148.2575836,3.882802249,361.6690316,0.208892459,
1055,1,50.54944229,0.756912831,386.6088316,0.197662474,
1055,1,50.54944229,0.756912831,386.6088316,0.197662474,
1055,3,1800.476563,20.18235717,244.8198139,0.237999753,
1055,3,1099.540527,18.13947099,265.2217591,0.247527213,
1055,3,501.6749268,14.62549003,292.4998247,0.252104005,
1055,3,298.3654175,10.40841776,320.8962289,0.252217473,
1055,3,147.5188751,6.107818739,349.2400761,0.244620532,
1055,3,50.39419556,1.751280749,378.6989598,0.230815063,
1055,3,50.39419556,1.751280749,378.6989598,0.230815063,
1056,2,1800.037231,33.27173498,201.9001067,0.306635954,
1056,2,1102.908447,30.5025019,223.4831248,0.315515968,
1056,2,496.9407043,22.83877425,265.0012059,0.310985554,
1056,2,299.1530762,17.05651344,286.3864191,0.276497315,
1056,2,147.6308594,9.303789777,323.3231133,0.229257896,
1056,2,50.03523636,3.520329647,356.7407947,0.168267921,
1056,2,50.03523636,3.520329647,356.7407947,0.168267921,
1056,3,1798.403687,26.69740706,216.9458848,0.266686886,
1056,3,1101.938721,26.21114344,230.746675,0.283432764,
1056,3,501.2613831,20.34841576,271.6097081,0.293405106,
1056,3,301.0988159,16.04686701,292.4671776,0.276319082,
1056,3,148.7335815,8.014126047,337.5613931,0.247358915,
1056,3,50.94422913,2.734151159,370.6051158,0.204128597,
1056,3,50.94422913,2.734151159,370.6051158,0.204128597,
1057,1,1799.013916,20.38582785,208.7159224,0.187335773,
1057,1,1101.623657,18.54357995,232.1174632,0.194033151,
1057,1,500.3456421,15.96363734,256.4173436,0.194862953,
1057,1,300.4585571,10.82767316,288.2473565,0.172590013,
1057,1,148.4250793,7.191875506,305.2820725,0.135513602,
1057,1,51.97386551,0.945517413,376.4917658,0.100712539,
1057,1,51.97386551,0.945517413,376.4917658,0.100712539,
1057,3,1798.963867,28.02767707,239.6475375,0.320088995,
1057,3,1101.736694,25.36456705,253.8263136,0.316593873,
1057,3,499.0751343,16.59016593,298.1670773,0.3031054,
1057,3,298.1486206,13.71991564,307.9404641,0.276240014,
1057,3,149.8468781,6.834580899,344.4126359,0.242153143,
1057,3,50.59990311,2.049664632,373.5003899,0.184155484,
1057,3,50.59990311,2.049664632,373.5003899,0.184155484,
1058,2,1796.899536,32.11675827,221.4083724,0.322810893,
1058,2,1102.370483,30.88751637,230.6126534,0.32651154,
1058,2,501.1293945,21.79400637,275.7876315,0.31955435,
1058,2,302.5390015,18.42558454,286.3469223,0.294063143,
1058,2,149.7292786,10.35755669,325.9930213,0.263451531,
1058,2,51.58292007,3.774065401,360.7320028,0.207145701,
1058,2,51.58292007,3.774065401,360.7320028,0.207145701,
1058,3,1798.464478,15.8687799,172.4601238,0.119322527,
1058,3,1099.311401,15.15401181,189.6709308,0.123066332,
1058,3,500.4705811,12.67772999,220.3974073,0.120720289,
1058,3,301.9691772,9.884690419,246.4601691,0.11024951,
1058,3,151.717514,6.507805974,283.4187183,0.096279693,
1058,3,50.28132629,1.482402585,362.6914006,0.078856893,
1058,3,50.28132629,1.482402585,362.6624764,0.078764013,
1059,1,1796.962036,20.84634521,302.1398053,0.402487397,
1059,1,1099.286255,19.38238503,298.1081315,0.353002128,
1059,1,499.5438843,15.23521879,308.8196398,0.310065505,
1059,1,303.2244263,10.87300717,327.8348628,0.285102687,
1059,1,151.7413177,6.254160301,351.3698483,0.255666985,
1059,1,49.07263947,2.59712592,373.7390001,0.230083526,
1059,1,49.07263947,2.59712592,373.7390001,0.230083526,
1059,2,1800.159668,11.74791723,207.1712908,0.104980712,
1059,2,1098.119629,13.42839814,195.0572252,0.111522505,x
1059,2,501.4776917,9.619676943,257.071874,0.115982147,
1059,2,298.8862915,9.093926414,260.8463816,0.112167747,
1059,2,151.308197,7.847242188,267.6197893,0.101322914,
1059,2,50.36153793,1.702686309,356.5625988,0.075335359,
1059,2,50.36153793,1.702686309,356.5625988,0.075335359,
1059,3,1800.651855,20.2669256,252.8803344,0.25377727,
1059,3,1099.324097,18.87283786,264.1330592,0.25414471,
1059,3,501.8941345,15.83836812,282.5305049,0.245915297,
1059,3,300.0186157,11.87357223,304.3257437,0.227923458,
1059,3,150.9941864,6.744378359,336.0206887,0.199248037,
1059,3,51.04729462,1.26392661,379.0546131,0.14851905,
1059,3,51.04729462,1.26392661,379.0546131,0.14851905,
1060,1,1800,19.61595405,239.2332242,0.219503157,
1060,1,1010,18.72277662,247.3653778,0.219034029,
1060,1,500,14.16494421,282.6991084,0.217456653,
1060,1,300,10.89894965,305.0177322,0.208361285,
1060,1,150,6.213915161,336.9866419,0.184663517,
1060,1,50,1.414857695,377.6427778,0.147601389,
1060,1,50,1.414857695,377.6427778,0.147601389,
1060,2,1799.950806,15.10447378,229.4633597,0.15540383,
1060,2,1101.608521,14.19256889,231.3628416,0.14678699,
1060,2,501.0766296,11.4451574,250.678378,0.133607247,
1060,2,299.4637451,9.708913808,259.6756272,0.120063038,
1060,2,150.8489685,5.823594701,302.2247831,0.106093055,
1060,2,48.99483871,2.511310065,346.9219853,0.089815345,
1060,2,48.99483871,2.511310065,346.9219853,0.089815345,
1060,3,1800.44519,16.98860799,113.016009,0.099153247,
1060,3,1101.36438,16.52987286,29.8171319,0.073593688,
1060,3,502.1008606,13.62751713,82.61460494,0.07072805,
1060,3,299.8385315,10.98584005,115.3931222,0.063483182,
1060,3,148.6924438,6.924032863,-1041.109297,0.007684195,
1060,3,49.83537674,3.744520633,508.2943991,-0.052169658,
1060,3,49.83537674,3.744520633,508.2943991,-0.052169658,
1061,1,1800.008179,17.09306592,204.3042954,0.153053244,
1061,1,1101.842041,15.123742,220.490481,0.147442644,
1061,1,501.0898132,12.88712806,244.8356279,0.145657879,
1061,1,299.7225952,9.426621569,271.7518459,0.129802877,
1061,1,150.5838165,4.667601771,320.9849575,0.108821684,
1061,1,51.25242996,-0.174138419,393.9078312,0.080479176,
1061,1,51.25242996,-0.174138419,393.9078312,0.080479176,
1061,2,1801.145264,24.38609554,220.5114935,0.248113078,
1061,2,1099.04126,21.46677663,250.6400779,0.264365641,
1061,2,498.454834,18.58848135,276.6405019,0.277872374,
1061,2,299.2090454,11.86853774,312.2801616,0.258394933,
1061,2,150.9085693,6.155164004,344.7553954,0.226023308,
1061,2,51.21675873,1.389400698,376.5005622,0.161257736,
1061,2,51.21675873,1.389400698,376.5005622,0.161257736,
1061,3,1798.712891,20.44237482,236.4618351,0.220113784,
1061,3,1097.869507,18.54208395,246.3899158,0.211468736,
1061,3,497.7772217,15.74328107,264.8652819,0.202659471,
1061,3,301.1442871,10.31327792,304.147682,0.191038772,
1061,3,150.8739929,6.155303393,335.7203582,0.172152935,
1061,3,48.77609634,0.056066094,393.9264096,0.140801557,
1061,3,48.77609634,0.056066094,393.9264096,0.140801557,
1063,1,1799.448853,10.56241094,152.2227066,0.072223443,
1063,1,1099.046509,10.10890153,172.3828662,0.0752117,
1063,1,501.1282043,8.500458697,203.455505,0.073260644,
1063,1,299.5672913,6.552867653,225.9143363,0.063810212,
1063,1,150.3341217,3.407800336,282.8456123,0.050368232,
1063,1,49.40739441,1.159881107,341.1228986,0.036521648,
1063,1,49.40739441,1.159881107,341.1228986,0.036521648,
1063,1,48.41477966,1.557986612,344.0474634,0.053152616,
1063,2,1800.403809,13.72209392,215.4322143,0.130763608,
1063,2,1102.014038,14.94580303,209.5214747,0.136501379,
1063,2,498.7911072,11.63054559,256.7974191,0.143391034,
1063,2,299.7462158,12.57702624,237.6880227,0.134582954,
1063,2,151.7857971,7.638042336,288.3649051,0.12180934,
1063,2,50.45606995,2.129969271,349.3887363,0.083871175,
1063,2,50.45606995,2.129969271,349.3887363,0.083871175,
1063,3,1799.831909,25.63468272,238.1848981,0.286045106,
1063,3,1100.578247,24.37436971,245.4132948,0.282925811,
1063,3,498.4126282,20.77609552,265.0496459,0.275152825,
1063,3,300.4188538,14.60402163,300.0886299,0.267749169,
1063,3,151.2032928,9.26961134,328.9863288,0.244412359,
1063,3,51.15114594,1.837394288,376.3226003,0.194324836,
1063,3,51.15114594,1.837394288,376.3226003,0.194324836,
1064,1,1801.030518,17.90015716,264.8652183,0.241547059,
1064,1,1100.407227,17.68693673,276.162849,0.259116535,
1064,1,500.4774475,12.27124564,313.8561018,0.262662701,
1064,1,300.7342529,8.912749824,334.6573116,0.25542509,
1064,1,148.4306488,4.444889188,362.5117829,0.237224153,
1064,1,50.58432388,-0.43655188,398.1781156,0.193745722,
1064,1,50.58432388,-0.43655188,398.1781156,0.193745722,
1064,2,1800.747803,21.783365,245.2439153,0.255971578,
1064,2,1100.4646,21.42044841,258.069213,0.273644104,
1064,2,498.4619751,17.70335796,287.2266231,0.286628583,
1064,2,300.5574951,13.31007059,308.9620006,0.269656444,
1064,2,151.3709259,7.546875741,341.485858,0.248821397,
1064,2,51.38437653,2.662230381,372.4516039,0.215456495,
1064,2,51.38437653,2.662230381,372.4516039,0.215456495,
1064,3,1799.720825,14.82832382,255.4093677,0.181936013,
1064,3,1098.081909,14.41587244,265.8126633,0.189764882,
1064,3,498.0871887,11.91544375,294.963083,0.201720677,
1064,3,300.1027832,10.40475362,303.6848783,0.191639179,
1064,3,148.8787537,5.705313193,342.4202558,0.184238012,
1064,3,49.93435669,2.23448318,372.5489429,0.169410086,
1064,3,49.93435669,2.23448318,372.5489429,0.169410086,
1065,1,1798.347412,23.01809224,218.2505709,0.223017331,
1065,1,1098.971313,21.97851488,230.5905697,0.227397245,
1065,1,498.1071777,16.00322665,273.0812959,0.222584595,
1065,1,301.149353,11.41614277,302.5803668,0.209223868,
1065,1,150.7104492,6.963705015,337.6318964,0.205695043,
1065,1,48.40803909,2.642304684,371.0861044,0.188384664,
1065,1,48.40803909,2.642304684,371.0861044,0.188384664,
1065,2,1799.890381,16.16514633,167.3969879,0.118137902,
1065,2,1098.854004,16.38421603,190.2623166,0.132958659,
1065,2,500.0445557,12.21866579,249.8024228,0.139734223,
1065,2,299.3548889,8.392877114,294.9907798,0.139842571,
1065,2,149.5383911,5.568768138,326.8364115,0.135146113,
1065,2,51.18639374,1.6613899,374.6307191,0.137726809,
1065,2,51.18639374,1.6613899,374.6307191,0.137726809,
1065,3,1801.20874,19.32421146,252.3085906,0.235180701,
1065,3,1100.024048,16.86566084,271.4527454,0.23668217,
1065,3,501.7814636,12.63524304,297.0929188,0.223163834,
1065,3,300.0248413,11.03016955,304.6830561,0.209190907,
1065,3,150.334549,6.890054343,333.2500946,0.193086053,
1065,3,49.54019547,2.134695341,372.3109065,0.17407507,
1065,3,49.54019547,2.134695341,372.3109065,0.17407507,
1066,1,1799.634155,14.66677973,237.4852393,0.15933688,
1066,1,1101.320923,15.78503631,234.5175846,0.166309406,
1066,1,500.2910156,11.84496351,277.2200314,0.170348938,
1066,1,302.0532532,8.169593257,312.4540768,0.168852314,
1066,1,150.4202271,3.503764657,355.8251331,0.158727487,
1066,1,51.35955811,-0.292987863,395.6397688,0.14697562,
1066,1,51.35955811,-0.292987863,395.6397688,0.14697562,
1066,2,1802.808105,11.76554611,191.1619063,0.095405289,
1066,2,1102.711182,9.974830182,225.1584732,0.096879568,
1066,2,500.3259888,9.618141754,243.1231847,0.104202228,
1066,2,297.4181213,6.202037024,289.479355,0.097007899,
1066,2,146.7060699,5.242907405,303.3354245,0.093825152,
1066,2,50.01789474,2.594628286,350.8218127,0.098091247,
1066,2,50.01789474,2.594628286,350.8218127,0.098091247,
1066,3,1798.095947,19.42021393,256.4030969,0.242244066,
1066,3,1100.745239,18.36797532,265.316085,0.242801819,
1066,3,498.5800171,13.77281689,296.3543741,0.238192943,
1066,3,300.0690918,11.32791194,311.3325384,0.228498779,
1066,3,148.3577728,6.761852227,344.5937087,0.225422759,
1066,3,50.55465317,1.375072928,384.9010417,0.220034358,
1066,3,50.55465317,1.375072928,384.9010417,0.220034358,
1067,1,1799.972046,22.63370617,107.3032334,0.131034716,
1067,1,1099.490479,20.71139134,155.5887419,0.144099394,
1067,1,499.8169861,15.72165349,223.6027437,0.152420357,
1067,1,301.914093,10.66138653,281.5540039,0.155661093,
1067,1,151.7581024,5.681980977,334.3479892,0.154597205,
1067,1,50.18223572,-0.035217561,395.8380252,0.147708347,
1067,1,50.18223572,-0.035217561,395.8380252,0.147708347,
1067,2,1800.438965,29.63013864,207.6140088,0.272190625,
1067,2,1099.422607,28.21958521,212.1914027,0.263482522,
1067,2,498.5456238,19.16009949,258.6361607,0.238100525,
1067,2,301.7828064,15.24988706,278.4045054,0.219162032,
1067,2,151.2568512,8.333150893,320.394661,0.185941238,
1067,2,48.92464066,1.148022564,380.9639762,0.14001068,
1067,2,48.92464066,1.148022564,380.9639762,0.14001068,
1068,1,1800.515137,11.17654811,298.6858178,0.196111339,x
1068,1,1100.582275,13.91563737,276.4416182,0.194978359,
1068,1,500.705719,13.21581768,260.0191633,0.160589049,
1068,1,298.2374878,11.8529592,264.9259661,0.148553977,
1068,1,148.734436,7.371821875,298.6642559,0.124444713,
1068,1,49.49013138,1.175906385,377.9938353,0.112222467,
1068,1,49.49013138,1.175906385,377.9938353,0.112222467,
1068,2,1801.817505,12.45682598,249.7461728,0.143178446,
1068,2,1100.914307,13.3245972,239.0624177,0.141653189,
1068,2,500.5600891,10.56334523,262.696562,0.13140582,
1068,2,299.4719849,8.887818793,281.143509,0.127704173,
1068,2,150.1980743,3.758385365,340.6993626,0.112141471,
1068,2,51.35902786,2.261152617,361.3963624,0.106423212,
1068,2,51.35902786,2.261152617,361.3963624,0.106423212,
1068,3,1799.712769,10.37056738,263.176262,0.132086167,
1068,3,1099.689209,8.428345657,293.4347093,0.138963842,
1068,3,501.464386,6.700661819,321.5923446,0.152074696,
1068,3,301.9853516,6.104252095,315.8335609,0.126086299,
1068,3,149.7269592,2.492380285,360.2186325,0.116127598,
1068,3,49.54405594,-1.83112305,420.1179565,0.122187328,
1068,3,49.54405594,-1.83112305,420.1179565,0.122187328,
1069,1,1798.856079,11.64813032,-4.954486065,0.04723444,
1069,1,1099.380737,11.09285146,-55.14321266,0.039752665,
1069,1,499.2635498,8.707588437,-59.84483062,0.03077043,
1069,1,301.1396179,7.269097902,-52.22045443,0.026077455,
1069,1,151.2362823,5.653988341,-193.5592574,0.015339695,
1069,1,49.94522476,2.457281346,-1453.022534,0.002113703,
1069,1,49.94522476,2.457281346,-1453.022534,0.002113703,
1069,2,1800.592773,21.3998933,173.0872622,0.165868034,
1069,2,1098.197266,19.01452188,202.7891313,0.169834568,
1069,2,498.6863403,15.48979092,240.878352,0.171743724,
1069,2,301.1900635,11.92525591,269.9787432,0.162071346,
1069,2,151.0228577,6.82712319,318.6842533,0.152263167,
1069,2,49.84243774,1.775116755,372.5523336,0.140015091,
1069,2,49.84243774,1.775116755,372.5523336,0.140015091,
1069,3,1802.912231,5.482078358,-224.2419659,0.014179519,x
1069,3,1097.136475,4.893148213,-353.9834679,0.010419479,x
1069,3,502.552124,5.280305862,-807.6005245,0.006987864,x
1069,3,300.0375671,5.709624128,-636.4758796,0.008816224,x
1069,3,149.0435181,2.818451751,168.4034139,0.019937856,x
1069,3,51.40562057,0.232484944,383.929167,0.034066724,x
1069,3,51.40562057,0.232484944,383.929167,0.034066724,x
1070,1,1799.431396,0.371526809,358.758819,0.021153396,x
1070,1,1100.267578,1.943065133,250.8753001,0.022306236,x
1070,1,501.0638123,1.938037442,266.1998199,0.024713038,x
1070,1,300.2349548,1.662145561,289.2275546,0.025957536,x
1070,1,150.3662872,-0.687382988,434.1621942,0.025866352,x
1070,1,48.49570465,0.252999107,376.3687078,0.024855101,x
1070,1,48.49570465,0.252999107,376.3687078,0.024855101,x
1070,2,1801.232422,5.946241063,1033.049105,-0.014615719,x
1070,2,1099.418823,7.336477936,879.3962265,-0.023745543,
1070,2,498.9098816,6.87301824,688.716168,-0.036644451,
1070,2,298.1642761,5.624278726,582.6017633,-0.046815641,
1070,2,149.3919373,2.774630763,465.212968,-0.060978643,
1070,2,48.95594406,1.436322446,427.9502042,-0.067033123,
1070,2,48.95594406,1.436322446,427.9502042,-0.067033123,
1070,3,1801.282837,17.43435731,204.570885,0.159616434,
1070,3,1101.928345,15.67407858,230.7821722,0.1665143,
1070,3,501.0552063,11.49394523,276.2552789,0.170487148,
1070,3,299.681427,10.13447159,286.3396557,0.163656786,
1070,3,149.1880798,4.860070653,333.5599621,0.144953634,
1070,3,50.67915726,1.650663972,362.9483084,0.102689653,
1070,3,50.67915726,1.650663972,362.9483084,0.102689653,
1071,1,1800.474976,1.763139128,1111.781346,-0.003819879,x
1071,1,1098.018311,1.484858582,577.5630909,-0.012366758,x
1071,1,498.605957,2.97592987,592.5544595,-0.023250939,x
1071,1,300.6177063,1.878283272,492.4689332,-0.029221188,x
1071,1,150.7911072,1.382156822,454.5190757,-0.034844233,x
1071,1,49.77893829,0.69318671,419.0952261,-0.041141215,x
1071,1,49.77893829,0.69318671,419.0952261,-0.041141215,x
1071,2,1798.178589,31.87086731,246.3198016,0.386172938,
1071,2,1100.547363,30.88022269,256.9215566,0.399998537,
1071,2,500.3467712,20.78867874,296.2707513,0.37431086,
1071,2,298.9367981,15.55564357,317.3190821,0.352928402,
1071,2,150.2629395,8.361780155,345.0791514,0.293284402,
1071,2,50.89937973,1.370537188,383.1390556,0.218080794,
1071,2,50.89937973,1.370537188,383.1390556,0.218080794,
1072,1,1803.277222,13.4968223,228.9340299,0.138099415,
1072,1,1098.50354,12.45358661,243.7994807,0.139651066,
1072,1,497.8604431,8.638911521,289.3149948,0.141023605,
1072,1,302.0204773,7.209527371,301.247786,0.133021353,
1072,1,151.7044525,3.942286525,336.3492225,0.121231426,
1072,1,49.28223038,2.094859575,357.2566695,0.10660516,
1072,1,49.28223038,2.094859575,357.2566695,0.10660516,
1072,2,1797.665405,17.89704769,249.4364108,0.214712374,
1072,2,1100.660278,16.64783824,267.3186843,0.227316908,
1072,2,503.0772095,13.05181487,297.7860013,0.234561832,
1072,2,299.2606812,9.920996005,319.0209652,0.230572306,
1072,2,147.9141235,5.992335414,346.1297297,0.222064839,
1072,2,50.35674286,2.464410057,370.2753985,0.196762304,
1072,2,50.35674286,2.464410057,370.2753985,0.196762304,
1072,3,1801.436035,25.71800502,258.1834492,0.327772919,
1072,3,1798.759888,23.98568423,216.7236514,0.23507329,x
1072,3,1103.006958,22.64272626,282.6852987,0.352418877,
1072,3,1099.373535,21.00004062,245.6102815,0.245432399,x
1072,3,501.287262,15.92385807,283.5097301,0.249146654,x
1072,3,497.0810852,16.25805049,319.0536516,0.374501203,
1072,3,299.9646301,12.64031654,335.2372641,0.36823072,
1072,3,297.9571228,11.69428535,310.7024361,0.241408164,x
1072,3,151.8090515,7.722994375,336.8599493,0.230166231,
1072,3,148.5588989,4.836284652,371.3596783,0.365177386,x
1072,3,50.96692276,0.671637959,390.7940144,0.328189982,x
1072,3,50.96692276,0.671637959,390.7940144,0.328189982,x
1072,3,50.17383575,2.187242665,376.5142423,0.214784464,
1072,3,50.17383575,2.187242665,376.5142423,0.214784464,
1073,1,1800.635498,44.69287946,203.7284404,0.402342843,x
1073,1,1099.133789,25.37396742,289.0288417,0.424638409,
1073,1,500.5810852,20.46485436,305.9705591,0.404061446,
1073,1,300.3330078,15.10906211,328.1435386,0.396409023,
1073,1,151.4718475,8.123864221,354.4403555,0.353948857,
1073,1,51.68180084,0.098535685,392.588243,0.287429029,
1073,1,51.68180084,0.098535685,392.588243,0.287429029,
1073,2,1798.59021,25.06835878,161.0520456,0.183309518,
1073,2,1096.762329,24.60099153,182.7911526,0.197925131,
1073,2,500.3573914,18.4669027,237.4022497,0.199794034,
1073,2,297.4761963,13.49496274,268.5909849,0.180811451,
1073,2,152.4527893,8.080396591,307.1447632,0.155107559,
1073,2,49.77981186,3.748956275,343.6066899,0.122288978,
1073,2,49.77981186,3.748956275,343.6066899,0.122288978,
1073,3,1801.164185,31.68630786,263.1853195,0.431059388,
1073,3,1098.807739,27.51455911,282.4651362,0.435845462,
1073,3,500.659668,20.01577264,315.843469,0.447379532,
1073,3,301.9155579,14.21256995,337.6204766,0.434686424,
1073,3,149.9674835,8.515087296,360.405507,0.424583552,
1073,3,50.26366806,0.514001923,393.2691204,0.385611836,
1073,3,50.26366806,0.514001923,393.2691204,0.385611836,
1074,1,1799.389526,21.51665421,234.1058347,0.23162145,
1074,1,1101.081421,18.03389974,261.378788,0.233243571,
1074,1,500.5698547,14.59578375,281.0373648,0.218848236,
1074,1,298.1217651,11.91995171,294.6108059,0.201518157,
1074,1,150.8814087,7.708437715,320.705211,0.175094215,
1074,1,49.96177673,1.393086404,375.3370026,0.126957723,
1074,1,49.96177673,1.393086404,375.3370026,0.126957723,
1074,2,1802.657227,21.8920268,194.0482177,0.191005038,
1074,2,1098.162598,20.01838799,218.1828665,0.19859044,
1074,2,497.3254395,14.44825753,266.6293629,0.199648688,
1074,2,301.7209778,12.11979516,278.6285321,0.183500223,
1074,2,151.0767822,6.84298543,318.2759218,0.161011634,
1074,2,49.43179703,0.914148705,377.2786155,0.12935326,
1074,2,49.43179703,0.914148705,377.2786155,0.12935326,
1075,2,1801.020874,33.41482721,230.0950992,0.362258102,
1075,2,1101.544067,29.33702996,252.6151866,0.368598199,
1075,2,499.146698,22.70281362,280.6353647,0.351637704,
1075,2,300.1000061,16.00654448,301.2144628,0.300649439,
1075,2,148.2542267,6.268145268,349.7687503,0.251330309,
1075,2,50.53805923,0.212074175,389.5443224,0.187091577,
1075,2,50.53805923,0.212074175,389.5443224,0.187091577,
1075,3,1800.512329,19.69077702,50.0287219,0.093932416,
1075,3,1798.264893,17.89504954,79.68060243,0.093504104,x
1075,3,1100.78894,17.07302993,110.5028944,0.098724175,x
1075,3,1100.561157,18.43291174,81.24916525,0.096572221,
1075,3,499.9119568,15.16747261,152.7541401,0.103008108,x
1075,3,499.808197,16.62406774,121.2989128,0.09961245,
1075,3,301.4544067,12.40565217,180.516418,0.094957662,x
1075,3,301.1799622,13.77286422,139.7882229,0.08823917,
1075,3,151.2891693,8.398262966,211.692923,0.074957727,x
1075,3,149.1778564,11.29879431,124.5327252,0.067791029,
1075,3,51.16057968,5.243065709,181.6906171,0.039750063,
1075,3,51.16057968,5.243065709,181.6906171,0.039750063,
1075,3,49.89794922,3.803687954,255.9865739,0.044584263,x
1075,3,49.89794922,2.561007088,255.4961853,0.029891884,x
1076,1,1803.007324,20.73242963,206.6284331,0.192371008,
1076,1,1098.334595,19.67378204,222.8439876,0.199193479,
1076,1,502.149231,15.50902624,254.0260103,0.192378571,
1076,1,303.1939392,12.45976512,271.8514093,0.176706302,
1076,1,150.2186737,7.538749406,310.9412365,0.159410577,
1076,1,51.85213852,2.230802638,361.2107229,0.13235708,
1076,1,51.85213852,2.230802638,361.2107229,0.13235708,
1076,2,1800.973877,17.94343648,234.9518226,0.192207025,
1076,2,1100.593628,17.07217497,253.3294936,0.205984406,
1076,2,501.7234802,13.69917023,285.8042406,0.213608248,
1076,2,299.8024902,9.539069538,309.6236312,0.188806396,
1076,2,148.8067932,6.754273033,327.1583106,0.165265183,
1076,2,49.78817368,0.580974319,386.9444893,0.119745309,
1076,2,49.78817368,0.580974319,386.9444893,0.119745309,
1076,3,1800.295288,18.47378701,245.4291799,0.213713645,
1076,3,1101.657349,16.66885435,267.7234271,0.226268363,
1076,3,501.7119446,13.26185942,297.5943847,0.234079198,
1076,3,300.7077637,11.10334467,311.8036687,0.227860039,
1076,3,150.3746796,5.929070802,348.4499373,0.218069001,
1076,3,48.53701782,1.688680269,380.4133113,0.198711612,
1076,3,48.53701782,1.688680269,380.4133113,0.198711612,
1077,1,1801.726074,34.69451493,239.3041034,0.404310653,
1077,1,1102.245117,28.93180534,271.9844237,0.429869419,
1077,1,499.1502075,21.99019322,303.0762346,0.435941569,
1077,1,303.1316833,14.24699456,327.8998648,0.386362029,
1077,1,152.0863953,7.822658546,350.7766558,0.322855215,
1077,1,49.81973648,2.295040925,377.0712993,0.253246232,
1077,1,49.81973648,2.295040925,377.0712993,0.253246232,
1077,2,1803.284302,21.58420737,273.5359309,0.324366901,
1077,2,1097.399048,18.80770068,292.1955542,0.334152452,
1077,2,497.7914124,13.27495751,321.5879527,0.331726384,
1077,2,299.7797852,9.356278989,335.3493047,0.289215108,
1077,2,148.281311,3.122247477,368.4406584,0.238844572,
1077,2,50.66181946,-0.706942672,396.7394226,0.185474073,
1077,2,50.66181946,-0.706942672,396.7394226,0.185474073,
1077,3,1802.290161,22.9369236,222.1372754,0.234821466,
1077,3,1096.918335,20.61804395,237.2292978,0.230677459,
1077,3,497.4858704,14.1434864,275.4213908,0.209009768,
1077,3,299.5266418,9.018430127,299.6151942,0.167937511,
1077,3,148.1844177,4.99695457,323.6724439,0.124997567,
1077,3,50.51836777,0.582689916,377.0468447,0.079904172,
1077,3,50.51836777,0.582689916,377.0468447,0.079904172,
1078,1,1800.386108,17.24015326,221.0103902,0.168712653,
1078,1,1100.956055,17.43727176,225.0565032,0.173407824,
1078,1,498.765625,12.34830928,266.2080737,0.162160271,
1078,1,299.6120605,10.48929747,277.2682987,0.149874664,
1078,1,149.1224213,5.786013858,319.6954763,0.129890789,
1078,1,48.86021423,1.717967818,364.1257712,0.096768739,
1078,1,48.86021423,1.717967818,364.1257712,0.096768739,
1078,2,1798.598267,27.70068018,214.9790315,0.264831523,
1078,2,1099.822876,27.06879346,223.4563479,0.269434955,
1078,2,502.1583252,19.53865021,275.1526984,0.277409127,
1078,2,298.9907227,15.98247709,285.8678105,0.246239748,
1078,2,151.3113861,8.53825495,334.7023039,0.235685207,
1078,2,50.17002487,2.839524567,372.9365852,0.20799354,
1078,2,50.17002487,2.839524567,372.9365852,0.20799354,
1078,3,1793.438599,10.07552894,260.2675004,0.128576187,
1078,3,1096.256592,8.969349215,281.569211,0.13494871,
1078,3,492.8370667,6.994045263,315.3152321,0.150046534,
1078,3,294.6652832,3.246423878,359.184294,0.162853104,
1078,3,192.2264709,2.842367041,368.5263166,0.193720844,x
1078,3,192.2264709,2.842367041,368.5263166,0.193720844,x
1078,3,192.1003876,1.331400341,380.4472636,0.180041821,
1079,1,1801.300659,13.29713041,136.0846905,0.084394379,
1079,1,1100.176758,12.34757517,162.382157,0.087043642,
1079,1,499.5785217,9.830734402,191.4196401,0.07891395,
1079,1,301.3972778,9.193646069,186.6916325,0.071746901,
1079,1,151.2937164,6.212832729,219.0349996,0.057190011,
1079,1,49.85036469,1.511801757,317.4620007,0.031769285,
1079,1,49.85036469,1.511801757,317.4620007,0.031769285,
1079,2,1798.745972,15.4995981,214.1960198,0.146250149,
1079,2,1101.309814,15.62020641,217.4726607,0.1488982,
1079,2,500.646759,13.2012727,243.2163384,0.146641529,
1079,2,300.7031555,11.12649807,255.1106769,0.133455642,
1079,2,148.5262451,5.370435203,309.7405895,0.10661458,
1079,2,50.80931473,2.436454039,316.0369061,0.051539747,
1079,2,50.80931473,2.436454039,316.0369061,0.051539747,
1079,3,1798.944214,21.58061762,171.4986482,0.160711897,
1079,3,1099.96521,21.26193289,177.4099432,0.161840854,
1079,3,501.5393066,18.73011969,208.0604941,0.165502359,
1079,3,298.3283081,15.04634946,228.812406,0.148972689,
1079,3,148.0046997,8.215676967,281.2531073,0.118241748,
1079,3,50.58026886,1.072315175,370.5722654,0.073727554,
1079,3,50.58026886,1.072315175,370.5722654,0.073727554,
1080,2,1801.819458,6.417832436,191.6471332,0.052225367,
1080,2,1100.980347,5.597759549,224.1472459,0.054062683,
1080,2,501.9724121,4.87421923,255.3265479,0.057396552,
1080,2,298.4237061,4.44793286,259.1799354,0.053581071,
1080,2,147.992157,1.481000602,344.7210493,0.049116541,
1080,2,50.33201599,-0.29833498,407.0234863,0.036751302,
1080,2,50.33201599,-0.29833498,407.0234863,0.036751302,
1080,3,1801.082397,2.179043388,342.1032802,0.068276756,x
1080,3,1098.365967,3.038224467,320.7622555,0.067061981,x
1080,3,500.2709045,2.318268287,340.6203215,0.070724256,x
1080,3,301.8319702,3.207243753,322.6111705,0.072686193,x
1080,3,149.9003906,3.443197395,324.2007031,0.079380724,x
1080,3,50.5323143,0.720681345,376.5912801,0.064400511,x
1080,3,50.5323143,0.720681345,376.5912801,0.064400511,x
1081,1,1797.693115,28.67236667,222.7296694,0.293798796,
1081,1,1100.45459,27.22253818,236.262007,0.301438264,
1081,1,501.9604187,22.11739367,265.0850885,0.299107405,
1081,1,298.6027222,17.41896675,287.6586489,0.284875017,
1081,1,147.0830688,9.746365901,326.7389349,0.254333443,
1081,1,49.85813904,3.720349094,360.8780445,0.204602405,
1081,1,49.85813904,3.720349094,360.8780445,0.204602405,
1081,2,1798.622925,29.59792861,232.6872141,0.319757328,
1081,2,1101.697021,27.87081856,247.4788132,0.329599144,
1081,2,498.1665039,20.6519723,289.3507769,0.342231396,
1081,2,302.3356323,15.4316928,314.0884603,0.33449349,
1081,2,148.9207611,8.264081924,347.5957925,0.309381613,
1081,2,48.70036316,0.890896168,386.5494332,0.253653034,
1081,2,48.70036316,0.890896168,386.5494332,0.253653034,
1081,3,1801.046875,24.0298286,217.6661477,0.232631403,
1081,3,1101.72229,22.02163015,238.2016008,0.240224779,
1081,3,498.1220093,16.07987078,282.3375411,0.243812541,
1081,3,299.2077026,11.69631861,312.0978123,0.240258883,
1081,3,148.3598328,6.89982793,345.6465387,0.237517733,
1081,3,50.73979568,1.898447719,381.1100363,0.232928598,
1081,3,50.73979568,1.898447719,381.1100363,0.232928598,
1082,1,1799.97937,25.81603025,192.6806224,0.224115539,
1082,1,1100.638062,23.51257477,224.6862555,0.243203752,
1082,1,500.305481,18.81867934,261.9228107,0.248183657,
1082,1,300.4637756,13.11188807,298.1302811,0.237379795,
1082,1,148.3213806,6.639649095,338.2135854,0.204954149,
1082,1,50.45394135,2.353342752,369.766047,0.165200141,
1082,1,50.45394135,2.353342752,369.766047,0.165200141,
1082,2,1799.669556,32.22211435,223.9475352,0.337436819,
1082,2,1098.114502,27.56844114,255.0429952,0.35372065,
1082,2,501.2822571,21.36963841,286.6230785,0.353096139,
1082,2,301.3586121,15.69813809,310.2386969,0.331299479,
1082,2,148.7227325,7.67844776,347.2516286,0.290248622,
1082,2,50.72742462,3.711519976,364.6407861,0.219621009,
1082,2,50.72742462,3.711519976,364.6407861,0.219621009,
1082,3,1801.500244,24.37935958,268.7807004,0.342508719,
1082,3,1097.717651,22.86200866,256.1965672,0.287555226,
1082,3,498.2384338,16.24294999,274.1728873,0.23030404,
1082,3,300.4953613,12.33621193,276.3434194,0.176331014,
1082,3,149.2972717,6.105200182,312.7304936,0.12382614,
1082,3,50.20119858,1.456928404,360.8801377,0.071825767,
1082,3,50.20119858,1.456928404,360.8801377,0.071825767,
1083,1,1801.267334,11.42761493,185.6693326,0.094011138,
1083,1,1100.798706,10.22560249,219.0166786,0.100281913,
1083,1,502.2339783,7.757755205,265.8745397,0.104512418,
1083,1,298.4758301,6.092851628,291.6807126,0.102622832,
1083,1,148.2022095,2.880233323,342.200708,0.098456779,
1083,1,50.38923645,-0.545917343,401.5171584,0.088520295,
1083,1,50.38923645,-0.545917343,401.5171584,0.088520295,
1083,2,1800.427734,22.14343136,196.7631906,0.193721891,
1083,2,1099.339233,20.75070175,216.292728,0.20107868,
1083,2,501.0645142,17.12132941,246.7298817,0.198999307,
1083,2,299.2456665,9.8172146,302.2296511,0.187141707,
1083,2,149.5383148,6.795289168,322.2816441,0.16353502,
1083,2,49.12662125,2.32740362,362.9162569,0.13491651,
1083,2,49.12662125,2.32740362,362.9162569,0.13491651,
1083,3,1801.238525,21.15499802,107.5714672,0.123430948,
1083,3,1097.788086,18.85788696,152.8069884,0.130614704,
1083,3,497.7574463,16.17947132,187.5599788,0.13017273,
1083,3,300.2164307,12.50898338,226.8841217,0.12353737,
1083,3,148.2036285,7.852526299,292.5734671,0.127718744,
1083,3,51.04756546,3.632084251,341.2504472,0.111982147,
1083,3,51.04756546,3.632084251,341.2504472,0.111982147,
1084,1,1800.046265,28.28914748,234.6583891,0.30704965,
1084,1,1100.072144,25.32017054,260.1234287,0.326791545,
1084,1,500.0471497,21.0759578,287.9071764,0.340737512,
1084,1,300.3569946,15.62701052,315.6738435,0.340303342,
1084,1,148.2267303,9.152171777,346.3731367,0.323194323,
1084,1,50.60188675,5.672664446,364.5481387,0.309097399,
1084,1,50.60188675,5.672664446,364.5481387,0.309097399,
1084,2,1800.773926,5.575216142,210.9112531,0.050735819,
1084,2,1100.633057,6.39577992,198.4611705,0.053872034,
1084,2,498.0218506,6.381757396,215.229847,0.058547165,
1084,2,301.8806458,6.839631792,204.0452795,0.05870085,x
1084,2,148.9531403,3.700068161,291.1229726,0.059431923,
1084,2,51.01046753,2.168531113,323.7391158,0.051135034,
1084,2,51.01046753,2.168531113,323.7391158,0.051135034,
1084,3,1798.574463,21.93283001,221.1904618,0.215571394,
1084,3,1099.758789,19.08737741,240.1840841,0.209297601,
1084,3,498.2597046,14.79643351,270.5966536,0.200917607,
1084,3,300.4352417,10.06895693,304.6391591,0.188794441,
1084,3,151.4039612,5.439540886,334.1492441,0.151389766,
1084,3,51.65232468,1.391389088,374.2613425,0.119100156,
1084,3,51.65232468,1.391389088,374.2613425,0.119100156,
1086,1,1798.508179,6.364408266,199.917414,0.05407858,
1086,1,1101.202637,6.178173815,214.9831935,0.056520703,
1086,1,498.3688049,5.314479894,246.2766443,0.058624868,
1086,1,297.9949951,3.808947452,281.0491603,0.054828188,
1086,1,149.3417511,4.195694338,260.0050388,0.050606827,x
1086,1,51.02814484,2.207436932,294.9706574,0.035840442,
1086,1,51.02814484,2.207436932,294.9706574,0.035840442,
1086,2,1799.651611,20.05826716,157.3942616,0.140770433,
1086,2,1101.862305,19.66889794,190.5390518,0.160982331,
1086,2,500.9860535,18.4173833,212.6516108,0.168672182,
1086,2,300.9991455,13.76478021,256.041234,0.166005759,
1086,2,148.648407,9.862414746,271.1344521,0.132642809,
1086,2,50.86837387,3.47210062,315.0858599,0.072547909,
1086,2,50.86837387,3.47210062,315.0858599,0.072547909,
1086,3,1799.484131,13.50281496,195.2249858,0.113506128,
1086,3,1099.96106,11.15527828,227.5342027,0.111809508,
1086,3,498.2368774,10.97933602,229.813745,0.11055771,
1086,3,300.5949097,10.3932329,225.1932456,0.10121876,
1086,3,151.3866882,6.047139479,287.4874165,0.093859128,
1086,3,51.5290451,1.177153923,366.4458699,0.075129306,
1086,3,51.5290451,1.177153923,366.4458699,0.075129306,
1087,1,1800.16272,4.443409387,161.1088876,0.031190071,x
1087,1,1101.234619,2.742280529,254.9121485,0.032489726,x
1087,1,500.7355957,3.191211026,162.950503,0.022272785,x
1087,1,299.3078918,1.962348528,277.2180056,0.027305858,x
1087,1,150.5181274,1.288063811,317.4048926,0.027332628,x
1087,1,51.28391266,0.90596295,281.2024243,0.012908162,x
1087,1,51.28391266,0.90596295,281.2024243,0.012908162,x
1087,2,1799.652344,18.44296709,247.6971215,0.218804587,
1087,2,1100.823608,17.39687448,264.202634,0.232139144,
1087,2,500.5829468,13.68821353,282.1283751,0.208826447,
1087,2,299.1700134,8.935967723,311.0495472,0.182283595,
1087,2,150.2779846,4.538526383,343.7880313,0.151758746,
1087,2,50.94572067,0.261359565,389.8958653,0.120461823,
1087,2,50.94572067,0.261359565,389.8958653,0.120461823,
1087,3,1801.561646,26.52749166,247.7121457,0.32584259,
1087,3,1101.171509,24.62501657,265.7661232,0.342820464,
1087,3,501.4417419,17.45375914,305.8136289,0.352337125,
1087,3,298.1456604,11.40993624,330.2152523,0.315369686,
1087,3,149.6486359,4.474829099,364.4063317,0.267636724,
1087,3,50.39956665,0.450803541,389.1445102,0.182599856,
1087,3,50.39956665,0.450803541,389.1445102,0.182599856,
1089,1,1800.391235,26.1158793,184.0028955,0.208424198,
1089,1,1100.665161,25.13436708,214.8148758,0.235149804,
1089,1,499.3405151,20.65050689,254.8844774,0.247903068,
1089,1,300.8881226,15.34459972,285.2029172,0.233831042,
1089,1,149.3070526,8.751810287,325.6065372,0.208488525,
1089,1,49.97007751,3.179837466,366.0475138,0.174591282,
1089,1,49.97007751,3.179837466,366.0475138,0.174591282,
1089,2,1801.112549,25.03127073,212.9982074,0.23787822,
1089,2,1100.855225,21.85675116,235.8271147,0.236857874,
1089,2,498.3308411,18.36480769,264.3291318,0.241181366,
1089,2,299.3736267,12.78871716,298.4412219,0.227229281,
1089,2,151.6806641,8.97175954,318.7096107,0.200012767,
1089,2,50.43638611,2.142616614,371.9756959,0.162974202,
1089,2,50.43638611,2.142616614,371.9756959,0.162974202,
1089,3,1800.560303,30.96637411,247.5084188,0.376073371,
1089,3,1100.955078,26.99089053,276.1957802,0.40844174,
1089,3,500.2593079,18.86924692,320.0886951,0.455889479,
1089,3,301.6807556,13.52367933,343.7295409,0.472507837,
1089,3,151.0559692,4.782671733,377.6386441,0.486133345,
1089,3,49.83460617,-0.096413349,396.1393034,0.488149044,
1089,3,49.83460617,-0.096413349,396.1393034,0.488149044,
1090,1,1800.05603,25.60368298,229.2219164,0.262838406,
1090,1,1103.171265,23.31332808,249.0998447,0.270386968,
1090,1,500.5460205,18.85834998,274.5746316,0.262573923,
1090,1,301.9737854,14.15051213,307.6312015,0.270571226,
1090,1,149.594986,9.468718876,335.1703897,0.260923586,
1090,1,51.51116943,4.498525556,365.5133098,0.2442998,
1090,1,51.51116943,4.498525556,365.5133098,0.2442998,
1090,2,1799.220093,20.70394987,267.2226366,0.282526101,x
1090,2,1799.164063,22.71339897,252.9338732,0.277131976,
1090,2,1099.842285,20.42986456,271.5717506,0.285162164,
1090,2,498.1614685,15.66859207,301.1431731,0.285170938,
1090,2,301.9218445,11.65738225,321.52904,0.270629664,
1090,2,149.1205597,8.129751431,342.1540199,0.258360218,
1090,2,50.88454056,2.489485974,377.0600846,0.228870117,
1090,3,1799.02417,29.34303424,269.0296984,0.40711952,
1090,3,1102.165771,25.6215722,282.1929668,0.393994,
1090,3,500.512207,19.91689383,308.0259054,0.39497779,
1090,3,302.0895996,15.02500908,327.4389468,0.381558322,
1090,3,150.4836426,9.080419104,351.4006529,0.355252993,
1090,3,50.99282837,1.640551366,386.1917638,0.322822573,
1090,3,50.99282837,1.640551366,386.1917638,0.322822573,
1091,2,1801.054199,12.91380573,148.3218924,0.087745433,
1091,2,1101.904419,13.68650989,154.7329361,0.094898951,
1091,2,500.2079468,10.74621528,203.5938063,0.093380757,
1091,2,298.786499,8.101199473,215.5871637,0.074663388,
1091,2,149.3040314,3.763700648,282.572665,0.05570306,
1091,2,48.96549225,1.131624192,340.2973504,0.035363263,
1091,2,48.96549225,1.131624192,340.2973504,0.035363263,
1091,3,1800.151733,25.34756681,225.3600606,0.261119837,
1091,3,1102.046509,24.42561897,240.6252842,0.275462616,
1091,3,498.7086487,18.45438536,280.3476107,0.279260303,
1091,3,298.3645935,13.50957404,309.4911446,0.273782879,
1091,3,149.4902496,8.201460345,341.2238778,0.263094096,
1091,3,51.20901489,3.309799944,371.8536563,0.248681391,
1091,3,51.20901489,3.309799944,371.8536563,0.248681391,
1093,1,1799.994507,10.2653777,185.6857445,0.082449678,
1093,1,1098.889282,11.18891204,140.5279675,0.072714926,
1093,1,501.7565308,11.28708597,171.6804103,0.083370033,
1093,1,300.1349792,6.482812598,228.0976171,0.064047021,
1093,1,151.0752869,3.813367262,262.0504826,0.047266128,
1093,1,51.27470779,0.652277254,349.7698429,0.024484019,
1093,1,51.27470779,0.652277254,349.7698429,0.024484019,
1093,2,1799.39209,10.05430892,188.3538139,0.08134492,
1093,2,1098.649902,10.16415508,190.0308275,0.082230319,
1093,2,499.3711548,8.574890341,216.3440066,0.079091264,
1093,2,299.8285217,7.543370027,230.7632652,0.075431053,
1093,2,151.9430084,5.000893062,258.1988212,0.059684537,
1093,2,50.53727341,1.434379333,323.5710004,0.032545876,
1093,2,50.53727341,1.434379333,323.5710004,0.032545876,
1093,3,1801.042725,17.0799534,172.7164575,0.128958723,
1093,3,1099.049927,15.47318395,192.3584788,0.127483303,
1093,3,501.7498779,11.94223601,235.9247719,0.125128457,
1093,3,300.1412659,8.56794547,233.3002597,0.087279991,
1093,3,151.1213989,5.171920955,257.360789,0.061466664,
1093,3,51.47830963,0.298365861,372.7852549,0.023955855,
1093,3,51.47830963,0.298365861,372.7852549,0.023955855,
1094,1,1799.266602,25.63571407,179.9495067,0.203334219,
1094,1,1101.520386,24.79564701,191.3376105,0.206915049,
1094,1,499.0845947,19.69051542,237.5228669,0.212867664,
1094,1,300.7704773,15.13333995,259.7050952,0.189708622,
1094,1,151.4784088,8.311959425,311.551331,0.169563536,
1094,1,51.67535782,1.493986305,371.8750397,0.119476259,
1094,1,51.67535782,1.493986305,371.8750397,0.119476259,
1094,2,1799.670898,16.8507091,134.2125063,0.106531323,
1094,2,1099.896851,17.67887521,145.4622721,0.116376962,
1094,2,501.1884766,14.81304252,189.0796489,0.118075546,
1094,2,299.1812439,12.4658799,208.4795963,0.108993049,
1094,2,148.3860016,7.463213686,253.3462919,0.085374536,
1094,2,49.58449936,3.057815112,305.3413874,0.054735471,
1094,2,49.58449936,3.057815112,305.3413874,0.054735471,
1094,3,1800.143799,26.08899004,193.703225,0.22423439,
1094,3,1101.362427,23.87072515,216.6081949,0.23104175,
1094,3,501.0906982,19.7457352,248.2680396,0.231615013,
1094,3,298.5888062,13.69011409,282.1901759,0.208323109,
1094,3,148.8996277,8.119527896,320.1245593,0.186214583,
1094,3,48.71533585,4.47018535,346.1900149,0.156455389,
1094,3,48.71533585,4.47018535,346.1900149,0.156455389,
1095,1,1800.002563,20.03156023,188.0683508,0.168495764,
1095,1,1099.692749,18.74989939,215.9933276,0.182665069,
1095,1,501.5658875,15.8028774,248.6971601,0.18809317,
1095,1,301.485199,11.30751983,278.0492169,0.168453356,
1095,1,148.6103363,5.853117628,317.8986405,0.133638692,
1095,1,48.78879166,0.567463793,378.3596136,0.080552874,
1095,1,48.78879166,0.567463793,378.3596136,0.080552874,
1095,2,1799.295532,33.45583862,226.49303,0.359443839,
1095,2,1102.123047,30.63171585,249.9761665,0.38318891,
1095,2,498.0024414,21.462956,296.6315097,0.398057721,
1095,2,298.875946,14.52440126,326.7648332,0.391470584,
1095,2,151.1941071,7.655864968,358.1093083,0.390648192,
1095,2,51.57583618,1.963381624,383.5225658,0.373226727,
1095,2,51.57583618,1.963381624,383.5225658,0.373226727,
1095,3,1799.841309,30.86631357,215.1770189,0.30138924,
1095,3,1101.483154,27.15331389,240.5780736,0.308164872,
1095,3,500.8075256,20.75245764,276.7426616,0.305835391,
1095,3,298.170105,14.22423045,306.6148854,0.279450903,
1095,3,151.1987,8.293916256,337.6015328,0.248867873,
1095,3,50.28648376,3.224869866,368.6417562,0.210356887,
1095,3,50.28648376,3.224869866,368.6417562,0.210356887,
1096,1,1800.700684,28.53704855,232.1649175,0.30549678,
1096,1,1100.41272,26.03751978,254.8038339,0.321754064,
1096,1,498.3199158,19.78299325,290.2561633,0.324845618,
1096,1,300.5820618,15.16479546,311.1891798,0.310388564,
1096,1,151.1033783,6.467810955,356.1076476,0.290867155,
1096,1,49.62774658,3.020522047,373.7012577,0.249036268,
1096,1,49.62774658,3.020522047,373.7012577,0.249036268,
1096,2,1799.293823,30.76332256,201.62285,0.280664388,
1096,2,1100.290771,26.36950698,234.5019739,0.290582957,
1096,2,499.5777893,21.56093163,265.7607612,0.29269165,
1096,2,301.2374878,15.99125604,288.2103108,0.262678228,
1096,2,151.3331909,8.954007205,325.0284137,0.224180108,
1096,2,49.78654861,2.413631669,366.2424347,0.157481744,
1096,2,49.78654861,2.413631669,366.2424347,0.157481744,
1096,3,1801.19043,30.12433515,242.8094431,0.362546964,
1096,3,1098.602539,26.49743146,269.6403653,0.388263514,
1096,3,498.1593323,19.33764009,306.6879436,0.405087042,
1096,3,299.0744934,14.23369409,328.4739038,0.400220687,
1096,3,150.7440643,7.180067017,358.6454894,0.380556244,
1096,3,51.33343124,1.413308587,384.2329708,0.327821411,
1096,3,51.33343124,1.413308587,384.2329708,0.327821411,
1097,1,1800.602051,15.32891027,190.4049323,0.127474662,
1097,1,1098.526123,15.24322029,207.4082419,0.137758334,
1097,1,501.6462402,12.09455326,250.3427202,0.141870077,
1097,1,301.6275024,10.60878606,262.9425759,0.135671784,
1097,1,149.0682831,6.384722987,307.5048618,0.123530842,
1097,1,50.99856186,1.724153861,364.1560705,0.098525495,
1097,1,50.99856186,1.724153861,364.1560705,0.098525495,
1097,2,1800.251831,16.21736683,203.4648782,0.144116002,
1097,2,1100.426636,15.55914705,213.6507284,0.145018544,
1097,2,498.3002319,13.25706087,237.9794426,0.14180311,
1097,2,301.120697,11.4197402,248.9566114,0.130616674,
1097,2,149.3437958,8.063379609,273.262972,0.109984498,
1097,2,51.15717316,3.685459411,316.1783433,0.077624247,
1097,2,51.15717316,3.685459411,316.1783433,0.077624247,
1097,3,1800.05835,5.567359995,127.2910447,0.034274972,x
1097,3,1098.67981,6.998455886,74.44219689,0.035563329,
1097,3,499.6642761,5.474783397,166.6516245,0.039271452,
1097,3,301.444519,5.418321613,145.7546209,0.03543364,
1097,3,151.77565,4.035199954,173.1844425,0.02959954,
1097,3,51.64642334,1.373892571,285.818361,0.020777557,
1097,3,51.64642334,1.373892571,285.818361,0.020777557,
1098,1,1797.681885,15.44887624,165.832381,0.112789095,
1098,1,1098.914429,13.15146173,198.2241155,0.111697066,
1098,1,502.0465698,11.33466236,213.0517256,0.102981993,
1098,1,302.9916687,9.298691217,213.1650376,0.083914642,
1098,1,150.4325562,5.493701855,264.1970776,0.068787042,
1098,1,52.1810112,2.596839373,304.9371883,0.046865839,
1098,1,52.1810112,2.596839373,304.9371883,0.046865839,
1098,2,1800.786133,23.07909454,225.1629625,0.234797852,
1098,2,1102.563965,21.20102781,245.6866204,0.244927224,
1098,2,496.6148376,17.08446947,274.018236,0.242827809,
1098,2,299.7135925,12.39013795,298.0254362,0.219524188,
1098,2,148.1072083,6.880455619,334.4461893,0.197029376,
1098,2,50.44002151,3.130171676,359.1964823,0.153500482,
1098,2,50.44002151,3.130171676,359.1964823,0.153500482,
1098,3,1802.166626,22.46339015,205.3883877,0.202281543,
1098,3,1097.094971,21.49659373,223.6050937,0.21339311,
1098,3,501.2146606,16.90200648,264.8778975,0.221199197,
1098,3,303.1611023,14.40489103,279.9963673,0.211859939,
1098,3,150.2064819,8.49829452,325.4208255,0.205684195,
1098,3,51.61167145,3.443551796,363.8931913,0.186212021,
1098,3,51.61167145,3.443551796,363.8931913,0.186212021,
1099,2,1802.387817,29.87773233,228.7179478,0.324468283,
1099,2,1098.0896,27.07108489,258.2658663,0.35892947,
1099,2,498.0949707,19.56094852,302.7305738,0.385677227,
1099,2,298.8924255,13.36830743,331.3647892,0.381896987,
1099,2,151.8908539,7.763183913,358.8330803,0.378585203,
1099,2,50.12322998,1.059158001,389.8106582,0.363656817,
1099,2,50.12322998,1.059158001,389.8106582,0.363656817,
1099,3,1800.630371,24.95738345,211.3334758,0.237310513,
1099,3,1098.632446,22.23771663,237.9545216,0.247658873,
1099,3,498.7053223,17.21206635,275.5460416,0.25115869,
1099,3,300.8415222,13.14185933,301.580718,0.2446799,
1099,3,151.0418091,6.750309335,343.69933,0.229324944,
1099,3,49.652668,0.986550988,385.7811301,0.212174998,
1099,3,49.652668,0.986550988,385.7811301,0.212174998,
1100,1,1800.523438,26.70214789,259.281008,0.349805815,
1100,1,1100.256836,22.36303381,285.5584111,0.364483851,
1100,1,501.8575439,15.77605558,318.5037046,0.371403397,
1100,1,301.8907166,11.35487383,337.4893553,0.359892785,
1100,1,148.9021301,5.863383827,362.95043,0.342756239,
1100,1,48.87480927,1.030877125,386.4340578,0.30307037,
1100,1,48.87480927,1.030877125,386.4340578,0.30307037,
1100,2,1798.858643,34.47991527,245.7447462,0.413671522,
1100,2,1098.644409,30.05228904,268.8825904,0.427549747,
1100,2,499.8902588,22.96084304,298.4494419,0.425963473,
1100,2,301.5076904,15.90168467,326.8453393,0.419544857,
1100,2,148.3075714,8.996013695,355.1561589,0.411088479,
1100,2,48.27662277,2.93212365,380.5478209,0.389751028,
1100,2,48.27662277,2.93212365,380.5478209,0.389751028,
1100,3,1799.366699,30.11925556,240.0032093,0.3442022,
1100,3,1102.223633,26.30956025,265.8948191,0.360410019,
1100,3,500.7248535,18.70737311,304.963887,0.367172148,
1100,3,302.4050598,12.8326112,331.0193678,0.355146338,
1100,3,151.8986816,4.153150702,371.6287841,0.326491989,
1100,3,50.05330658,-0.409392077,395.9671066,0.283648013,
1100,3,50.05330658,-0.563558945,396.0444069,0.40146382,
1101,1,1798.303467,2.860323005,304.3181859,0.056334267,x
1101,1,1101.631592,4.94734599,253.5884596,0.0592228,
1101,1,500.0926208,4.136964493,270.50692,0.056195703,
1101,1,301.7476196,3.625480965,278.0377029,0.052524563,
1101,1,150.2859497,1.878135687,322.8487582,0.045665176,
1101,1,51.18330383,-0.04820741,390.8679479,0.035781119,
1101,1,51.18330383,-0.04820741,390.8679479,0.035781119,
1101,2,1799.941528,13.10706223,176.5386937,0.099312486,
1101,2,1099.328857,13.38860159,180.5478345,0.102847679,
1101,2,498.6806335,11.4034833,224.2621441,0.109826392,
1101,2,300.2929382,8.414469414,270.7879067,0.111435171,
1101,2,148.7471161,5.981045156,291.6534082,0.094467115,
1101,2,49.60228729,1.856222719,355.4343304,0.076133417,
1101,2,49.60228729,1.856222719,355.4343304,0.076133417,
1101,3,1799.527954,5.318454702,224.5333588,0.052582236,
1101,3,1099.167114,5.275561113,235.3936379,0.055315105,
1101,3,499.5079651,5.267940217,242.611804,0.057479467,
1101,3,300.1989746,3.47273399,288.9713074,0.055142446,
1101,3,148.2665558,2.011005957,324.0911412,0.048782963,
1101,3,50.60641861,1.08251398,350.4864886,0.043268836,
1101,3,50.60641861,1.08251398,350.4864886,0.043268836,
1102,2,1799.302124,15.0923098,162.2975713,0.109163545,
1102,2,1097.334595,13.82119814,186.7761257,0.111543167,
1102,2,500.7204285,12.28034162,203.8772989,0.107386791,
1102,2,297.4402466,10.26144888,223.1715714,0.09986157,
1102,2,152.2366028,7.556435088,244.7408435,0.084110957,
1102,2,49.46727371,2.789075496,304.2031344,0.052448334,
1102,2,49.46727371,2.789075496,304.2031344,0.052448334,
1103,1,1800.629395,9.27132911,144.9984216,0.060885495,
1103,1,1099.296143,9.482950123,152.5789828,0.063949955,
1103,1,500.0624695,12.00293744,44.51902278,0.055255208,x
1103,1,302.0089111,8.706550466,69.57332056,0.043170294,
1103,1,148.3608398,6.57438376,135.7749112,0.040846036,
1103,1,48.47370529,4.646684383,146.7103931,0.030060558,
1103,1,48.47370529,4.646684383,146.7103931,0.030060558,
1103,2,1799.084595,3.643314478,281.1793226,0.056678242,x
1103,2,1099.482056,5.561306095,243.2942985,0.062289629,x
1103,2,501.754364,5.10454827,262.0428835,0.065322128,x
1103,2,301.5518188,5.653666105,246.5748328,0.063997209,x
1103,2,149.1257172,4.773512721,268.7841814,0.064109302,x
1103,2,50.90420914,1.167801722,353.8093017,0.054650557,x
1103,2,50.90420914,1.167801722,353.8093017,0.054650557,x
1103,3,1803.043579,6.005403057,156.4325236,0.041366867,
1103,3,1102.05249,8.215770482,99.67512705,0.045182198,
1103,3,500.4458008,6.028117551,191.1284111,0.048206466,
1103,3,301.9173889,7.856996752,101.1544563,0.0431233,
1103,3,149.6984253,4.706934477,202.3244643,0.03949243,
1103,3,51.29236603,1.811154809,283.5286563,0.026471649,
1103,3,51.29236603,1.811154809,283.5286563,0.026471649,
1104,1,1802.964111,18.85286775,204.0305116,0.168125509,
1104,1,1099.972046,17.95941472,216.53737,0.170905187,
1104,1,501.8117371,15.49564986,238.2125059,0.166454333,
1104,1,298.344574,11.3470863,267.9128694,0.15095604,
1104,1,147.2021027,7.108508159,301.841453,0.129377698,
1104,1,49.98713684,3.582604664,330.6472492,0.094809152,
1104,1,49.98713684,3.582604664,330.6472492,0.094809152,
1104,2,1798.961792,17.03569124,187.1294665,0.138415061,
1104,2,1100.487305,15.2691814,208.1841307,0.138121793,
1104,2,499.9754028,12.47800721,237.3562082,0.133472243,
1104,2,300.8090515,9.192016885,271.7922587,0.126306016,
1104,2,148.3536377,4.569132825,324.551227,0.112075406,
1104,2,48.70698547,0.744368135,378.3235104,0.096173132,
1104,2,48.70698547,0.744368135,378.3235104,0.096173132,
1104,3,1801.108643,17.40674479,177.8677181,0.134479575,
1104,3,1098.520508,18.81250978,173.1329921,0.14109044,
1104,3,501.3128967,14.13910104,231.6019292,0.144590419,
1104,3,299.4371643,12.73221156,241.1709912,0.137527043,
1104,3,149.2316895,5.755772672,311.7969479,0.115661364,
1104,3,48.78234482,0.75740665,379.8453534,0.091847077,
1104,3,48.78234482,0.75740665,379.8453534,0.091847077,
1105,1,1800.133789,36.3347538,259.6092884,0.485434999,
1105,1,1101.659912,32.57927793,281.6850368,0.519486189,
1105,1,502.085083,23.38139439,317.667855,0.548393623,
1105,1,299.9897766,13.95332274,347.7283812,0.547455216,
1105,1,149.9421234,10.77062822,358.0623632,0.52472397,
1105,1,49.34803009,0.440497095,392.1821093,0.498048661,
1105,1,49.34803009,0.440497095,392.1821093,0.498048661,
1105,2,500.8254395,18.64138039,274.6873169,0.267870734,
1105,2,300.3883362,14.04572952,306.8431661,0.276273655,
1105,2,151.9106598,7.594984315,347.3876606,0.277713649,
1105,2,51.55681229,1.913351843,381.6252721,0.257322986,
1105,2,51.55681229,1.913351843,381.6252721,0.257322986,
1105,3,1798.346436,27.65141602,256.5065163,0.351637429,
1105,3,1102.194092,24.9580939,275.018318,0.365866315,
1105,3,500.6698608,17.50909313,311.424371,0.370223077,
1105,3,302.5001831,10.8925411,341.6002048,0.364243233,
1105,3,150.1331482,5.47270796,367.869057,0.363636121,
1105,3,52.09537506,2.542885986,381.6125346,0.341555827,
1105,3,52.09537506,2.542885986,381.6125346,0.341555827,
1106,1,1799.076294,24.62159959,204.4939494,0.22003453,
1106,1,1100.488525,22.32786132,229.421955,0.229127066,
1106,1,499.574585,15.68610667,281.1099229,0.234199703,
1106,1,301.4310913,12.74225375,301.5553699,0.231150851,
1106,1,151.3381195,8.166740114,334.2602006,0.227271294,
1106,1,50.03199387,1.80616501,380.7822525,0.211858893,
1106,1,50.03199387,1.80616501,380.7822525,0.211858893,
1106,3,1798.942993,20.85837708,209.9191143,0.191582782,
1106,3,1098.604736,20.91670048,226.4114963,0.210840139,
1106,3,498.1535034,17.28317499,260.3137919,0.21752885,
1106,3,300.0734253,15.53404262,268.8888398,0.207858374,
1106,3,148.3572083,9.283271462,310.3600978,0.185507441,
1106,3,50.69129181,3.362353812,353.63647,0.140307245,
1106,3,50.69129181,3.362353812,353.63647,0.140307245,
1107,1,1799.99353,16.13944905,263.7061503,0.217997111,
1107,1,1099.413086,14.28441713,279.4735602,0.218425687,
1107,1,498.8183289,11.3387943,302.1546712,0.215895797,
1107,1,301.0431824,8.071858496,326.5188233,0.211540225,
1107,1,149.8430481,3.663123546,359.6623573,0.19938225,
1107,1,50.95092773,0.510179986,385.6642896,0.185061219,
1107,1,50.95092773,0.510179986,385.6642896,0.185061219,
1107,2,1799.668213,2.846285751,316.1447334,0.065227097,x
1107,2,1101.118652,2.364847495,333.9089571,0.070352353,x
1107,2,499.444397,3.871120475,309.0777798,0.077224866,x
1107,2,296.8887634,2.79666047,331.7090809,0.077018867,x
1107,2,152.6846161,2.319331392,342.1325013,0.077311941,x
1107,2,49.9704895,2.240430855,346.0729017,0.080647931,x
1107,2,49.9704895,2.240430855,346.0729017,0.080647931,x
1107,3,1800.552368,26.49297778,268.2738896,0.372989507,
1107,3,1098.128418,24.61960886,286.5862685,0.404472192,
1107,3,499.0284119,16.72756084,325.144143,0.427726123,
1107,3,298.265686,10.30377922,351.6429893,0.424960784,
1107,3,149.4370575,2.78578309,382.8425029,0.427151735,
1107,3,49.29047775,-1.867781558,402.7023567,0.393830808,
1107,3,49.29047775,-1.867781558,402.7023567,0.393830808,
1108,1,1801.941772,31.89672752,215.3160628,0.305626649,
1108,1,1100.749878,27.17535357,248.3425283,0.31919473,
1108,1,500.0133667,18.69938846,284.1839061,0.288346588,
1108,1,302.096344,11.58760095,302.6999816,0.212528002,
1108,1,150.5152893,6.363363738,320.4414724,0.142760266,
1108,1,51.43249512,0.844505344,372.3183974,0.066174038,
1108,1,51.43249512,0.844505344,372.3183974,0.066174038,
1108,2,1799.147461,29.30870772,224.6837947,0.297779036,
1108,2,1099.401489,26.47045549,246.7217666,0.307531415,
1108,2,501.7080688,20.87933842,278.9206734,0.307694452,
1108,2,301.6400757,14.89176155,308.4699846,0.293976207,
1108,2,148.9278412,8.823762953,338.0538484,0.262470099,
1108,2,49.16718674,1.293143296,384.8916029,0.225234779,
1108,2,49.16718674,1.293143296,384.8916029,0.225234779,
1108,3,1799.677979,28.05078465,240.5703834,0.316512508,
1108,3,1101.435669,23.29291054,275.1599596,0.339626486,
1108,3,500.4062195,17.59278702,310.4341532,0.361238234,
1108,3,300.9112244,12.49208325,333.1479944,0.351993968,
1108,3,148.5966339,5.880315649,365.7722788,0.354581131,
1108,3,48.71613312,0.654245121,391.4846993,0.344537095,
1108,3,48.71613312,0.654245121,391.4846993,0.344537095,
1109,1,1801.094116,27.13353514,187.9539149,0.227404155,
1109,1,1098.092041,25.38244925,219.1520958,0.250630645,
1109,1,498.131012,17.83978125,281.4436877,0.27354656,
1109,1,301.7086182,12.57560473,318.7618137,0.286797832,
1109,1,193.1274414,7.646477811,349.8374898,0.293632648,
1109,1,192.9643555,8.073542968,347.4753807,0.293394355,
1109,1,192.9643555,8.073542968,347.4753807,0.293394355,
1109,2,1798.139404,26.15381441,240.5304052,0.301114253,
1109,2,1098.826904,24.32666034,265.7501661,0.334455153,
1109,2,498.6327209,17.27728849,308.9348259,0.356370504,
1109,2,298.3300476,11.6878907,338.6758702,0.367122918,
1109,2,193.1905975,6.840727459,361.2228949,0.355538262,
1109,2,193.1905975,6.840727459,361.2228949,0.355538262,
1109,2,193.1167755,6.376010863,363.9398506,0.365131107,
1109,3,1799.906738,20.25031362,234.6905126,0.21949009,
1109,3,1099.289429,17.88752325,264.7765875,0.238427731,
1109,3,499.875824,13.9472398,298.0669333,0.249339347,
1109,3,298.9656372,10.64803646,319.9906864,0.244652368,
1109,3,149.8984222,6.328733639,350.4142711,0.241977231,
1109,3,51.30218887,0.60065356,390.5225799,0.224325556,
1109,3,51.30218887,0.60065356,390.5225799,0.224325556,
1110,2,1800.717163,24.04140157,322.3580973,0.659819199,x
1110,2,1800.39978,25.71316656,317.3965516,0.65241403,x
1110,2,1800.135742,27.05078308,312.5732388,0.639851908,x
1110,2,1800.119629,25.26357388,227.6930932,0.263140928,x
1110,2,1800.005005,24.03106944,302.1013257,0.490996645,x
1110,2,1799.99939,23.25013751,296.4287784,0.442681374,x
1110,2,1799.976929,25.18660634,314.8240401,0.614176178,x
1110,2,1799.968872,25.41135682,295.9119975,0.48218797,x
1110,2,1799.934204,24.80534251,318.3906541,0.636679411,x
1110,2,1799.897827,24.33984629,292.7312167,0.445432308,x
1110,2,1799.859985,26.24190792,305.5247235,0.562817556,x
1110,2,1799.85437,25.82873768,314.2781082,0.62538344,x
1110,2,1799.841919,25.56214992,305.7132226,0.548591729,x
1110,2,1799.824341,23.77397265,298.9058147,0.467123248,x
1110,2,1799.812744,25.15706764,300.0921639,0.502110196,x
1110,2,1799.805908,24.27164802,295.3576673,0.45705329,x
1110,2,1799.80249,23.98913189,295.5403509,0.453010332,x
1110,2,1799.801514,26.79969715,298.1837198,0.523512003,x
1110,2,1799.793823,23.71068408,307.3146804,0.5172489,x
1110,2,1799.790039,25.27481602,294.8115314,0.473297656,x
1110,2,1799.765869,25.25771213,298.8566086,0.496871459,x
1110,2,1799.758911,23.17843624,293.2990092,0.42559882,x
1110,2,1799.74585,23.98424084,292.4302788,0.43663034,x
1110,2,1799.722656,23.97393089,309.5723082,0.540434111,x
1110,2,1799.70813,25.23640162,313.75955,0.605039991,x
1110,2,1799.683716,23.64983767,315.4292531,0.579035425,x
1110,2,1799.619263,25.67324602,310.3349287,0.587642362,x
1110,2,1799.53772,24.54449701,287.2643012,0.422900268,x
1110,2,1799.477783,23.19828129,289.8618826,0.410175746,x
1110,2,1799.46814,24.08859602,287.2020713,0.414405796,x
1110,2,1799.367188,24.54413025,283.0635967,0.40337269,x
1110,2,1799.172607,24.19492387,280.7098587,0.389108421,x
1110,2,1799.118652,24.58449408,281.6845481,0.398809092,x
1110,2,1799.046631,22.84826161,284.4565226,0.379706834,x
1110,2,1799.008179,22.16813548,281.612935,0.358576206,x
1110,2,1798.987915,22.80431807,279.5981043,0.362728719,x
1110,2,1798.962769,23.48299516,282.5466636,0.383338406,x
1110,2,1798.941162,23.57625375,279.2779301,0.373070727,x
1110,2,1798.759155,22.85798063,275.1643046,0.347550597,x
1110,2,1798.723267,22.06626715,278.027842,0.344220222,x
1110,2,1798.632202,22.33266073,279.7984955,0.354742275,x
1110,2,1798.595215,22.09450442,276.7465403,0.340180584,x
1110,2,1798.533813,22.68582278,271.5663234,0.332922335,
1110,2,1101.319336,19.18113955,287.6640264,0.322221067,
1110,2,1099.850098,24.8541186,247.1805232,0.291921264,x
1110,2,501.3071899,17.46242903,295.0655519,0.30422955,x
1110,2,500.6239319,14.72146182,310.5792905,0.313846937,
1110,2,300.8093567,11.94242944,321.4097938,0.291558087,
1110,2,299.3182068,14.32656739,310.4256845,0.291606575,x
1110,2,148.3193359,7.081468317,347.2811368,0.274186326,
1110,2,148.2245941,9.241155242,339.2271066,0.279801186,x
1110,2,50.57928085,2.26989222,376.2111979,0.254821548,x
1110,2,50.57928085,2.26989222,376.2111979,0.254821548,x
1110,2,49.71214676,2.146777125,380.5443624,0.240292265,
1110,2,49.71214676,2.146777125,380.5443624,0.240292265,
1110,3,1800.943237,11.79607417,217.4698032,0.112688856,
1110,3,1100.479248,10.95485762,237.1709147,0.11732514,
1110,3,499.6822205,9.368520902,260.6645449,0.116984851,
1110,3,301.3876648,6.818993973,297.1259911,0.117030256,
1110,3,151.2218781,4.174234171,332.7434065,0.113774131,
1110,3,49.67215347,0.799270696,380.629406,0.107126087,
1110,3,49.67215347,0.799270696,380.629406,0.107126087,
1111,1,1798.382813,8.410022061,172.4836432,0.062743869,
1111,1,1099.431396,7.258789982,198.2205091,0.060979381,
1111,1,501.4265747,6.274402318,232.7492661,0.063778563,
1111,1,300.0546265,2.604918439,312.2155459,0.053401815,x
1111,1,149.4094696,2.480960078,302.9562375,0.045019193,
1111,1,50.82711792,0.938047031,342.0342559,0.030451321,
1111,1,50.82711792,0.938047031,342.0342559,0.030451321,
1111,2,1799.275513,20.90734134,140.7684252,0.135111776,
1111,2,1098.366211,20.99752909,137.6251175,0.13328708,
1111,2,498.2737122,16.10761173,147.8417462,0.105697667,
1111,2,300.1450806,12.67029283,117.1156558,0.073467103,
1111,2,148.2220917,8.066103874,48.35108569,0.037236231,
1111,2,50.25742722,3.143892093,1227.43811,-0.005992123,
1111,2,50.25742722,3.143892093,1227.43811,-0.005992123,
1111,3,1799.135498,32.90097406,235.4629943,0.353419542,
1111,3,1101.522217,26.60912802,263.8144075,0.346714975,
1111,3,500.165802,21.38829938,280.4711867,0.315793118,
1111,3,301.8909912,12.28902361,320.5382163,0.279962969,
1111,3,151.5842896,9.263002611,329.4346153,0.236428906,
1111,3,50.13105392,4.38909754,353.9280458,0.178199254,
1111,3,50.13105392,4.38909754,353.9280458,0.178199254,
1112,1,1800.057007,27.55409568,230.7138544,0.296426884,
1112,1,1101.973022,23.00524011,259.879603,0.300350884,
1112,1,498.8382263,17.53451526,290.5021465,0.29241304,
1112,1,299.5302124,11.65379012,322.816625,0.279804238,
1112,1,151.7231598,5.770840302,357.3498861,0.262315364,
1112,1,50.35476303,0.856025582,388.631823,0.223344386,
1112,1,50.35476303,0.856025582,388.631823,0.223344386,
1112,2,1800.640625,31.13954408,236.7850532,0.349866224,
1112,2,1099.011475,30.15782954,243.2203613,0.350007903,
1112,2,499.6013184,21.45995311,284.6905969,0.34167277,
1112,2,298.7760925,15.97619026,312.159898,0.336787475,
1112,2,149.5793762,8.301710501,349.9612971,0.319196127,
1112,2,51.28960419,2.294876675,382.4957822,0.307456559,
1112,2,51.28960419,2.294876675,382.4957822,0.307456559,
1112,3,1798.677734,19.87979802,191.2111617,0.166633388,
1112,3,1099.946411,18.73670993,210.0737177,0.172350212,
1112,3,498.0947266,14.73385068,245.0510884,0.166599875,
1112,3,300.3042908,11.1279336,276.704632,0.159428516,
1112,3,151.2930908,6.706331745,319.8499118,0.151688133,
1112,3,51.53792572,-0.687445074,401.4286846,0.123198763,
1112,3,51.53792572,-0.687445074,401.4286846,0.123198763,
1113,1,1798.124146,15.17609424,257.2768064,0.191819414,
1113,1,1100.982666,14.31802253,265.9095675,0.191451186,
1113,1,500.1784973,12.97632583,273.2267308,0.181396475,
1113,1,301.7967529,10.15454409,289.8472579,0.164274569,
1113,1,151.6642609,6.841625879,314.6033506,0.144417237,
1113,1,50.14350891,2.09189523,363.0756208,0.116596323,
1113,1,50.14350891,2.09189523,363.0756208,0.116596323,
1114,1,1802.377441,26.94078883,221.3297934,0.269258512,
1114,1,1099.598877,26.87998056,226.9994513,0.274784623,
1114,1,501.2687683,20.80184999,262.9610484,0.270512168,
1114,1,299.7487488,13.34862055,301.6435495,0.247208328,
1114,1,149.5199127,8.324346561,323.8215184,0.202584538,
1114,1,50.65304565,1.7011898,373.3754632,0.150602744,
1114,1,50.65304565,1.7011898,373.3754632,0.150602744,
1114,2,1800.595337,9.238495485,211.7368841,0.085933833,
1114,2,1101.238159,9.047834424,218.6208271,0.086726673,
1114,2,500.6380615,7.652629933,244.4225914,0.085654031,
1114,2,299.2664185,5.887271636,279.2950229,0.08613417,
1114,2,150.5568695,2.939075836,329.3595708,0.077253237,
1114,2,51.17098236,1.78619266,346.3347425,0.063273666,
1114,2,51.17098236,1.78619266,346.3347425,0.063273666,
1114,3,1798.381104,22.09603548,245.8499184,0.257293575,
1114,3,1098.891235,21.75803511,254.3053012,0.266168833,
1114,3,499.742157,16.7601572,284.4695696,0.259643028,
1114,3,300.176178,12.30635657,307.5521084,0.240070733,
1114,3,148.1408997,7.846129183,332.2267512,0.211183659,
1114,3,50.61267471,3.217157241,364.9261211,0.179247256,
1114,3,50.61267471,3.217157241,364.9261211,0.179247256,
1115,2,1799.196411,10.71721181,-489.0306076,0.019361192,
1115,2,1098.388672,10.15416589,-1055.290323,0.011121615,
1115,2,499.0113525,9.823674707,-7953.926959,0.0018613,
1115,2,298.1265564,8.636299897,5298.915849,-0.002781605,
1115,2,149.408371,5.948077,1351.649757,-0.009780002,
1115,2,48.89643478,2.764139616,552.3874528,-0.027053689,
1115,2,48.89643478,2.764139616,552.3874528,-0.027053689,
1115,3,1799.025391,9.730077106,202.7051177,0.085630782,
1115,3,1098.902344,8.493760929,232.3746599,0.088589419,
1115,3,499.8630676,6.771155443,265.2667393,0.088743867,
1115,3,301.6789551,4.074273294,300.3173555,0.074511296,
1115,3,150.5553436,2.227628886,329.6185117,0.060691345,
1115,3,49.97950363,0.165703014,382.0294185,0.042721263,
1115,3,49.97950363,0.165703014,382.0294185,0.042721263,
1116,1,1801.498779,12.65606324,48.04831632,0.059576347,
1116,1,1100.682373,14.89927251,1.129997811,0.061429857,
1116,1,499.8746643,13.56573662,-85.65022663,0.045532919,
1116,1,298.7056885,9.765963886,-187.6301793,0.026890895,
1116,1,152.2406769,4.540998522,-897.5258693,0.005595764,
1116,1,51.57493973,1.910735456,600.698582,-0.014642367,
1116,1,51.57493973,1.910735456,600.698582,-0.014642367,
1116,2,1798.605713,19.84319665,261.8174163,0.259679597,
1116,2,1101.94812,20.53188716,273.7055497,0.29280437,
1116,2,499.8488159,15.97062753,307.9192756,0.318621418,
1116,2,298.0709839,13.19067315,324.5655045,0.323371599,
1116,2,151.6244049,8.301559017,352.1203335,0.335298657,
1116,2,49.25708771,3.069765376,378.0449117,0.313122527,
1116,2,49.25708771,3.069765376,378.0449117,0.313122527,
1116,3,1801.980469,10.10422271,161.9926417,0.071875125,x
1116,3,1801.440674,8.576354671,173.8184312,0.064227709,x
1116,3,1801.434814,7.990394288,188.0041032,0.064161528,x
1116,3,1801.381226,9.07192346,180.0603888,0.070115625,x
1116,3,1801.271606,8.537920916,149.936331,0.057392986,x
1116,3,1801.23938,6.966743365,196.5486377,0.058374226,x
1116,3,1801.024902,6.041755916,208.1194581,0.053836581,x
1116,3,1800.955688,5.542380307,215.1868699,0.051404308,x
1116,3,1800.858765,7.128116764,153.2056462,0.048518283,x
1116,3,1799.750244,13.01232147,174.5014425,0.098461377,x
1116,3,1799.710693,13.39167774,182.3468501,0.10549985,x
1116,3,1799.696655,11.50403705,175.8002122,0.087436236,x
1116,3,1799.656128,12.49923792,172.2984418,0.093613416,x
1116,3,1799.64209,14.45380066,175.4913207,0.11030162,x
1116,3,1799.541138,13.93242769,198.9920857,0.119843015,x
1116,3,1799.483643,14.82412423,183.8923255,0.117915531,x
1116,3,1799.437866,11.62109444,159.8372847,0.082091543,x
1116,3,1799.397461,16.8391969,205.4426039,0.150882017,x
1116,3,1799.3573,15.94123094,190.4569593,0.131523233,x
1116,3,1799.33606,14.50881747,203.0483089,0.127916404,x
1116,3,1799.330566,17.38868943,204.7160247,0.155441027,x
1116,3,1799.311768,17.37119484,193.1266487,0.145564988,x
1116,3,1799.254517,16.37362484,199.4423217,0.141654171,x
1116,3,1799.24292,15.9090525,228.3925401,0.164159418,x
1116,3,1799.184814,10.6107917,164.5177801,0.076338961,x
1116,3,1799.078979,19.05046999,202.4395682,0.168870458,x
1116,3,1799.024414,19.45073416,204.7596225,0.17475312,x
1116,3,1798.865967,24.31707019,219.8506556,0.241253236,x
1116,3,1798.809814,19.79947508,214.6158419,0.188609906,x
1116,3,1798.709595,19.93660385,211.0463458,0.185630409,x
1116,3,1798.683716,20.09120836,203.06573,0.178519956,x
1116,3,1798.671265,19.82915379,221.0057168,0.196343484,x
1116,3,1798.668579,20.32487888,229.70856,0.213335473,x
1116,3,1798.656006,22.18005376,223.8832015,0.224437733,x
1116,3,1798.642212,19.5411637,230.744707,0.206284937,x
1116,3,1798.595703,22.66661302,230.1345568,0.239695039,x
1116,3,1798.543945,20.52235099,218.0234281,0.199550512,x
1116,3,1798.491821,21.90768092,231.1374249,0.232918705,x
1116,3,1798.433228,22.33664908,219.703524,0.220489852,x
1116,3,1798.400879,21.61632946,224.4960006,0.219254727,x
1116,3,1798.386108,23.48995377,219.3869945,0.232155286,x
1116,3,1798.353516,20.66496209,237.9668785,0.229323231,
1116,3,1098.301514,20.61456495,264.8111562,0.277512087,
1116,3,501.4769287,16.89330747,295.7571665,0.296017106,
1116,3,298.5593872,12.72245386,323.4237266,0.309572503,
1116,3,151.1650391,5.515087395,362.59246,0.298170814,
1116,3,50.12275696,0.740711733,390.3314769,0.284795222,
1116,3,50.12275696,0.740711733,390.3314769,0.284795222,
1117,1,1798.494141,15.58375842,134.0103165,0.100171174,
1117,1,1100.176636,12.98783587,179.2496546,0.101117485,
1117,1,499.3387451,10.03357123,218.5041554,0.095311501,
1117,1,298.4981079,7.003351416,254.188315,0.083590384,
1117,1,149.51651,3.759422459,297.9790756,0.065430202,
1117,1,48.74009705,0.59239134,360.952619,0.031521196,
1117,1,48.74009705,0.59239134,360.952619,0.031521196,
1117,2,1800.879272,6.12196167,274.0286501,0.08433112,
1117,2,1098.252808,5.500577557,275.9718316,0.076664116,
1117,2,498.6331787,5.513578474,268.7260592,0.072052736,
1117,2,299.5489502,3.498632168,305.9148079,0.065347254,
1117,2,151.4299622,2.731593096,316.4006726,0.057779306,
1117,2,51.35071945,0.434852744,379.9679629,0.053173011,
1117,2,51.35071945,0.434852744,379.9679629,0.053173011,
1117,3,1800.3125,16.97938421,252.3558848,0.207202824,
1117,3,1101.067383,14.47818814,265.8460617,0.195020642,
1117,3,497.8963013,11.20640621,284.9110756,0.174623786,
1117,3,299.0774231,7.871999711,306.8124618,0.153445603,
1117,3,151.1777344,4.335909056,340.7146762,0.138227834,
1117,3,51.41053391,-0.158325941,394.7303001,0.118008592,
1117,3,51.41053391,-0.158325941,394.7303001,0.118008592,
1118,1,1798.515137,23.28350784,160.3506062,0.170195046,
1118,1,1101.958618,21.24853465,177.6580507,0.167125559,
1118,1,498.1604309,17.45670387,203.6454914,0.155008317,
1118,1,300.4685669,13.5745722,222.5557501,0.132997886,
1118,1,151.1029358,7.771653311,271.2260185,0.106612089,
1118,1,49.75929642,3.608709348,310.5066463,0.072630975,
1118,1,49.75929642,3.297059339,310.3922455,0.066249969,
1118,2,1800.33313,26.72327824,224.6020627,0.270880064,
1118,2,1098.943237,24.3138472,258.6650181,0.308683083,
1118,2,498.7376099,19.00829533,303.5609399,0.358737466,
1118,2,300.8676453,12.15951482,339.8525993,0.379489607,
1118,2,149.5210266,6.881132713,365.9495844,0.393900441,
1118,2,50.32686234,1.694365577,388.464678,0.361204311,
1118,2,50.32686234,1.694365577,388.464678,0.361204311,
1118,3,1800.010254,5.525061793,175.9721795,0.042438204,
1118,3,1099.094971,5.134013766,205.9285207,0.04571184,
1118,3,501.7737122,4.598029498,232.8183437,0.04769095,
1118,3,301.4821167,4.192786068,243.7048217,0.046569639,
1118,3,148.8735962,3.047504487,281.4668678,0.045668675,
1118,3,50.69280624,2.512067689,288.9344363,0.040301193,
1118,3,50.69280624,2.512067689,288.9344363,0.040301193,
1120,1,1799.351318,19.2311355,180.6923753,0.151129441,
1120,1,1099.391968,17.85978738,206.1588062,0.158860251,
1120,1,501.9107361,14.76354399,245.7470022,0.165855788,
1120,1,301.6513672,12.94851943,262.2339407,0.162866675,
1120,1,149.0480194,7.537299601,313.3472872,0.154051084,
1120,1,50.86730576,2.464299624,366.830797,0.146933544,
1120,1,50.86730576,2.464299624,366.830797,0.146933544,
1120,2,1800.160278,36.30412006,225.2034674,0.36747982,
1120,2,1100.354736,32.68450995,244.6712697,0.371297831,
1120,2,499.3233948,25.87194014,274.3224227,0.362413681,
1120,2,301.0178528,20.85798493,294.1524794,0.347178203,
1120,2,148.9558105,13.82272307,315.4797982,0.288327519,
1120,2,50.82648468,4.933222966,361.7959633,0.24178939,
1120,2,50.82648468,4.933222966,361.7959633,0.24178939,
1121,1,1798.442139,22.90917546,185.9233421,0.185623573,
1121,1,1098.379883,20.68811855,212.9819287,0.19224715,
1121,1,498.6357727,14.17137195,267.0425992,0.187175742,
1121,1,300.8483276,11.48421054,284.6490654,0.175171719,
1121,1,151.0587463,5.400861234,339.7315872,0.166284973,
1121,1,49.7289772,0.602741354,387.3417915,0.152616851,
1121,1,49.7289772,0.602741354,387.3417915,0.152616851,
1121,2,1799.948608,27.5604431,187.7094161,0.224993845,
1121,2,1102.360352,24.69986798,211.4055433,0.226582516,
1121,2,499.9983826,20.30489993,243.9097932,0.224727699,
1121,2,301.7931519,14.92323824,273.9833774,0.205311887,
1121,2,149.3824615,6.747274859,330.9125109,0.175136603,
1121,2,51.40597534,2.295717423,370.1749002,0.152804686,
1121,2,51.40597534,2.295717423,370.1749002,0.152804686,
1121,3,1797.720947,25.86618216,214.0641515,0.247187035,
1121,3,1099.668213,24.14299775,226.9385681,0.247247083,
1121,3,501.1671448,17.9719857,264.4610859,0.235905408,
1121,3,298.4615173,13.01053584,286.0812122,0.20347553,
1121,3,150.8738556,6.920142927,325.771398,0.170339964,
1121,3,51.22505188,0.827943767,382.3631508,0.132888072,
1121,3,51.22505188,0.827943767,382.3631508,0.132888072,
1122,1,1798.976807,32.01367446,240.6408083,0.36244727,
1122,1,1798.165771,31.207761,272.0996156,0.46129442,x
1122,1,1101.881836,29.21758408,258.5216129,0.373804255,
1122,1,1101.404785,27.72764607,287.9206614,0.468283082,x
1122,1,503.1943054,21.24075995,295.1359402,0.370176153,
1122,1,498.9284058,19.00361423,321.2721567,0.46692118,x
1122,1,300.7209167,14.38142549,335.6266294,0.437931864,x
1122,1,299.1639404,15.40063936,318.8487185,0.35203785,
1122,1,151.5170135,8.976632975,356.2408522,0.417770633,x
1122,1,147.9679413,9.363260127,345.0509233,0.323763757,
1122,1,51.65267944,1.809945274,385.3094338,0.405218711,x
1122,1,51.65267944,1.809945274,385.3094338,0.405218711,x
1122,1,50.49931717,2.686132901,378.0014832,0.283236875,
1122,1,50.49931717,2.686132901,378.0014832,0.283236875,
1123,1,1800.211792,24.93604843,220.7827589,0.248401857,
1123,1,1097.82019,22.28119575,247.0442583,0.261565178,
1123,1,500.6628113,17.51006296,279.0681718,0.260805955,
1123,1,302.1973877,13.51870823,304.325867,0.25604219,
1123,1,151.0108795,6.292024901,350.889034,0.247089209,
1123,1,50.48959732,1.845620494,381.5164156,0.235919007,
1123,1,50.48959732,1.845620494,381.5164156,0.235919007,
1123,2,1800.638916,17.73193872,230.3085225,0.188445845,
1123,2,1101.524536,16.56703897,250.6335283,0.20073166,
1123,2,501.2680359,12.95105859,283.2218171,0.201976706,
1123,2,298.8145752,9.066249091,312.7880887,0.191721383,
1123,2,148.7184601,4.597695835,352.0694427,0.18745249,
1123,2,48.67416382,0.317713221,390.4474266,0.165624754,
1123,2,48.67416382,0.317713221,390.4474266,0.165624754,
1123,3,1800.568359,13.62630171,178.3183568,0.105496873,
1123,3,1100.511719,13.75536154,185.9335456,0.109756282,
1123,3,498.2802734,12.20093984,217.3539687,0.114180972,
1123,3,301.9282227,9.443422847,247.6288493,0.106272996,
1123,3,149.14328,5.031972756,313.5758598,0.102659316,
1123,3,51.03587341,2.022924805,356.5402461,0.087649465,
1123,3,51.03587341,2.022924805,356.5402461,0.087649465,
1124,1,1800.638184,8.405616321,183.0615671,0.065965901,
1124,1,1101.75415,8.002500806,198.084419,0.067134298,
1124,1,500.4089966,6.550148178,225.2863447,0.063270955,
1124,1,299.5594788,5.074897918,226.9677048,0.049115313,
1124,1,149.1090546,3.105610016,280.5906784,0.04422878,
1124,1,50.74434662,-0.779079952,434.628926,0.030104119,
1124,1,50.74434662,-0.779079952,434.628926,0.030104119,
1124,2,1798.451294,14.84783038,NA,0.131438374,
1124,2,1100.446655,13.69574721,NA,0.130243983,
1124,2,499.0638428,10.98296568,NA,0.134989938,
1124,2,301.7863464,7.55005753,NA,0.122449771,
1124,2,150.0171661,5.223863544,NA,0.115148442,
1124,2,48.49633789,1.44675177,NA,0.11177976,
1124,2,48.49633789,1.44675177,NA,0.11177976,
1124,3,1798.706909,18.86013519,244.4246861,0.215466098,
1124,3,1798.697754,19.06468232,244.6676549,0.218073701,
1124,3,1101.154175,17.88537873,264.5695602,0.235530896,
1124,3,502.744812,15.47510356,293.5311856,0.261594332,
1124,3,298.9993896,12.15621583,312.9581363,0.254497894,
1124,3,147.2041626,6.590722986,347.1839075,0.242272198,
1124,3,50.04832458,2.744383295,373.5789248,0.238290196,
1126,1,1799.935913,33.57615719,250.9169888,0.404678867,
1126,1,1101.701294,29.35172697,271.5603815,0.410969713,
1126,1,500.2738647,25.69112038,281.5564387,0.385221084,
1126,1,301.8356323,14.5872867,327.2948334,0.36979664,
1126,1,150.7550964,8.969968401,345.5410967,0.308431089,
1126,1,51.27099228,1.013639228,387.2326654,0.256930741,
1126,1,51.27099228,1.013639228,387.2326654,0.256930741,
1126,2,1800.821655,19.84623646,205.8265445,0.17711952,
1126,2,1100.945801,18.97086819,223.6842406,0.186181407,
1126,2,498.7505798,17.5149105,235.0093639,0.182468182,
1126,2,299.5725708,12.54421267,275.770102,0.175322855,
1126,2,151.8194122,7.089665379,317.1497701,0.151675982,
1126,2,50.46592331,2.438697816,360.4490943,0.118419448,
1126,2,50.46592331,2.438697816,360.4490943,0.118419448,
1126,3,1800.740479,19.81446196,210.344182,0.182268361,
1126,3,1101.325684,21.12335862,206.2579166,0.188047064,
1126,3,500.921875,14.09422359,272.5202519,0.194731004,
1126,3,299.629364,9.43628894,305.5068708,0.179222927,
1126,3,150.8159485,6.476400676,330.9537245,0.171548496,
1126,3,50.93453598,1.323431212,379.6024478,0.160151436,
1126,3,50.93453598,1.323431212,379.6024478,0.160151436,
1127,1,1801.000488,21.91983654,237.8412303,0.243888956,
1127,1,1100.668579,20.07420605,259.1871742,0.257633924,
1127,1,500.5452271,15.38606918,297.7275953,0.274769448,
1127,1,300.9342957,11.3835444,324.0046136,0.277923869,
1127,1,148.4844208,6.9073155,351.2261638,0.27163327,
1127,1,50.80418015,1.686576094,384.4356286,0.269142907,
1127,1,50.80418015,1.686576094,384.4356286,0.269142907,
1127,3,1798.813721,36.64907384,239.1378207,0.426257402,
1127,3,1098.588745,33.46960707,259.9146903,0.448377557,
1127,3,499.2976074,25.2956454,293.8112487,0.448676224,
1127,3,300.0967102,16.95111315,319.3581467,0.398573915,
1127,3,148.1387482,7.856099842,353.6650916,0.33657203,
1127,3,50.54597855,2.615101803,377.1192768,0.26056304,
1127,3,50.54597855,2.615101803,377.1192768,0.26056304,
1128,1,1800.088257,22.75624532,231.060171,0.245875881,
1128,1,1102.06897,20.33498535,258.7692286,0.265356114,
1128,1,499.9104309,14.06624766,302.7316493,0.273456122,
1128,1,301.4838257,9.926742301,327.5337323,0.26653663,
1128,1,150.260376,5.095126361,356.1189652,0.24588692,
1128,1,51.06415939,1.82881645,377.936716,0.220552519,
1128,1,51.06415939,1.82881645,377.936716,0.220552519,
1128,2,1800.095581,12.92584399,236.6755436,0.137395148,
1128,2,1100.347046,12.53492531,231.0231444,0.127525339,
1128,2,498.059967,7.63431824,297.8697403,0.131981756,
1128,2,299.0995178,5.887700629,318.4354311,0.128766907,
1128,2,151.407486,3.429453451,347.683978,0.121395096,
1128,2,50.28305054,-0.05206314,394.5660578,0.109326716,
1128,2,50.28305054,-0.05206314,394.5660578,0.109326716,
1128,3,1798.016479,16.56124606,282.4382744,0.261534013,
1128,3,1100.30835,15.23446865,300.4853665,0.285467041,
1128,3,498.0026245,11.19411269,330.1790731,0.305083705,
1128,3,301.620636,8.386496495,347.9531162,0.313782449,
1128,3,148.9857178,4.545285254,369.6070497,0.312220984,
1128,3,50.82112122,-0.242999134,396.3196489,0.3094701,
1128,3,50.82112122,-0.242999134,396.3196489,0.3094701,
1129,1,1799.283936,21.9578267,194.0423159,0.190418294,
1129,1,1103.236206,19.05123541,225.005108,0.195695166,
1129,1,502.7917175,14.2785229,259.4084356,0.184016705,
1129,1,301.0328674,11.09747296,270.118595,0.154108492,
1129,1,150.8029785,5.881940772,305.2523208,0.115032109,
1129,1,49.17409134,1.093835396,362.1518323,0.06823689,
1129,1,49.17409134,1.093835396,362.1518323,0.06823689,
1129,3,1798.397827,6.624093215,243.3502787,0.071608041,
1129,3,1102.211182,6.34630211,204.6796444,0.054139528,
1129,3,502.0319214,4.688039985,193.539011,0.037524578,
1129,3,300.8045349,3.690002705,145.8244024,0.023766763,
1129,3,150.9877167,2.270610813,-749.7316377,0.003156275,
1129,3,48.99222183,-0.016359977,390.0132166,-0.006055151,
1129,3,48.99222183,-0.016359977,390.0132166,-0.006055151,
1130,1,1798.210571,9.692800502,152.1068835,0.06577158,
1130,1,1101.139404,9.116176816,178.9289996,0.069316376,
1130,1,501.2279358,6.945003331,224.3693642,0.066852494,
1130,1,298.724823,7.051546583,204.6811698,0.060431877,
1130,1,148.4212036,4.740036123,248.4035602,0.052703144,
1130,1,51.54240036,1.492870896,337.5369777,0.042870456,
1130,1,51.54240036,1.492870896,337.5369777,0.042870456,
1130,2,1799.342896,7.604195016,193.6249175,0.063092668,
1130,2,1098.839111,6.389281244,217.6104589,0.059929478,
1130,2,500.3314819,6.520149103,201.3430375,0.05526829,
1130,2,298.156189,4.067560768,271.5319607,0.054380502,
1130,2,148.7003326,3.362177637,289.3723761,0.052397126,
1130,2,48.60154724,0.355650125,378.9454944,0.040025222,
1130,2,48.60154724,0.355650125,378.9454944,0.040025222,
1130,3,1798.494751,10.38538604,225.4519395,0.104115648,
1130,3,1100.439819,9.706781107,234.1717335,0.101785135,
1130,3,500.9907227,7.419261816,269.2988589,0.09919742,
1130,3,298.5643005,6.081401661,278.2549963,0.086800926,
1130,3,148.8275299,3.381607579,315.9289335,0.071284548,
1130,3,48.81974411,0.328934651,382.8143465,0.051310693,
1130,3,48.81974411,0.328934651,382.8143465,0.051310693,
1131,1,1800.579956,23.9065013,203.4608196,0.21470061,
1131,1,1101.497192,22.13632186,232.4703121,0.234278125,
1131,1,497.9333191,16.43826852,281.0123135,0.247676872,
1131,1,298.7999573,13.39220448,303.0584922,0.248195298,
1131,1,148.1438751,6.834834719,348.5197111,0.248683352,
1131,1,50.74726105,2.576171771,377.9363317,0.244757138,
1131,1,50.74726105,2.576171771,377.9363317,0.244757138,
1131,2,1798.472534,20.65766621,214.1014972,0.196398674,
1131,2,1101.497314,18.12378397,244.6424564,0.206730599,
1131,2,501.2483521,14.0783299,279.2757362,0.207926249,
1131,2,298.4629517,12.8952661,286.4781737,0.201240461,
1131,2,148.7384033,8.768789134,320.5676636,0.199069829,
1131,2,48.44726181,3.070901297,367.1693703,0.186216808,
1131,2,48.44726181,3.070901297,367.1693703,0.186216808,
1131,3,1800.69043,20.2264747,NA,0.254807842,
1131,3,1098.522217,18.8934508,NA,0.239355544,
1131,3,499.5158997,15.24470711,NA,0.229813464,
1131,3,301.2172852,12.61128209,NA,0.221225883,
1131,3,147.9611969,7.23818438,NA,0.213585987,
1131,3,49.41749573,3.275427131,NA,0.183694298,
1131,3,49.41749573,3.275427131,NA,0.183694298,
1132,1,1799.087402,13.11726546,233.3242732,0.142051209,
1132,1,1098.393921,12.50280943,244.7885958,0.144968951,
1132,1,501.5993958,10.11212814,268.4967526,0.139338918,
1132,1,300.1447144,7.367668315,291.7550419,0.125767184,
1132,1,150.1332245,4.163527628,327.4375665,0.112351411,
1132,1,50.20465469,1.583039494,360.5372519,0.092433983,
1132,1,50.20465469,1.583039494,360.5372519,0.092433983,
1132,2,1801.540283,6.241018011,227.3539046,0.064746846,x
1132,2,1100.076294,4.911772342,269.5535577,0.068918196,
1132,2,500.7673645,4.598569645,279.8757518,0.069747825,
1132,2,299.3798218,3.626174091,300.3146284,0.06772797,
1132,2,149.4084778,2.867452491,316.3331884,0.065498476,
1132,2,47.92483521,0.706211067,368.371117,0.062366209,
1132,2,47.92483521,0.706211067,368.371117,0.062366209,
1132,3,1799.101074,2.030051256,241.4820211,0.022735272,x
1132,3,1101.81604,2.501775124,235.3943472,0.026330858,x
1132,3,500.4823303,1.493361116,304.4645197,0.028788622,x
1132,3,299.1981506,1.748180373,296.0584873,0.030192405,x
1132,3,148.8821411,3.420932768,216.2828251,0.031489008,x
1132,3,50.29115677,-0.28280714,404.2729828,0.029824744,x
1132,3,50.29115677,-0.28280714,404.2729828,0.029824744,x
1133,1,1797.800659,26.15547162,198.1531757,0.22909946,
1133,1,1100.288208,23.40506536,231.4781172,0.24631287,
1133,1,501.627533,18.73407861,272.6807696,0.26282844,
1133,1,298.0748901,13.04666717,312.4642823,0.271162952,
1133,1,151.3730621,7.452135351,346.6117739,0.265043458,
1133,1,49.93443298,1.347308599,386.014215,0.25663469,
1133,1,49.93443298,1.347308599,386.014215,0.25663469,
1133,2,1801.801636,26.80374002,265.6624068,0.367604971,
1133,2,1799.332153,25.37605344,264.9524729,0.34117375,x
1133,2,1101.383301,25.15314102,274.5849579,0.366890598,
1133,2,1099.127197,24.01900642,270.2689803,0.33288577,x
1133,2,500.9908142,19.02691508,299.6338101,0.346450541,
1133,2,499.70755,14.69552455,319.3373587,0.33742681,x
1133,2,300.3918457,12.01276042,331.9705277,0.329484426,x
1133,2,299.5941772,15.78084254,311.3303027,0.322493591,
1133,2,150.1604462,8.7421881,346.0360377,0.296752079,
1133,2,148.3105927,6.528391572,359.1817163,0.316311629,x
1133,2,51.42156219,3.016021548,377.5768081,0.266490128,x
1133,2,51.42156219,3.016021548,377.5768081,0.266490128,x
1133,2,50.77846527,3.542851951,374.2097109,0.293699937,
1133,2,50.77846527,3.542851951,374.2097109,0.293699937,
1133,3,1800.741089,20.2407873,231.8250861,0.211681603,
1133,3,1100.484741,18.51806553,254.0724141,0.223268658,
1133,3,499.870697,14.06598827,287.0962123,0.220305041,
1133,3,300.3648682,10.79382423,311.4588711,0.217586369,
1133,3,148.0477448,6.414993592,341.278268,0.198732226,
1133,3,48.56391907,1.08854341,386.0300573,0.194743964,
1133,3,48.56391907,1.08854341,386.0300573,0.194743964,
1134,1,1802.731323,6.961707329,-181.1930678,0.019318896,x
1134,1,1102.154419,1.896522909,290.2765769,0.030307148,x
1134,1,501.3883057,0.332031932,355.7071905,0.014984076,x
1134,1,296.6253662,1.165665167,11749.80749,-0.000162431,x
1134,1,150.7819824,5.103321527,34.74628524,0.022719079,x
1134,1,46.853508,0.920788358,260.2113122,0.011056722,x
1134,1,46.853508,0.920788358,260.2113122,0.011056722,x
1134,2,1800.133057,20.80822451,202.3498619,0.182198248,
1134,2,1100.223389,17.92623108,235.1078202,0.1892147,
1134,2,498.9223328,13.88061933,264.4638885,0.178810696,
1134,2,300.7565308,11.596122,278.9736055,0.167485232,
1134,2,150.5275421,8.625624229,299.6495271,0.150998592,
1134,2,48.87620544,1.69791112,371.8330156,0.129576811,
1134,2,48.87620544,1.69791112,371.8330156,0.129576811,
1134,3,1799.662231,28.38174079,255.5292916,0.354264145,
1134,3,1100.522339,23.56326007,279.9302928,0.355745947,
1134,3,500.3414307,17.64787993,307.7356362,0.348415157,
1134,3,301.0143738,11.10774293,337.6563312,0.337184959,
1134,3,149.0244446,7.074973356,356.4645768,0.31940046,
1134,3,51.55115509,0.866080761,388.6089343,0.289778763,
1134,3,51.55115509,0.866080761,388.6089343,0.289778763,
1136,1,1800.842163,2.602996822,342.832973,0.099000038,
1136,1,1098.114868,2.105649813,352.2679782,0.099552916,
1136,1,500.8387756,1.545133774,361.8026558,0.097253777,
1136,1,299.882019,0.826759173,374.5208141,0.099574107,
1136,1,149.4573669,0.234713243,384.6950802,0.100591628,
1136,1,51.04272079,-0.871343194,402.6728962,0.100379107,
1136,1,51.04272079,-0.871343194,402.6728962,0.100379107,
1136,3,1798.799438,3.976955711,229.4522289,0.040448318,
1136,3,1098.022705,4.552159887,217.5092907,0.042452097,
1136,3,501.8945313,4.18921731,241.6224957,0.04523739,
1136,3,298.5853882,4.812582352,212.0638021,0.043138105,x
1136,3,147.7709961,2.7254501,286.994926,0.042063498,
1136,3,50.48664474,1.942630467,301.736127,0.034713655,
1136,3,50.48664474,1.942630467,301.736127,0.034713655,
1137,2,1801.293945,10.99160878,227.4087841,0.112950474,
1137,2,1101.511475,12.85097201,215.0632869,0.121236195,
1137,2,499.5906372,10.88028674,251.1650226,0.129138253,
1137,2,303.3244629,10.57352468,259.9174846,0.133363188,
1137,2,152.4115601,7.190350221,302.0304925,0.134021028,
1137,2,49.9847641,3.366140569,349.6445146,0.13747261,
1137,2,49.9847641,3.366140569,349.6445146,0.13747261,
1138,1,1799.157104,16.88411315,254.9375608,0.206166517,
1138,1,1099.933594,15.96792086,270.1087385,0.217495806,
1138,1,499.7910767,14.640016,286.8000061,0.228143958,
1138,1,298.90802,11.20291253,311.1069079,0.224309571,
1138,1,149.7197266,6.540584369,348.4327153,0.236045799,
1138,1,51.21776581,3.004652004,373.8149387,0.232555248,
1138,1,51.21776581,3.004652004,373.8149387,0.232555248,
1138,2,1799.454102,19.89747172,249.4851154,0.236918564,
1138,2,1100.362183,18.22145699,262.076388,0.236130065,
1138,2,498.6344604,16.84033407,274.5531358,0.23804882,
1138,2,299.4949951,9.204004712,326.6474385,0.234312347,
1138,2,149.2094269,6.885619626,342.3580298,0.22658401,
1138,3,1798.510498,19.45341073,204.8981543,0.173650075,
1138,3,1101.68103,17.37749634,225.8870193,0.173530069,
1138,3,499.2142639,13.47820917,258.7262458,0.166132849,
1138,3,299.7800903,12.00470736,262.7268522,0.151436281,
1138,3,149.52565,5.708229586,325.3725236,0.138460563,
1138,3,48.85955048,0.236654212,389.1580797,0.103127895,
1138,3,48.85955048,0.236654212,389.1580797,0.103127895,
1139,1,1800.362305,10.79974039,206.3997123,0.095381159,
1139,1,1099.234741,11.59408882,216.2033883,0.107265196,
1139,1,499.7463379,10.36184041,244.6749964,0.113518355,
1139,1,300.1530762,9.345717201,267.8748201,0.121104188,
1139,1,152.0354004,6.165425284,310.1917431,0.119718734,
1139,1,50.4747963,2.051764805,361.6556317,0.102629564,
1139,1,50.4747963,2.051764805,361.6556317,0.102629564,
1139,2,1798.794922,37.53676372,5.247011788,0.158834326,
1139,2,1099.855591,33.59442015,32.00180273,0.151974435,
1139,2,498.1346436,25.69804335,34.10611371,0.115845401,
1139,2,302.4139099,19.96130425,22.44671209,0.08658831,
1139,2,151.5442047,13.31612356,22.3489254,0.057359121,
1139,2,49.36138535,8.806392156,-94.73241438,0.028727736,
1139,2,49.36138535,8.806392156,-94.73241438,0.028727736,
1139,3,1800.991089,21.82402082,183.8944013,0.172787199,
1139,3,1100.190552,18.33823813,220.2928897,0.174973849,
1139,3,502.0045166,11.45916611,281.2907419,0.168159601,
1139,3,298.638092,7.135692685,321.5294878,0.162868037,
1139,3,148.3431244,1.742237611,374.6577577,0.152291376,
1139,3,50.71659851,-2.088120312,420.3218409,0.125919254,
1139,3,50.71659851,-2.088120312,420.3218409,0.125919254,
1140,1,1800.611694,47.91049523,241.4926893,0.555465392,
1140,1,1100.789917,44.0670267,260.9490125,0.583875399,
1140,1,498.4869995,33.69738278,293.8479687,0.591986113,
1140,1,299.5114441,27.16381841,312.4209224,0.583073736,
1140,1,151.6938477,14.89595904,346.9091494,0.551010705,
1140,1,50.48714828,5.811026265,373.2504115,0.478318692,
1140,1,50.48714828,5.811026265,373.2504115,0.478318692,
1140,2,1799.828125,6.964832274,140.0088933,0.045093946,
1140,2,1100.804077,6.439563338,166.059293,0.046268002,
1140,2,498.8450317,4.891525033,208.1243334,0.042906306,
1140,2,301.066925,4.610632533,202.5184345,0.039080476,
1140,2,151.6806183,2.771649586,272.4503303,0.037091364,
1140,2,48.29573441,0.425963015,365.8809607,0.025215357,
1140,2,48.29573441,0.425963015,365.8809607,0.025215357,
1140,3,1798.22522,4.488001199,205.6405605,0.039393374,x
1140,3,1099.289063,5.579095509,178.5716384,0.042286616,
1140,3,500.9021606,4.850347672,198.2258666,0.040235229,
1140,3,298.4456177,4.148261787,234.710944,0.042358782,
1140,3,150.8955688,3.983219917,234.0818275,0.04032707,x
1140,3,51.31604004,1.318888972,311.5993524,0.026082099,
1140,3,51.31604004,1.318888972,311.5993524,0.026082099,
1141,1,1798.299927,7.46154802,234.0092193,0.079937894,
1141,1,1099.133057,7.058946375,240.0527423,0.07773202,
1141,1,501.3300476,6.01177292,255.6877019,0.07325954,
1141,1,298.186554,4.352775456,283.8430394,0.066665434,
1141,1,151.9754639,2.784277447,311.9626373,0.057718835,
1141,1,50.38110733,1.428138321,342.7128959,0.048515038,
1141,1,50.38110733,1.428138321,342.7128959,0.048515038,
1141,2,1799.859741,20.36439472,270.1795443,0.297251814,
1141,2,1099.854736,15.43228898,295.2390171,0.284857807,
1141,2,499.1376038,12.17244717,312.0110235,0.270095141,
1141,2,301.020874,8.972756778,326.6353768,0.239034218,
1141,2,150.5770416,4.431767982,354.5364017,0.20810613,
1141,2,49.75376129,5.842653799,336.3443099,0.176085149,x
1141,2,49.75376129,5.842653799,336.3443099,0.176085149,x
1141,3,1799.785522,5.545985329,193.6870975,0.046361093,
1141,3,1100.018066,4.838056536,229.8181374,0.049398102,
1141,3,501.3568726,4.169375071,262.5521635,0.053083559,
1141,3,298.0941162,3.431467779,281.5384404,0.051184034,
1141,3,152.0892334,2.389337621,311.3724126,0.048821836,
1141,3,50.24007034,0.753348897,361.9027774,0.042380304,
1141,3,50.24007034,0.753348897,361.9027774,0.042380304,
1142,1,1800.206665,16.00218968,214.8368191,0.154984465,
1142,1,1100.110107,15.00515296,229.1744226,0.157120257,
1142,1,500.0834656,11.9331119,265.1700295,0.160268422,
1142,1,301.8208313,9.856215932,285.7799208,0.157571479,
1142,1,148.4536133,5.595539502,328.8735201,0.150726602,
1142,1,51.63342285,-8.778499016,-2148.292899,-0.005449841,
1142,1,51.63342285,-8.778499016,-2148.292899,-0.005449841,
1142,2,1799.673218,15.34694532,226.7473287,0.159039402,
1142,2,1099.930054,14.07262203,251.5399855,0.170934203,
1142,2,502.0593262,10.89159208,291.5541107,0.184171854,
1142,2,301.7409668,8.637995261,313.3793254,0.185932976,
1142,2,148.9649506,5.732148507,339.9987153,0.183987625,
1142,2,50.90771866,2.22306901,371.5749452,0.174765225,
1142,2,50.90771866,2.22306901,371.5749452,0.174765225,
1143,1,1798.579468,19.88765585,163.9756599,0.145833908,
1143,1,1097.503052,18.62665639,192.6412103,0.155307145,
1143,1,500.6469116,14.2621094,247.5714034,0.163406446,
1143,1,297.468689,11.74316401,271.5376007,0.159794159,
1143,1,152.7185364,7.453052928,308.861847,0.144593454,
1143,1,49.4705925,2.585459526,357.3410978,0.114526026,
1143,1,49.4705925,2.585459526,357.3410978,0.114526026,
1143,2,1799.015259,27.93223571,202.862457,0.251713444,
1143,2,1101.805786,26.22672142,226.2863869,0.268398645,
1143,2,502.634491,19.56765611,272.6405551,0.275627233,
1143,2,299.0420227,14.63557344,303.584441,0.275025674,
1143,2,147.1723022,9.564905367,331.9142879,0.258779538,
1143,2,50.23773193,4.329622867,365.0038871,0.242860195,
1143,2,50.23773193,4.329622867,365.0038871,0.242860195,
1143,3,1798.414795,44.89730277,232.7772717,0.493125132,
1143,3,1098.571045,42.42470816,240.5286796,0.486051612,
1143,3,501.5246582,33.49260459,268.7153738,0.46638209,
1143,3,298.6358337,27.12448826,277.4572846,0.401126136,
1143,3,151.2831879,13.02765792,317.9464967,0.294677671,
1143,3,50.23856735,3.076373182,356.9849959,0.146775599,
1143,3,50.23856735,3.076373182,356.9849959,0.146775599,
1144,1,1796.469238,18.74786063,255.6220565,0.232705391,
1144,1,1095.035034,16.03183727,277.8683887,0.23551264,
1144,1,501.0127869,9.691463133,325.9625171,0.242042184,
1144,1,297.0679016,6.134381818,350.8613685,0.23747423,
1144,1,192.3001404,3.121290147,373.0365826,0.246107112,
1144,1,192.3001404,3.121290147,373.0365826,0.246107112,
1144,1,192.2837219,2.3368544,377.9648029,0.239039489,
1144,2,1800.3479,27.30407147,266.7119039,0.379257382,
1144,2,1099.431396,23.28594473,289.0906338,0.391910324,
1144,2,498.3121643,18.58402965,309.3772495,0.383136055,
1144,2,149.4365845,4.312467902,309.8288121,0.084411801,
1144,2,48.75966263,1.879096369,364.6770396,0.106091269,
1144,2,48.75966263,1.879096369,364.6770396,0.106091269,
1144,3,1800.35022,26.15292966,229.5890274,0.266457562,
1144,3,1098.447266,23.9174541,249.0561353,0.275447646,
1144,3,502.717865,18.32033069,279.41918,0.2639071,
1144,3,297.2025757,12.61781971,316.1170422,0.265107077,
1144,3,151.0195923,7.146921023,348.0181584,0.249444282,
1144,3,52.14232254,1.980646726,382.4345109,0.244445855,
1144,3,52.14232254,1.980646726,382.4345109,0.244445855,
1145,1,1798.594604,16.10018403,263.5669358,0.212720613,
1145,1,1098.160278,15.45276882,274.6195455,0.221538216,
1145,1,498.6331177,12.29432228,303.1560436,0.230588644,
1145,1,300.4675598,10.03989215,316.5043897,0.220523875,
1145,1,150.9080505,5.746144958,347.3414639,0.212265756,
1145,1,49.56490326,1.123327519,383.0095568,0.193519417,
1145,1,49.56490326,0.971791953,382.9198523,0.166248396,
1145,2,1800.247803,19.67635099,191.3207061,0.166666753,
1145,2,1099.2323,18.37007406,212.3979367,0.173161467,
1145,2,501.6651306,14.01031639,255.9593947,0.174090279,
1145,2,301.7885437,10.84421885,280.9793258,0.164120404,
1145,2,148.8655396,5.343032207,331.5580352,0.148570121,
1145,2,48.87953949,0.285555675,387.2391722,0.13233089,
1145,2,48.87953949,0.285555675,387.2391722,0.13233089,
1145,3,1800.146729,22.43246123,268.4952616,0.306851683,
1145,3,1101.320557,19.68156789,284.6811566,0.306208354,
1145,3,499.4561768,17.04374567,308.1295645,0.333344001,
1145,3,297.9014587,12.75319019,327.6196645,0.318252554,
1145,3,151.6078186,7.68811363,351.2543487,0.289844921,
1145,3,49.49254608,3.145032186,375.5189094,0.254004393,
1145,3,49.49254608,3.145032186,375.5189094,0.254004393,
1146,1,1801.240112,24.18018745,221.8846982,0.24283422,
1146,1,1101.58606,20.86148555,222.6117131,0.206679372,
1146,1,498.3511658,18.74450314,240.1325089,0.205494637,
1146,1,300.2307129,14.03812666,298.6059338,0.250408058,
1146,1,150.8892059,4.491556691,362.2721014,0.240190854,
1146,1,51.25363541,-0.45332938,398.7728156,0.182508871,
1146,1,51.25363541,-0.45332938,398.7728156,0.182508871,
1146,2,1798.407593,13.44698084,205.264257,0.120518573,
1146,2,1101.716431,13.74455267,217.2935032,0.130932546,
1146,2,499.8522949,13.58923978,231.9735138,0.140215937,
1146,2,300.1579285,9.849024059,274.7529875,0.13834183,
1146,2,148.0598602,6.318473357,312.7948335,0.130347549,
1146,2,50.58148193,0.732999072,380.9554261,0.103350314,
1146,2,50.58148193,0.732999072,380.9554261,0.103350314,
1146,3,1799.942139,16.46765935,231.8163833,0.174062928,
1146,3,1099.891602,16.92395196,232.6227389,0.177695269,
1146,3,501.2114563,15.9035896,236.4419253,0.168521969,
1146,3,298.9754028,10.40733896,284.5703696,0.158311028,
1146,3,149.8053741,7.034284731,314.3844299,0.146275086,
1146,3,49.45534515,3.155955025,354.3843284,0.128116371,
1146,3,49.45534515,3.155955025,354.3843284,0.128116371,
1147,1,1802.336792,17.71575337,154.5462118,0.124596266,
1147,1,1099.99939,16.73877659,174.0937502,0.127633931,
1147,1,498.3380432,13.3028505,213.7526358,0.123374811,
1147,1,299.2127075,9.685559742,230.3110189,0.09832273,
1147,1,151.1598511,4.763672016,274.7324447,0.066260722,
1147,1,51.32344437,0.148625046,383.7517904,0.037796532,
1147,1,51.32344437,0.148625046,383.7517904,0.037796532,
1147,2,1801.593628,19.62163829,215.7632551,0.18818605,
1147,2,1098.281128,17.49210682,248.3874398,0.205557006,
1147,2,498.7744446,12.05135071,298.0597406,0.213645553,
1147,2,299.3972473,7.724833067,331.7304523,0.209165023,
1147,2,148.6983337,2.318105005,374.9242918,0.201457108,
1147,2,50.72900772,-2.445227882,416.935376,0.1862221,
1147,2,50.72900772,-3.21285984,416.7465239,0.248371281,
1147,3,1798.599609,13.23373987,167.0569637,0.097968505,
1147,3,1099.343872,13.95378994,159.2672104,0.098960732,
1147,3,499.6105652,11.35429141,190.5104536,0.092380311,
1147,3,300.1243896,8.469349051,211.9901924,0.076605247,
1147,3,148.0719604,4.487187098,269.570375,0.059410869,
1147,3,50.45209122,0.529041175,363.6853601,0.030623921,
1147,3,50.45209122,0.529041175,363.6853601,0.030623921,
1148,1,1797.275879,18.77761592,277.0146997,0.274297448,
1148,1,1797.24292,18.76367321,279.4670665,0.280133391,
1148,1,1103.18103,17.71979132,272.1690455,0.245977511,
1148,1,499.0004272,13.57351419,287.6618236,0.213456539,
1148,1,303.0272827,10.7008825,296.3841435,0.181304231,
1148,1,151.3650665,5.639157678,332.8587404,0.150920929,
1148,1,48.89930344,1.967741099,367.7793491,0.120741941,
1148,2,1800.379272,7.265297271,188.1257132,0.058422248,
1148,2,1099.617188,6.658672056,219.2130994,0.062769548,
1148,2,499.8557739,6.142975902,239.8388939,0.06516329,
1148,2,300.443634,5.007068813,262.4904057,0.062217687,
1148,2,148.2558594,1.991018471,340.173509,0.061331784,
1148,2,50.67025375,0.560659739,377.3095428,0.057768792,
1148,2,50.67025375,0.560659739,377.3095428,0.057768792,
1149,1,1800.044189,19.27740453,196.8709939,0.166294124,
1149,1,1098.983643,17.25059315,221.0316661,0.169416999,
1149,1,499.9248047,16.43982134,222.3440977,0.160958868,
1149,1,301.4796448,10.56496196,260.2893396,0.132747851,
1149,1,148.247818,7.141719304,269.6349029,0.095518347,
1149,1,48.27219009,0.366429234,381.8400824,0.068106642,
1149,1,48.27219009,0.366429234,381.8400824,0.068106642,
1149,2,1800.751099,6.071380553,190.7034966,0.049122463,
1149,2,1099.076172,6.694871217,197.6402266,0.055774955,
1149,2,501.4607849,7.008097399,203.0447224,0.059636621,
1149,2,302.3233337,7.01736425,189.4611746,0.055556929,
1149,2,149.5684357,4.456400758,256.9312223,0.052824538,
1149,2,51.45201492,2.398490379,313.3903764,0.048373106,
1149,2,51.45201492,2.398490379,313.3903764,0.048373106,
1149,3,1799.283813,22.88111849,279.1015941,0.345871071,
1149,3,1101.293335,21.68585167,285.8816167,0.345709665,
1149,3,502.0346985,15.36455717,314.1095266,0.328301471,
1149,3,299.8574219,11.78785701,331.2262915,0.317253051,
1149,3,148.8215179,6.729698612,357.6168716,0.303861546,
1149,3,50.12926483,2.632815133,379.3906294,0.274778322,
1149,3,50.12926483,2.632815133,379.3906294,0.274778322,
1150,1,1799.326904,21.18228457,246.8336323,0.250377103,
1150,1,1101.61731,19.36812741,271.1443016,0.273813821,
1150,1,501.7975464,16.95429799,300.818668,0.315403167,
1150,1,300.6483459,13.78954063,320.7997608,0.323929877,
1150,1,150.8877106,7.386365858,358.1397986,0.341501919,
1150,1,49.11169434,2.34997258,385.1279125,0.361012362,
1150,1,49.11169434,2.34997258,385.1279125,0.361012362,
1150,3,1798.150391,31.50569909,240.5836611,0.367297668,
1150,3,1099.238159,29.30459342,259.0279279,0.386806795,
1150,3,499.3939819,20.7845211,302.7257602,0.404235391,
1150,3,298.3167725,15.63733537,325.7675057,0.403117378,
1150,3,149.2939453,7.517533562,361.4699191,0.39835354,
1150,3,51.0382309,3.101346035,381.1089118,0.379007686,
1150,3,51.0382309,3.101346035,381.1089118,0.379007686,
1151,1,1802.03125,16.83991446,215.831594,0.160865322,
1151,1,1098.343018,16.34178385,234.7113854,0.173621563,
1151,1,498.620636,12.57882299,276.6396676,0.181445358,
1151,1,299.4642639,9.57327866,305.7744284,0.182693126,
1151,1,147.9686127,5.116646307,347.9897351,0.185577492,
1151,1,50.54378891,0.845979175,386.6784633,0.177305629,
1151,1,50.54378891,0.845979175,386.6784633,0.177305629,
1151,2,1797.916748,16.26140201,301.5108313,0.31339223,
1151,2,1101.308472,13.45894366,321.2317887,0.330443605,
1151,2,500.4981995,11.85951541,332.1902788,0.339125421,
1151,2,300.4686584,8.787941078,348.1042891,0.337674735,
1151,2,152.8913116,3.958655232,372.4880653,0.340459491,
1151,2,47.47404099,2.004066208,383.3822552,0.331545771,
1151,2,47.47404099,2.004066208,383.3822552,0.331545771,
1151,3,1799.738403,20.06173643,224.7973465,0.203184202,
1151,3,1101.674072,17.85797031,255.8134359,0.222062141,
1151,3,500.7852478,14.1805019,290.3931889,0.233835002,
1151,3,298.2610779,10.29809217,319.7124738,0.236490868,
1151,3,150.9205933,6.203036333,346.0747675,0.218427106,
1151,3,49.9740448,1.325553587,382.4992489,0.189307265,
1151,3,49.9740448,1.325553587,382.4992489,0.189307265,
1152,1,1802.126099,30.74215844,98.43401619,0.174614897,
1152,1,1099.218872,28.57309891,127.511697,0.179257877,
1152,1,501.522583,23.33353784,172.6555885,0.1749396,
1152,1,297.7017212,18.80027239,206.5838236,0.165140263,
1152,1,152.78508,11.92389419,261.5080375,0.146694294,
1152,1,49.78996658,6.080621211,316.5673829,0.124919132,
1152,1,49.78996658,6.080621211,316.5673829,0.124919132,
1152,2,1799.638062,27.03373641,212.1818363,0.258855268,
1152,2,1098.187256,23.33207431,241.3382395,0.265844651,
1152,2,498.5932312,17.28791454,283.4513732,0.270263653,
1152,2,299.1989136,11.75836523,318.4333119,0.268245956,
1152,2,148.7093353,6.874818016,349.2536965,0.262916038,
1152,2,50.8159523,1.366438476,384.5758094,0.245381377,
1152,2,50.8159523,1.366438476,384.5758094,0.245381377,
1152,3,1801.741089,27.08432054,210.8204251,0.252414762,
1152,3,1101.646729,24.82712651,231.5721584,0.259362304,
1152,3,496.9800415,19.07953667,273.6589505,0.266900605,
1152,3,297.8940125,14.46451931,303.5938418,0.266820214,
1152,3,151.7637024,7.785019144,345.0408927,0.259210578,
1152,3,46.78190231,2.301854541,380.0753713,0.238668851,
1152,3,46.78190231,2.301854541,380.0753713,0.238668851,
1153,1,1798.725464,3.551936403,183.8613922,0.028343318,
1153,1,1100.602051,3.367968669,200.8212459,0.029123598,
1153,1,498.440033,2.953092092,209.2461629,0.026513882,
1153,1,301.7172241,2.501625628,217.05279,0.023351648,
1153,1,149.4364319,1.570647591,250.0607555,0.018115909,
1153,1,50.50398636,0.80234567,273.28057,0.011072073,
1153,1,50.50398636,0.80234567,273.28057,0.011072073,
1153,3,1799.40625,3.261569314,157.9477195,0.022915121,
1153,3,1101.228271,3.683334358,149.3753859,0.024761776,
1153,3,498.5359802,2.987397852,196.1660462,0.02486357,
1153,3,301.7281799,2.15780055,234.973816,0.022443344,
1153,3,149.5031738,1.686655903,222.5242756,0.016145849,
1153,3,50.66299057,-0.767620721,585.6654077,0.006136858,
1153,3,50.66299057,-0.767620721,585.6654077,0.006136858,
1154,1,1800.4552,17.94452994,279.58397,0.270477797,
1154,1,1101.317749,15.29854753,276.8922602,0.222778077,
1154,1,499.2322388,12.97805474,295.3342343,0.222689584,
1154,1,302.6904907,11.13944713,310.0806546,0.223782389,
1154,1,152.2364807,6.463095193,331.9554629,0.172682826,
1154,1,51.02768707,2.190536889,370.3630791,0.153729828,
1154,1,51.02768707,2.190536889,370.3630791,0.153729828,
1154,3,1799.546997,8.20240616,239.7782994,0.090673423,x
1154,3,1799.509766,8.444945153,229.1993271,0.086861164,x
1154,3,1799.467285,8.277074733,231.2158473,0.086262532,x
1154,3,1799.455811,11.06463811,207.9903641,0.100448135,x
1154,3,1799.401245,7.847358066,240.9896281,0.087451689,x
1154,3,1799.386597,9.032898528,225.754221,0.091066574,x
1154,3,1799.329102,9.88803458,215.7477688,0.093926547,x
1154,3,1799.305664,9.04077027,217.0845021,0.086239182,x
1154,3,1799.296509,9.682634029,217.3729142,0.092749288,x
1154,3,1799.290894,8.835856315,226.3772136,0.089447913,x
1154,3,1799.260254,8.902656963,222.5986684,0.087902656,x
1154,3,1799.186279,10.82635729,215.0214092,0.102572074,x
1154,3,1799.183228,8.464276385,229.3505357,0.087232727,x
1154,3,1799.178467,9.842084155,211.6938755,0.091140926,x
1154,3,1799.170532,11.15690802,205.9986124,0.10016485,x
1154,3,1799.16748,10.29409868,208.9616491,0.093935363,x
1154,3,1799.164185,9.3630732,217.1926167,0.089569242,x
1154,3,1799.162842,10.00414383,219.65406,0.097382749,x
1154,3,1799.143921,9.372101315,229.2928282,0.096867219,x
1154,3,1799.065186,11.81945254,202.8007512,0.104472443,x
1154,3,1799.041138,8.653067176,227.4640278,0.088151568,x
1154,3,1799.019165,12.43683716,202.6196199,0.109802205,x
1154,3,1798.999023,10.85468074,212.382967,0.101178574,x
1154,3,1798.989014,11.55337595,210.1571457,0.106601693,x
1154,3,1798.971924,11.85091592,207.0235088,0.107353537,x
1154,3,1798.959717,12.69799518,202.9605969,0.112626167,x
1154,3,1798.941162,12.89926787,193.7432121,0.108589492,x
1154,3,1798.940063,11.17712953,213.426796,0.105023844,x
1154,3,1798.870239,11.16466523,210.499398,0.103046018,x
1154,3,1798.869141,11.47091881,212.0954388,0.107026655,x
1154,3,1798.765381,11.59905984,217.4661226,0.111901848,x
1154,3,1798.7323,11.85509888,212.4922331,0.11096311,x
1154,3,1798.728638,12.81583428,201.3893621,0.112605625,x
1154,3,1798.670532,12.61004403,200.4088794,0.110162505,x
1154,3,1798.612427,12.71102465,204.7879668,0.113894558,x
1154,3,1798.580444,12.13809786,211.6609184,0.112975204,x
1154,3,1798.453125,12.05468772,213.9381713,0.113795558,x
1154,3,1798.424805,13.08202964,203.6843753,0.116398528,x
1154,3,1798.373047,12.73877591,207.12835,0.115710213,x
1154,3,1798.265137,12.55712754,206.0413351,0.113399649,x
1154,3,1798.184326,13.09295878,203.5584389,0.11652527,
1154,3,1798.012451,12.56772304,211.489692,0.117105459,x
1154,3,1097.925537,13.16908893,210.1722053,0.120535098,
1154,3,498.23349,10.20374933,255.2539664,0.123688253,
1154,3,300.4660339,7.114385415,294.120346,0.120741453,
1154,3,150.6714783,4.455951108,331.9004996,0.122619314,
1154,3,49.52693176,1.45611625,371.7895656,0.11936854,
1154,3,49.52693176,1.45611625,371.7895656,0.11936854,
1155,1,1799.143433,12.84086179,193.4969175,0.107954308,
1155,1,1099.870483,13.55380646,211.3737068,0.124944305,
1155,1,499.2368164,12.66824595,235.3087266,0.133936618,
1155,1,300.1185608,9.498512292,275.3743498,0.134663437,
1155,1,151.0868988,6.066003623,311.7305658,0.123595816,
1155,1,51.22231293,2.25384224,358.4685415,0.107967192,
1155,1,51.22231293,2.25384224,358.4685415,0.107967192,
1155,2,1799.960449,23.4200365,181.1910481,0.18940968,
1155,2,1097.989502,21.07510446,213.9155201,0.201963645,
1155,2,501.3168945,17.01232247,253.32292,0.20808839,
1155,2,298.0472107,13.06576779,281.0175741,0.198032856,
1155,2,152.1009674,6.889767571,330.1375065,0.185909908,
1155,2,50.29102707,2.243200265,370.2932267,0.16486966,
1155,2,50.29102707,2.243200265,370.2932267,0.16486966,
1155,3,1798.924927,22.84900719,245.8798387,0.272998611,
1155,3,1100.366821,20.29836029,259.1848798,0.264823027,
1155,3,500.3469849,16.22961514,282.6977452,0.25423777,
1155,3,298.9147644,11.61718056,309.9908112,0.241192979,
1155,3,150.4099426,6.039559516,346.7136307,0.22508234,
1155,3,48.83366776,1.57679376,379.8793327,0.208324111,
1155,3,48.83366776,1.57679376,379.8793327,0.208324111,
1156,1,1799.389282,35.71788567,205.0807375,0.331808769,
1156,1,1098.584595,30.55827337,244.3429882,0.358996673,
1156,1,501.0661926,21.99742363,293.9812637,0.384400297,
1156,1,297.7540588,16.13484619,323.1595491,0.394158239,
1156,1,146.9568176,9.185017045,356.1263028,0.405630509,
1156,1,50.12490845,2.971811573,382.7619187,0.390868701,
1156,1,50.12490845,2.971811573,382.7619187,0.390868701,
1156,2,1800.983643,33.20699283,286.6648324,0.582233385,
1156,2,1099.405762,30.04915024,288.6026027,0.525406195,
1156,2,497.9496765,21.33473328,311.7975346,0.469939705,
1156,2,299.6001587,17.01439263,322.4424959,0.423338433,
1156,2,148.4466553,7.607469461,361.0229439,0.412330256,
1156,2,50.24744034,2.591112164,382.3242918,0.387523607,
1156,2,50.24744034,2.591112164,382.3242918,0.387523607,
1156,3,1800.666382,28.76509252,240.9512043,0.333974116,
1156,3,1100.203369,26.34115842,262.8711408,0.35565057,
1156,3,501.444519,18.10719166,306.3616198,0.366593997,
1156,3,300.275177,13.07792918,332.335199,0.371431515,
1156,3,151.318512,6.19327832,364.5724869,0.360716326,
1156,3,49.25762558,0.499115801,392.2502907,0.337827949,
1156,3,49.25762558,0.499115801,392.2502907,0.337827949,
1157,1,1799.741699,15.89665348,-9572.384739,0.002522795,
1157,1,1099.526001,16.07567847,1228.723137,-0.030235307,
1157,1,498.9334412,13.48742623,769.4463244,-0.056149542,
1157,1,301.9347534,12.69199308,770.519744,-0.05281745,
1157,1,149.7570953,8.379943901,570.7693157,-0.073998437,
1157,1,48.44024658,3.488245185,472.1099428,-0.069712507,
1157,1,48.44024658,3.488245185,472.1099428,-0.069712507,
1157,3,1801.956665,12.40477282,189.5173882,0.100259781,
1157,3,1097.113281,14.51636853,181.5434361,0.11216933,
1157,3,501.2691345,12.83221916,226.0434542,0.124986047,
1157,3,302.5628967,9.811208491,261.0294169,0.12045299,
1157,3,149.7483978,6.632963809,299.2345695,0.113502488,
1157,3,48.59850693,2.826246565,368.2290154,0.177032504,
1157,3,48.59850693,2.826246565,368.2290154,0.177032504,
1158,1,1799.057495,20.43003978,277.1628514,0.30576383,
1158,1,1100.804199,18.81703896,284.3834634,0.299469858,
1158,1,499.1557007,14.24503391,308.7991394,0.292801194,
1158,1,299.7294922,11.55599729,319.9277855,0.27237227,
1158,1,151.2971649,5.135499806,356.8252271,0.252500201,
1158,1,51.79428101,2.036804749,375.2783471,0.216963976,
1158,1,51.79428101,2.036804749,375.2783471,0.216963976,
1158,2,1799.328125,22.08690654,288.8393346,0.370846641,
1158,2,1099.410889,22.32890335,289.4097581,0.372880879,
1158,2,501.2689209,18.0393114,306.380056,0.356407997,
1158,2,299.4212952,14.57863028,321.4356311,0.346992233,
1158,2,150.6911469,5.626509331,362.1835704,0.315831156,
1158,2,51.13566589,2.72345252,375.8756295,0.276177606,
1158,2,51.13566589,2.72345252,375.8756295,0.276177606,
1158,3,1802.127563,17.54278312,223.9893569,0.172671098,x
1158,3,1802.080811,16.93837506,231.280342,0.174282314,x
1158,3,1801.702759,17.02180662,232.6118475,0.176709975,x
1158,3,1801.617188,18.28480489,218.1402232,0.17374417,x
1158,3,1801.234375,18.34114898,211.1015092,0.167274349,x
1158,3,1801.176636,15.34156004,178.3510801,0.117280573,x
1158,3,1801.163086,17.61470914,185.0125482,0.139785467,x
1158,3,1801.103027,16.8556488,230.3024316,0.172765702,x
1158,3,1801.100952,13.62805422,233.2952826,0.141384604,x
1158,3,1801.098022,16.3918287,189.410613,0.132560224,x
1158,3,1801.074829,16.08428514,199.7912176,0.13730279,x
1158,3,1801.055786,16.52967204,193.9738134,0.136747873,x
1158,3,1801.004028,14.74363843,198.8950319,0.125120271,x
1158,3,1800.796631,16.51961998,210.7277681,0.150032115,x
1158,3,1800.778198,18.41627758,214.8236485,0.171673538,x
1158,3,1800.655762,17.80504306,225.2832706,0.176609784,x
1158,3,1800.622192,18.19191418,208.8633665,0.16374943,x
1158,3,1800.602173,17.04076214,232.3193452,0.177347236,x
1158,3,1800.570557,17.19639947,212.1995493,0.15770158,x
1158,3,1800.494751,17.26516808,214.8385118,0.160757132,x
1158,3,1800.482056,16.99618305,230.8769617,0.174540339,x
1158,3,1800.223633,16.43067464,225.658149,0.163213628,x
1158,3,1800.215698,18.10520847,216.6548632,0.170404768,x
1158,3,1800.134888,17.74349659,220.3488957,0.170903513,x
1158,3,1800.033813,18.30975803,215.084137,0.170860865,x
1158,3,1799.291016,17.67634893,222.349028,0.172024326,x
1158,3,1799.204834,18.62615312,207.0052153,0.165917457,x
1158,3,1799.14563,17.87968519,219.0010875,0.170576952,x
1158,3,1799.083984,16.46748381,229.0367166,0.166761321,x
1158,3,1799.078857,16.15695459,235.5186591,0.170790724,x
1158,3,1799.036743,15.6670382,238.8087176,0.169564883,x
1158,3,1799.026978,15.80345529,232.5331032,0.163803088,x
1158,3,1799.009399,16.86192057,228.6530058,0.170594267,x
1158,3,1798.998901,15.70267201,231.4323074,0.161561421,x
1158,3,1798.979736,15.91063756,240.1657343,0.173653004,x
1158,3,1798.920288,15.88698854,230.7193145,0.163007513,x
1158,3,1798.892212,19.37808868,201.7884477,0.167497868,x
1158,3,1798.878906,18.43847635,205.473263,0.16291461,x
1158,3,1798.837402,18.42088877,211.8817255,0.168446837,x
1158,3,1798.799316,17.64562133,210.0581366,0.159995672,x
1158,3,1798.789551,14.71171188,242.5024209,0.162837107,x
1158,3,1798.682739,17.01143608,218.0462909,0.161539281,
1158,3,1099.94043,15.01572243,223.7686632,0.14582578,
1158,3,498.1052246,13.16417549,239.6909764,0.139896151,
1158,3,299.0596619,10.09625868,249.8771701,0.114410024,
1158,3,151.4806061,4.566927187,318.7106757,0.09923936,
1158,3,50.27571106,3.525950234,328.6588656,0.08754049,
1158,3,50.27571106,3.525950234,328.6588656,0.08754049,
1159,1,1800.525879,15.89568691,205.3572546,0.140631463,
1159,1,1100.328735,18.48144041,189.8584275,0.149819342,
1159,1,500.3088074,13.91786932,247.3232819,0.157079948,
1159,1,300.8309631,11.8802418,275.8039289,0.166476072,
1159,1,148.4360809,7.624250874,319.5343087,0.169207306,
1159,1,50.64289856,3.74555298,358.5094117,0.173633623,
1159,1,50.64289856,3.74555298,358.5094117,0.173633623,
1159,2,1800.655884,7.000509643,2012.243465,-0.006799752,
1159,2,1099.72522,7.057982263,902.0538154,-0.021755557,
1159,2,501.5688171,5.285482306,604.4642571,-0.039288956,
1159,2,299.6533813,5.224051144,583.8116319,-0.043220732,
1159,2,149.0714417,2.190531087,454.9991257,-0.056157937,
1159,2,50.40291977,1.949591104,443.9009182,-0.062145014,
1159,2,50.40291977,1.949591104,443.9009182,-0.062145014,
1159,3,1800.182617,9.775779563,261.0262224,0.124711531,
1159,3,1100.866577,8.508760586,278.7812401,0.124784508,
1159,3,501.2023621,7.322168035,293.6932072,0.122157437,
1159,3,300.9352112,5.076910734,325.7667891,0.125690293,
1159,3,149.4038849,2.78309084,355.9953573,0.124922621,
1159,3,48.25519943,-0.38400895,397.8173263,0.124988113,
1159,3,48.25519943,-0.38400895,397.8173263,0.124988113,
1160,1,1803.197144,22.02180843,199.7378836,0.19237668,
1160,1,1100.131348,20.53078996,228.9137658,0.211085134,
1160,1,501.4996948,15.82178597,273.3588257,0.222207189,
1160,1,297.5438232,11.73475219,304.1928106,0.220744731,
1160,1,152.5659943,6.492188833,341.0497067,0.206498685,
1160,1,49.9930191,1.85695664,376.6722058,0.177084468,
1160,1,49.9930191,1.85695664,376.6722058,0.177084468,
1160,2,1800.673462,20.37089322,169.5440903,0.152465662,
1160,2,1098.526001,19.96409006,193.742306,0.166976961,
1160,2,501.0688171,15.95453707,237.6720577,0.170282099,
1160,2,297.2944641,11.56052569,279.1706566,0.168142658,
1160,2,152.3083649,7.281187185,315.0080669,0.152978319,
1160,2,49.14514542,1.781113009,370.6570603,0.127202315,
1160,2,49.14514542,1.781113009,370.6570603,0.127202315,
1160,3,1798.919678,14.32168285,170.5804336,0.107350224,
1160,3,1099.382568,13.19057613,198.0166716,0.112615092,
1160,3,499.492157,10.36576239,241.4714662,0.113593955,
1160,3,301.2185059,9.304934081,254.2891955,0.110777473,
1160,3,151.2706909,6.268004107,296.0239724,0.106680669,
1160,3,49.70552826,1.711428938,363.665607,0.097886912,
1160,3,49.70552826,1.711428938,363.665607,0.097886912,
1161,1,1800.013794,20.30470307,202.7742749,0.182071523,
1161,1,1099.716553,18.18365526,225.4069036,0.18438212,
1161,1,501.0983276,14.64215257,261.346591,0.188259336,
1161,1,300.5618896,12.17828558,281.4260918,0.183505911,
1161,1,150.8620911,7.28309638,323.5578079,0.175838113,
1161,1,49.07684708,2.208095924,369.703254,0.155938776,
1161,1,49.07684708,2.208095924,369.703254,0.155938776,
1161,2,1801.245483,25.53185347,106.692545,0.148450115,
1161,2,1101.933472,16.19298801,220.8243431,0.160209417,
1161,2,498.3461914,13.75297061,248.8002679,0.161035534,
1161,2,301.8206482,12.88609424,248.1692903,0.149801372,
1161,2,151.8125305,7.928294146,290.7476148,0.131115502,
1161,2,50.09289551,0.957244779,375.0451379,0.105226369,
1161,2,50.09289551,0.957244779,375.0451379,0.105226369,
1161,3,1799.994141,15.23921418,159.7654103,0.110220507,
1161,3,1096.950562,13.92016952,193.1329715,0.117191176,
1161,3,502.9318542,13.07666863,207.770473,0.117603904,
1161,3,300.6363831,10.46896263,217.1045574,0.098668804,
1161,3,149.8902283,6.853441108,242.9470954,0.075361926,
1161,3,48.33998489,0.492718197,368.9538231,0.039824624,
1161,3,48.33998489,0.492718197,368.9538231,0.039824624,
1162,1,1797.922241,5.300760599,6.710396625,0.022099655,
1162,1,1099.462769,4.560266646,21.56106243,0.019718216,
1162,1,500.150177,4.854688209,52.08850112,0.022805309,
1162,1,297.6678772,3.718439796,94.88356693,0.01996789,
1162,1,152.9077454,3.035257543,177.687347,0.022603784,
1162,1,49.82983017,1.300909712,299.1919921,0.022369106,
1162,1,49.82983017,1.300909712,299.1919921,0.022369106,
1162,2,1801.774536,18.05778183,225.9540453,0.178238831,
1162,2,1098.146484,14.97577913,244.9894654,0.165815568,
1162,2,499.5852051,14.40612409,242.6268677,0.155471587,
1162,2,301.1127014,11.0851958,270.4884662,0.146071645,
1162,2,148.0098419,7.643706258,307.1426264,0.142030822,
1162,2,49.27347946,2.982115472,359.456367,0.137225304,
1162,2,49.27347946,2.982115472,359.456367,0.137225304,
1162,3,1799.980713,12.3341784,228.4499607,0.124559784,
1162,3,1099.872559,10.59757699,265.8987163,0.137984489,
1162,3,502.135498,8.858071702,302.0180377,0.159298213,
1162,3,299.0651245,6.387458491,332.5036398,0.170175628,
1162,3,148.7466736,2.198225048,375.6680259,0.189037443,
1162,3,50.78350449,-2.320550923,415.4705433,0.188870751,
1162,3,50.78350449,-2.320550923,415.4705433,0.188870751,
1163,1,1801.103882,9.500329155,147.0700218,0.065005484,
1163,1,1101.884155,8.750502549,173.861476,0.067135431,
1163,1,499.815918,7.361547926,205.1733424,0.0657931,
1163,1,300.0362244,5.849829861,223.8807702,0.057973957,
1163,1,151.4891968,3.561917113,254.8364756,0.043168604,
1163,1,50.50857925,1.038388694,314.8300705,0.022971663,
1163,1,50.50857925,1.038388694,314.8300705,0.022971663,
1163,2,1797.32959,-0.847317688,327.9790827,0.082297344,x
1163,2,1099.039551,5.493588343,206.1904601,0.086239251,x
1163,2,497.5654297,5.882635018,202.2082525,0.093701615,x
1163,2,302.3872986,-2.308034273,337.9078353,0.088413765,x
1163,2,150.6734467,0.936652928,272.5572848,0.08448766,x
1163,2,50.62005234,-1.502211117,321.283207,0.064034248,x
1163,2,50.62005234,-1.502211117,321.283207,0.064034248,x
1163,3,1800.781128,10.46830451,98.23772852,0.059023983,
1163,3,1099.4198,10.26732086,93.75614948,0.056737457,
1163,3,498.8521423,13.24927892,18.49473081,0.056782583,x
1163,3,298.301239,3.224275997,287.756264,0.053931856,x
1163,3,151.8685913,6.576701797,144.4330358,0.043038266,
1163,3,50.00440216,-2.097481792,550.1900707,0.02087192,
1163,3,50.00440216,-2.097481792,550.1900707,0.02087192,
1164,1,1799.727905,16.77143914,290.4585575,0.284743851,
1164,1,1098.247314,15.52695682,305.1661672,0.306446428,
1164,1,497.9846497,11.95594182,330.8082316,0.326550875,
1164,1,298.894104,9.421361123,343.1344392,0.319369278,
1164,1,150.9451294,4.365464546,371.3870595,0.328971767,
1164,1,51.18613434,1.324058828,388.2273375,0.321569412,
1164,1,51.18613434,1.324058828,388.2273375,0.321569412,
1164,2,1799.974731,22.85739081,198.4357213,0.198099537,x
1164,2,1799.927612,25.4232836,192.7309151,0.214709512,x
1164,2,1799.879639,24.16842545,207.3820656,0.221060306,x
1164,2,1799.869629,24.00454143,191.7026848,0.200970539,x
1164,2,1799.843628,24.61658552,189.9639935,0.204444285,x
1164,2,1799.835693,24.6667828,190.0869078,0.205150817,x
1164,2,1799.821411,21.94975328,204.7947338,0.197071517,x
1164,2,1799.817505,24.23922409,204.9984172,0.218795932,x
1164,2,1799.816284,24.073671,196.2688432,0.206881164,x
1164,2,1799.804321,24.92272438,197.0622859,0.215344067,x
1164,2,1799.79187,26.12535627,196.9942207,0.225962696,x
1164,2,1799.771118,23.42499464,204.9415012,0.211139542,x
1164,2,1799.753052,24.15468965,194.9385041,0.205947181,x
1164,2,1799.688965,24.18917181,204.3310792,0.217487702,x
1164,2,1799.652222,23.68278175,213.3303836,0.224174738,x
1164,2,1799.651001,26.64391043,198.8916537,0.233650804,x
1164,2,1799.504028,25.83585332,201.8431929,0.229982408,x
1164,2,1799.491943,26.17147027,197.210083,0.226947932,x
1164,2,1799.410767,27.51151478,195.9582426,0.237871156,x
1164,2,1799.359985,26.76806409,197.6769354,0.232554021,x
1164,2,1799.214722,26.11096566,210.0843249,0.243372853,x
1164,2,1799.179321,25.99285125,203.9377942,0.233918404,x
1164,2,1799.175171,25.88554893,206.9749915,0.237053017,x
1164,2,1799.163208,26.70386394,208.5097251,0.247146917,x
1164,2,1799.153809,27.06493831,199.8592419,0.238904146,x
1164,2,1799.144897,30.31865756,204.3684181,0.275778975,x
1164,2,1799.087646,27.89758167,196.8140635,0.242056453,x
1164,2,1799.017578,28.43234472,216.2104368,0.276422963,x
1164,2,1799.004517,28.88207707,199.2516583,0.254079499,x
1164,2,1799.004272,31.81911415,197.4364345,0.278602556,x
1164,2,1798.986084,27.67757127,212.4049036,0.262761713,x
1164,2,1798.983521,29.03410844,213.1761677,0.277014688,x
1164,2,1798.973877,27.66010277,211.060054,0.260326132,x
1164,2,1798.960205,28.49007157,214.4996755,0.274100205,x
1164,2,1798.944458,26.56765949,217.2201012,0.258993375,x
1164,2,1798.944214,28.06804545,199.46224,0.247211879,x
1164,2,1798.94104,28.9532165,210.9512885,0.272618751,x
1164,2,1798.939819,26.94785571,212.5425705,0.255651252,x
1164,2,1798.928955,28.34160071,204.6576062,0.257239512,x
1164,2,1798.902222,29.16245456,207.425918,0.269211179,x
1164,2,1798.842041,27.74327184,216.0683288,0.269272094,x
1164,2,1798.745728,27.34339526,217.0785289,0.26672866,
1164,2,1099.157349,27.70018409,234.759367,0.29977567,
1164,2,499.6661072,21.4525547,278.2906844,0.319364432,
1164,2,300.1550903,16.65614342,302.6112444,0.311616874,
1164,2,148.2109985,6.746629461,356.7158388,0.309596145,
1164,2,50.47230148,1.0461865,387.6299481,0.285082401,
1164,2,50.47230148,1.0461865,387.6299481,0.285082401,
1164,3,1798.937256,25.23280793,260.1395356,0.328173999,
1164,3,1101.212036,22.20700045,282.2443595,0.343868699,
1164,3,498.57547,19.02948586,296.7368509,0.332777388,
1164,3,299.2054749,13.65841549,323.2758456,0.324105849,
1164,3,151.5261536,7.998236336,348.4314308,0.287857812,
1164,3,50.36616898,2.996030573,377.5307322,0.274809041,
1164,3,50.36616898,2.996030573,377.5307322,0.274809041,
1165,1,1800.547974,21.91164759,219.9499472,0.216780714,
1165,1,1098.658203,20.36903894,243.8228516,0.233098607,
1165,1,498.4747314,15.69428195,281.7300882,0.240121321,
1165,1,300.9840698,10.70228139,313.2324917,0.225941227,
1165,1,151.8736725,4.183576587,360.7453964,0.218156891,
1165,1,48.21277237,0.909888643,385.5521564,0.188570948,
1165,1,48.21277237,0.909888643,385.5521564,0.188570948,
1165,2,1799.970581,26.17670215,255.1756584,0.332759689,
1165,2,1098.670776,25.0838467,269.9314123,0.355917227,
1165,2,498.103302,17.8137273,310.2190653,0.374931128,
1165,2,300.3130188,13.23279742,330.5009444,0.365712509,
1165,2,148.4493103,6.614778735,360.1102688,0.347315321,
1165,2,50.77701569,1.544006036,383.7502586,0.291202733,
1165,2,50.77701569,1.544006036,383.7502586,0.291202733,
1165,3,1800.100098,22.41341265,264.6933882,0.310642001,
1165,3,1099.227295,19.25115941,287.8268564,0.324684574,
1165,3,498.8457336,13.51543376,322.9509579,0.339566403,
1165,3,300.9551697,9.085441666,345.3797852,0.334141875,
1165,3,150.9436646,4.459419931,370.0318186,0.329357771,
1165,3,49.66769028,0.407796108,391.7623438,0.311055222,
1165,3,49.66769028,0.407796108,391.7623438,0.311055222,
1166,1,1798.61792,22.61284228,325.9958574,0.584355501,
1166,1,1101.544434,19.00756788,333.0496021,0.540305797,
1166,1,499.5915527,13.63361491,344.9708738,0.472940492,
1166,1,299.2007141,10.79733723,352.2369178,0.43345728,
1166,1,149.7024689,5.201327092,372.5165416,0.392974412,
1166,1,48.41252136,1.434505102,388.7734248,0.363108185,
1166,1,48.41252136,1.434505102,388.7734248,0.363108185,
1166,2,1799.676025,17.87329492,238.3474455,0.196358478,
1166,2,1101.419434,16.75995175,251.5754067,0.200120464,
1166,2,500.6681519,12.68054239,285.717648,0.198919716,
1166,2,300.839386,10.37051079,304.8969536,0.197731484,
1166,2,148.8866882,5.912245291,338.6250208,0.183827155,
1166,2,50.66346741,1.687682655,373.64785,0.15037486,
1166,2,50.66346741,1.687682655,373.64785,0.15037486,
1166,3,1799.843994,15.02391163,248.8236703,0.178042047,
1166,3,1099.196899,14.84105368,247.6395174,0.172218429,
1166,3,498.9562683,10.10173878,284.1797376,0.157264617,
1166,3,301.1099548,5.44314331,326.4120673,0.14179629,
1166,3,151.3572388,2.932289555,351.5729697,0.126768614,
1166,3,49.90868378,-0.330214242,394.2698534,0.108917127,
1166,3,49.90868378,-0.330214242,394.2698534,0.108917127,
1167,1,1801.126709,28.21400063,217.4478847,0.276179017,
1167,1,1098.117676,25.92151333,238.4869567,0.287092364,
1167,1,499.1873474,19.19114179,273.3335339,0.271850251,
1167,1,298.3394165,12.76619314,303.4618973,0.239111612,
1167,1,149.9579773,7.114347411,332.3476521,0.19385543,
1167,1,50.80584717,2.668801534,357.5747558,0.12262626,
1167,1,50.80584717,2.668801534,357.5747558,0.12262626,
1167,2,1801.733276,54.71473177,136.6631993,0.367656696,
1167,2,1097.541626,45.35230787,226.239062,0.475968353,
1167,2,503.0455322,30.78551168,289.9857215,0.519433732,
1167,2,301.3968506,23.67189778,312.6389134,0.500224694,
1167,2,151.0061188,13.07619265,355.2853907,0.564220121,
1167,2,48.83912277,7.167807164,375.1771954,0.577664967,
1167,2,48.83912277,7.167807164,375.1771954,0.577664967,
1167,3,1792.360596,26.62727161,212.6616146,0.256464465,
1167,3,1090.741699,24.40958937,244.38004,0.285272028,
1167,3,490.2652283,16.43054005,300.6480008,0.309318218,
1167,3,289.8803101,10.19490246,336.1837699,0.309694415,
1167,3,189.8331299,5.589288425,360.2705309,0.291860092,
1167,3,189.812561,6.176217235,354.583444,0.273621503,
1167,3,189.812561,6.176217235,354.583444,0.273621503,
1168,1,1799.624512,19.86697984,253.5236076,0.244999343,
1168,1,1097.955078,18.08790673,269.2110569,0.249905401,
1168,1,498.4644165,13.3215858,303.9294292,0.25491156,
1168,1,299.2234192,9.292946394,329.5751192,0.248497187,
1168,1,148.5401001,4.207703542,363.8685346,0.243115148,
1168,1,50.81567383,0.504900529,389.5359004,0.223219085,
1168,1,50.81567383,0.504900529,389.5359004,0.223219085,
1168,2,1800.169678,24.29112844,222.5021032,0.241601868,
1168,2,1098.112427,22.98641722,234.5803236,0.244319504,
1168,2,499.0465088,17.25972042,278.7385247,0.253153544,
1168,2,301.3284912,12.53810024,307.5420685,0.243666173,
1168,2,151.1772614,6.335181164,347.0911334,0.224398425,
1168,2,50.14561081,2.207329179,375.8670057,0.19536884,
1168,2,50.14561081,2.207329179,375.8670057,0.19536884,
1168,3,1801.101318,23.36954152,262.0025561,0.303955006,
1168,3,1098.700195,23.88597483,264.0030978,0.311743288,
1168,3,497.98172,19.01786704,289.1986945,0.305232841,
1168,3,299.2792664,12.5361866,319.3248476,0.279282826,
1168,3,149.562088,4.377564487,364.4155504,0.241588061,
1168,3,49.05555725,-0.191395446,396.2621055,0.188655103,
1168,3,49.05555725,-0.191395446,396.2621055,0.188655103,
1169,1,1797.97644,18.70130996,210.5589288,0.174420587,
1169,1,1098.433105,18.09817706,204.343122,0.161409919,
1169,1,499.5605164,13.69141875,239.874088,0.149505309,
1169,1,299.5515442,9.620881606,280.4020553,0.143317267,
1169,1,148.591629,5.619161152,321.4195589,0.132054185,
1169,1,51.18389511,1.859045071,365.0639165,0.114532507,
1169,1,51.18389511,1.859045071,365.0639165,0.114532507,
1169,2,1798.428223,25.72979395,90.07588616,0.1386664,
1169,2,1097.841797,24.15344496,64.81725202,0.11921351,
1169,2,497.930542,17.8738891,109.4093972,0.101563641,
1169,2,301.1479187,14.06853446,105.932852,0.078496356,
1169,2,151.1126862,7.359202352,157.4114253,0.049682018,
1169,2,49.20646667,0.703251572,331.2628994,0.017544478,
1169,2,49.20646667,0.703251572,331.2628994,0.017544478,
1169,3,1799.776489,20.44382359,168.710229,0.152135636,
1169,3,1100.363037,18.17984871,203.6629267,0.160023424,
1169,3,499.6398926,14.58744274,243.1369916,0.16122139,
1169,3,298.6752319,9.76106805,288.5328778,0.154341103,
1169,3,149.9106445,6.366236284,319.0647961,0.140388697,
1169,3,49.05255508,1.49135108,371.0923337,0.108413288,
1169,3,49.05255508,1.49135108,371.0923337,0.108413288,
1170,1,1799.917603,3.238568242,278.9183985,0.04691655,
1170,1,1100.793945,3.494743997,284.6804464,0.052574608,
1170,1,501.3957825,5.063024288,243.5825876,0.05439557,x
1170,1,299.7641296,1.018944315,366.5172839,0.062292822,
1170,1,151.0439758,1.073086382,365.0236441,0.059920159,
1170,1,48.80358124,-1.009221721,415.463337,0.075603834,
1170,1,48.80358124,-1.009221721,415.463337,0.075603834,
1170,2,1799.146851,4.505565999,261.1882111,0.16250336,
1170,2,1101.530273,3.329538831,245.8752505,0.158271228,
1170,2,498.7787476,0.746133457,247.7998981,0.152135119,
1170,2,299.0715942,-1.196883889,246.3545585,0.147253556,
1170,2,148.1482849,-3.194201589,248.6223166,0.145475409,
1170,2,51.15528107,-5.79629927,260.2838929,0.143261648,
1170,2,51.15528107,-5.79629927,260.2838929,0.143261648,
1170,3,1800,14.97078577,261.061634,0.194980003,
1170,3,1100,15.09872707,267.0477194,0.203974118,
1170,3,500,12.00653517,293.8973695,0.204966158,
1170,3,300,7.944398719,327.5789125,0.20540217,
1170,3,150,4.900404812,354.1111682,0.210611275,
1170,3,50,1.117455918,384.320263,0.204737739,
1170,3,50,1.117455918,384.320263,0.204737739,
1171,1,1793.601196,7.877926472,-68.66151488,0.027374292,
1171,1,1094.189819,8.303203851,-139.1746488,0.024949596,
1171,1,491.6159058,8.047232054,-289.981257,0.018773261,
1171,1,291.0913696,6.946097599,-513.502159,0.012187747,
1171,1,189.9900513,4.594912352,-2543.030164,0.002483792,
1171,1,189.9900513,4.594912352,-2543.030164,0.002483792,
1171,1,189.8165131,6.062920922,-1011.873526,0.006854538,
1171,2,1799.148315,20.6138453,173.9503744,0.157380225,
1171,2,1098.324829,19.00949743,186.3691885,0.152821163,
1171,2,501.7410278,15.44661002,218.9377106,0.146565651,
1171,2,299.7026978,9.479763363,258.4089243,0.115540844,
1171,2,150.7913208,3.745739672,323.0305845,0.087809631,
1171,2,51.2872963,0.754535334,374.6389178,0.067248817,
1171,2,51.2872963,0.754535334,374.6389178,0.067248817,
1171,3,1798.306152,21.35208483,239.3224332,0.239826515,
1171,3,1098.342773,19.29733399,259.4304172,0.248462031,
1171,3,498.4981689,15.25790311,291.9121212,0.25793026,
1171,3,300.6607056,11.17565289,316.7778738,0.250149817,
1171,3,150.8314819,5.374677227,354.9260537,0.240728835,
1171,3,49.59583282,-0.469499933,396.3140912,0.218159345,
1171,3,49.59583282,-0.469499933,396.3140912,0.218159345,
1172,1,1799.188965,12.54164623,NA,0.147533129,
1172,1,1100.261719,11.35607489,NA,0.147499449,
1172,1,498.7983093,9.976613538,NA,0.143690113,
1172,1,301.5037842,8.386729052,NA,0.141519648,
1172,1,149.8373413,4.795932424,NA,0.132964141,
1172,1,48.57469559,1.569956429,NA,0.130780964,
1172,1,48.57469559,1.569956429,NA,0.130780964,
1172,3,1799.653931,15.50630426,174.859849,0.118869927,
1172,3,1100.313477,14.94914236,194.4527208,0.125482308,
1172,3,501.000061,12.65483694,222.973514,0.123558489,
1172,3,299.0160217,10.50466909,227.0278789,0.104203964,
1172,3,148.1158752,5.505111838,279.5476664,0.079621998,
1172,3,49.48189926,0.489577405,374.8928807,0.046999509,
1172,3,49.48189926,0.489577405,374.8928807,0.046999509,
1173,1,1800.133545,28.80667137,151.7977165,0.200493599,
1173,1,1098.624878,26.80353775,158.8685851,0.190804107,
1173,1,500.7055969,22.19498926,197.6323997,0.188487257,
1173,1,300.0586548,16.87601429,235.9825284,0.177642821,
1173,1,150.4276733,11.34700675,279.9669223,0.165073191,
1173,1,48.85723114,6.069551508,324.6280268,0.144655257,
1173,1,48.85723114,6.069551508,324.6280268,0.144655257,
1173,2,1798.553833,13.2375961,115.5779488,0.079155777,
1173,2,1099.518921,12.93298632,132.4625996,0.082077082,
1173,2,498.9540405,10.38694198,173.9505233,0.078357269,
1173,2,298.1841125,9.716176837,154.7747799,0.066929417,
1173,2,149.3356781,4.197635882,270.0454203,0.057405767,
1173,2,48.81535721,0.59405173,358.8739632,0.034586185,
1173,2,48.81535721,0.59405173,358.8739632,0.034586185,
1173,3,1801.698486,31.26663717,230.7031459,0.339750776,
1173,3,1099.659302,27.38845014,255.2367065,0.350702283,
1173,3,499.1750793,20.51674529,288.2817814,0.346320892,
1173,3,298.1940308,15.09549554,311.1945755,0.32771273,
1173,3,149.5563507,9.634343286,336.2862276,0.303129193,
1173,3,48.70075989,3.788646606,365.2094536,0.258089387,
1173,3,48.70075989,3.788646606,365.2094536,0.258089387,
1174,2,1800.127197,22.0724679,191.5838767,0.184458431,
1174,2,1101.821533,20.15980846,207.529712,0.182110278,
1174,2,500.0314026,16.6114358,236.2169944,0.176050637,
1174,2,298.265564,11.29254115,275.8366268,0.160185291,
1174,2,147.9169617,7.401968784,308.7489431,0.145590867,
1174,2,49.5236702,1.867659437,367.6593183,0.125425508,
1174,2,49.5236702,1.867659437,367.6593183,0.125425508,
1175,1,1800.10791,4.939407332,99.97087314,0.027141687,
1175,1,1097.93811,4.492575519,107.6752925,0.025253308,
1175,1,500.4087219,3.904043654,132.3457144,0.023943017,
1175,1,298.4688721,4.626599992,-132.4878851,0.014006227,x
1175,1,151.7266693,3.882592914,-91.06617253,0.012756144,
1175,1,49.29258728,2.002753644,138.0175154,0.012470105,
1175,1,49.29258728,2.002753644,138.0175154,0.012470105,
1175,3,1799.647705,9.904797907,129.7420105,0.06209457,
1175,3,1099.127441,9.731976992,157.8006861,0.068134959,
1175,3,498.7472229,7.766687355,215.99375,0.072061266,
1175,3,300.9781189,5.958832284,253.2278443,0.069820688,
1175,3,150.9901123,3.337267726,310.2056771,0.065737011,
1175,3,49.77125931,1.019352471,364.3195783,0.057421253,
1175,3,49.77125931,1.019352471,364.3195783,0.057421253,
1176,1,1800.175293,26.76537856,205.9366458,0.245907542,
1176,1,1099.233032,23.81778864,238.3559016,0.264003649,
1176,1,499.1536865,17.31262403,283.6100671,0.26901264,
1176,1,301.2962036,12.97651046,308.0890737,0.256205768,
1176,1,151.3162079,6.983473942,344.6385633,0.234888797,
1176,1,50.0371666,1.410931198,383.8155451,0.210186209,
1176,1,50.0371666,1.410931198,383.8155451,0.210186209,
1176,2,1800.252197,19.67578769,208.9660192,0.184012421,
1176,2,1099.668945,18.679563,232.898104,0.20020998,
1176,2,499.1066589,15.21941012,270.7387736,0.212280683,
1176,2,300.9525757,12.15730773,296.2711598,0.213908643,
1176,2,151.0128326,9.066028362,322.2381037,0.211642649,
1176,2,49.76882553,1.973518889,378.1171983,0.20505812,
1176,2,49.76882553,1.973518889,378.1171983,0.20505812,
1176,3,1799.625977,18.79907359,258.1470036,0.244084132,
1176,3,1099.866821,17.67197403,267.0753131,0.24355957,
1176,3,498.9358215,14.28888435,290.5198422,0.240717425,
1176,3,302.0341187,10.03890966,318.1526046,0.232042081,
1176,3,151.4269867,5.61085607,347.8573159,0.216717899,
1176,3,49.26908493,1.753909095,377.3940551,0.206249049,
1176,3,49.26908493,1.753909095,377.3940551,0.206249049,
1177,1,1800.619873,31.06940987,243.5267137,0.365581604,
1177,1,1100.351929,27.36809211,267.9208846,0.383486863,
1177,1,501.9599609,20.74999361,299.3431922,0.382996975,
1177,1,298.8326111,14.62998351,321.1634864,0.346957911,
1177,1,148.2498474,7.707461734,350.2590244,0.298590146,
1177,1,50.52824783,0.297788855,392.2374662,0.227763449,
1177,1,50.52824783,0.297788855,392.2374662,0.227763449,
1177,2,1799.13562,7.522925928,160.8629898,0.054310501,
1177,2,1100.830811,6.967705214,189.8152533,0.057452698,
1177,2,498.4925537,6.042360467,217.34935,0.057472496,
1177,2,301.6756897,4.883882861,233.3247925,0.050975189,
1177,2,149.3590851,3.025294406,282.085331,0.045855318,
1177,2,50.28033066,0.439060682,359.228675,0.024392308,
1177,2,50.28033066,0.439060682,359.228675,0.024392308,
1177,3,1800.668945,10.61791567,203.9563707,0.095195544,
1177,3,1101.654907,10.20707569,215.345059,0.097045955,
1177,3,498.8456726,8.392733838,219.2923529,0.080586825,
1177,3,298.1517334,5.468489099,232.5216235,0.056422339,
1177,3,149.842865,2.468622994,276.2114882,0.035058271,
1177,3,50.78089142,0.468409002,347.2192646,0.01788102,
1177,3,50.78089142,0.468409002,347.2192646,0.01788102,
1178,1,1798.55835,0.711015049,334.3893491,0.021571419,
1178,1,1099.706909,0.815426291,329.1204879,0.021932158,
1178,1,500.0308228,-0.114231442,398.2018148,0.021167774,x
1178,1,298.8499451,1.285435467,289.4299201,0.020321594,x
1178,1,150.3218994,0.075248844,384.707288,0.021771096,
1178,1,51.06069946,-1.200551835,504.8003084,0.016689391,
1178,1,51.06069946,-1.200551835,504.8003084,0.016689391,
1178,2,1801.935547,36.93011959,253.3549118,0.46319391,
1178,2,1101.294312,33.98988279,264.1827868,0.457176226,
1178,2,499.354187,23.89597215,305.0370449,0.464735065,
1178,2,302.1635132,16.87413039,323.1146258,0.402887977,
1178,2,151.4064941,8.075934805,354.0730267,0.333511437,
1178,2,49.01021576,1.085518717,388.7892854,0.27958463,
1178,2,49.01021576,1.085518717,388.7892854,0.27958463,
1178,3,1799.826904,20.11339897,157.0077656,0.143783332,
1178,3,1097.769165,18.01653153,186.5594284,0.146882035,
1178,3,500.4821472,14.50086722,224.5013038,0.144270219,
1178,3,297.928833,11.49122386,238.0794785,0.123594809,
1178,3,146.9434509,5.972265552,290.8759086,0.097560965,
1178,3,50.15423203,1.205154478,356.6732291,0.057566159,
1178,3,50.15423203,1.205154478,356.6732291,0.057566159,
1179,1,1800.828003,23.6276294,223.022776,0.234742038,
1179,1,1100.280762,20.88190286,236.7272919,0.224160892,
1179,1,500.5229797,16.44871158,261.7258806,0.208507693,
1179,1,300.0821838,11.70603829,291.6827845,0.191230492,
1179,1,149.065033,6.339993076,330.7684031,0.168378469,
1179,1,48.10193253,1.198278526,378.6505745,0.139145617,
1179,1,48.10193253,1.198278526,378.6505745,0.139145617,
1179,2,1798.855957,22.44054447,233.1225464,0.236109697,
1179,2,1101.884399,20.1484164,242.7836385,0.223765638,
1179,2,501.5292053,16.11146377,263.0866402,0.204855499,
1179,2,300.0157471,10.90885509,298.4894122,0.189952979,
1179,2,149.9447784,7.05490449,330.8423049,0.185295389,
1179,2,47.82219315,2.822579927,363.7879908,0.154356145,
1179,2,47.82219315,2.822579927,363.7879908,0.154356145,
1179,3,1798.883423,25.13095576,250.3390191,0.306067365,
1179,3,1101.462524,22.26103257,272.0678478,0.318327062,
1179,3,502.4507141,17.4928839,296.4375282,0.310951473,
1179,3,300.1745911,13.33074979,313.6906704,0.286602965,
1179,3,150.4996796,7.648657765,342.0967163,0.254608237,
1179,3,49.57155991,1.961046076,376.6824294,0.212397178,
1179,3,49.57155991,1.961046076,376.6824294,0.212397178,
1180,1,1799.60791,18.73792759,NA,0.209835235,
1180,1,1098.977661,16.36206841,NA,0.206107931,
1180,1,499.8559875,13.00247283,NA,0.199712604,
1180,1,298.6269226,9.285246395,NA,0.191099887,
1180,1,150.1895142,5.591615139,NA,0.186981724,
1180,1,48.69540787,1.977852707,NA,0.173306962,
1180,1,48.69540787,1.977852707,NA,0.173306962,
1180,2,1800.011353,22.23479319,225.5313339,0.233845734,
1180,2,1099.997314,20.73530913,240.8724051,0.23917406,
1180,2,498.8609619,16.70139512,267.9165357,0.23240679,
1180,2,301.691864,12.43376558,283.4425936,0.195577723,
1180,2,151.3065338,7.419267937,307.8116318,0.148483428,
1180,2,49.01281357,2.07324479,355.991504,0.097964801,
1180,2,49.01281357,2.07324479,355.991504,0.097964801,
1180,3,1801.206543,15.27739094,202.4410678,0.13510284,
1180,3,1801.1604,15.82972562,190.6985479,0.13158841,
1180,3,1101.394409,14.71094112,215.4619144,0.138581841,
1180,3,498.9808655,11.45153056,255.689142,0.138853912,
1180,3,302.4188538,9.176074569,273.1101376,0.12639361,
1180,3,151.0753784,6.461020371,298.2848481,0.111890509,
1180,3,48.61038208,2.107656272,353.6320126,0.087238116,
1181,1,1798.584839,10.67062671,-1249.481807,0.01029656,
1181,1,1099.70459,11.28858761,8450.243867,-0.002213252,
1181,1,497.480835,10.46976519,1419.732198,-0.016096904,
1181,1,301.6094055,10.26448874,908.1160108,-0.031403282,
1181,1,150.7318115,7.334987908,670.6440191,-0.0416048,
1181,1,48.43941116,7.41722269,594.605996,-0.058008212,
1181,1,48.43941116,7.41722269,594.605996,-0.058008212,
1181,2,1800.756348,17.92851912,174.3499438,0.136125375,
1181,2,1097.842651,19.09438767,171.5352444,0.142077299,
1181,2,501.2718201,13.3744787,231.5275085,0.135526335,
1181,2,298.4360962,11.01140926,250.7991658,0.125506748,
1181,2,151.1348267,5.788490485,310.7552394,0.112039149,
1181,2,50.26408386,1.933300309,362.4999028,0.093694845,
1181,2,50.26408386,1.933300309,362.4999028,0.093694845,
1181,3,1799.501099,7.916414201,296.5574519,0.141191069,
1181,3,1098.318604,7.080580895,317.1889684,0.159388682,
1181,3,500.9439697,4.735574196,348.0520028,0.179280723,
1181,3,299.5026855,2.88298284,366.0177349,0.180568512,
1181,3,151.9105835,0.777089247,385.9168055,0.181099084,
1181,3,50.20159149,-3.528831789,426.9564811,0.174589235,
1181,3,50.20159149,-3.528831789,426.9564811,0.174589235,
1182,1,1799.162231,18.41634054,302.834112,0.358150457,
1182,1,1102.178589,16.36730315,300.7738552,0.308312846,
1182,1,497.9447327,14.17708995,300.4483753,0.260878652,
1182,1,299.9561157,10.87948943,314.7308111,0.233506452,
1182,1,148.7423096,6.752574904,342.0078391,0.221361651,
1182,1,49.89009857,2.87238132,368.9380018,0.191025486,
1182,1,49.89009857,2.87238132,368.9380018,0.191025486,
1182,2,1800.588745,26.37013547,236.7274052,0.296117675,
1182,2,1101.604248,24.43260665,258.4221051,0.317091123,
1182,2,497.9414673,18.36239125,297.7975478,0.333678313,
1182,2,298.8277283,12.86484107,326.5259941,0.331079117,
1182,2,150.8582153,5.550169314,364.0305059,0.320185185,
1182,2,51.27231216,2.449901114,380.1052736,0.284613736,
1182,2,51.27231216,2.449901114,380.1052736,0.284613736,
1182,3,1800.139771,21.23174573,192.0050502,0.176390415,
1182,3,1101.561646,18.4632157,210.377967,0.167956921,
1182,3,499.587738,14.60194847,230.8254394,0.147764685,
1182,3,297.002655,10.42138532,277.918283,0.14826725,
1182,3,152.4797363,7.702445752,297.3965994,0.130123879,
1182,3,49.84199905,4.126236011,334.1382292,0.111419244,
1182,3,49.84199905,4.126236011,334.1382292,0.111419244,
1183,1,1798.200562,5.307017075,165.2867291,0.038716798,
1183,1,1100.687012,4.089375901,227.2211903,0.041355507,
1183,1,499.3412781,3.518885705,251.4505203,0.041489544,
1183,1,301.2389526,4.363905384,220.8932644,0.041735541,
1183,1,150.0047913,3.715887869,249.4211188,0.042737046,
1183,1,51.15046692,0.771014699,361.0379432,0.045053039,
1183,1,51.15046692,0.771014699,361.0379432,0.045053039,
1183,2,1799.834106,23.58448879,254.188803,0.298304397,
1183,2,1097.897949,21.49763862,270.6167689,0.306970603,
1183,2,501.4417419,17.38968872,292.6655864,0.300994002,
1183,2,299.6111755,12.81921091,318.8999004,0.298743469,
1183,2,150.6414185,6.227452906,355.0704869,0.284199874,
1183,2,51.19151688,1.596432215,382.0787805,0.260439294,
1183,2,51.19151688,1.596432215,382.0787805,0.260439294,
1183,3,1799.430054,3.096811998,323.6784086,0.077103987,
1183,3,1098.040283,4.02136758,322.520886,0.095896266,
1183,3,498.5794678,3.366493239,342.9089111,0.109471074,
1183,3,300.6010742,2.11692171,360.5283983,0.106459158,
1183,3,150.6342926,0.065054194,392.0173635,0.113957628,
1183,3,49.82723999,-3.370435668,438.3489125,0.121563326,
1183,3,49.82723999,-3.370435668,438.3489125,0.121563326,
1185,1,1800.353882,14.26977875,293.9601097,0.254682999,
1185,1,1099.300903,12.33704958,306.3708569,0.249756038,
1185,1,501.9796143,9.747910055,324.3073336,0.246720545,
1185,1,298.7677307,7.638570661,335.5172317,0.22983287,
1185,1,151.1528625,5.476704866,347.5285129,0.207111852,
1185,1,50.20943832,2.338246333,370.0476136,0.178040889,
1185,1,50.20943832,2.338246333,370.0476136,0.178040889,
1185,2,1799.833008,11.07051148,308.9011818,0.237236099,
1185,2,1099.790894,11.25787332,313.7936265,0.252388125,
1185,2,499.732605,8.763505838,333.143041,0.257089441,
1185,2,298.6595459,8.280309575,335.7798252,0.251661031,
1185,2,149.9920502,5.321815685,353.8630826,0.236366912,
1185,2,50.50715637,0.90505491,384.7725239,0.21622043,
1185,2,50.50715637,0.90505491,384.7725239,0.21622043,
1185,3,1799.172363,15.43978571,299.3718977,0.291749291,
1185,3,1101.219238,14.00182651,315.0434169,0.31439608,
1185,3,500.1340027,12.63743926,328.093478,0.333147882,
1185,3,299.2659912,9.004569493,346.4410854,0.330029922,
1185,3,149.025528,6.354971313,359.5306395,0.310530324,
1185,3,50.74618912,1.191670696,387.8175214,0.284290268,
1185,3,50.74618912,1.191670696,387.8175214,0.284290268,
1186,1,1798.797485,21.88415109,238.8463474,0.236630238,
1186,1,1102.078491,19.4384804,241.7075153,0.21222926,
1186,1,499.4959412,12.07681475,281.2053097,0.176777464,
1186,1,301.3885193,9.751462747,283.1132284,0.143519259,
1186,1,151.9668732,4.577554089,329.8318387,0.115909648,
1186,1,48.28408051,0.235012261,388.892012,0.075878925,
1186,1,48.28408051,0.235012261,388.892012,0.075878925,
1186,2,1799.483398,23.11602645,257.4924038,0.289828653,
1186,2,1102.318848,21.2810338,272.7199118,0.297900828,
1186,2,499.0855713,12.66212922,322.4626023,0.299929587,
1186,2,298.5995178,10.15698397,335.6362727,0.290730317,
1186,2,149.678894,4.448763845,368.8041309,0.289544033,
1186,2,49.52727127,1.295614529,387.4564206,0.277783676,
1186,2,49.52727127,1.295614529,387.4564206,0.277783676,
1186,3,1800.372803,26.5582177,233.7909757,0.279503153,
1186,3,1099.524292,23.43401507,255.8782925,0.284031489,
1186,3,498.3048401,17.62062264,293.814546,0.291702653,
1186,3,300.2679443,13.63851652,312.9338202,0.276264801,
1186,3,148.2464905,7.79679329,344.9074705,0.255381826,
1186,3,50.1753273,2.881097693,374.3141162,0.221483049,
1186,3,50.1753273,2.881097693,374.3141162,0.221483049,
1187,1,1800.796021,25.30647258,224.7000018,0.260346866,
1187,1,1099.895264,21.42335472,262.0741694,0.283666231,
1187,1,502.2917175,17.29105297,296.4285554,0.307150221,
1187,1,302.8972778,13.14760201,319.5886655,0.303253286,
1187,1,149.7292938,7.589749123,350.6743158,0.295559671,
1187,1,51.42631912,3.096972012,377.4301802,0.287581416,
1187,1,51.42631912,3.096972012,377.4301802,0.287581416,
1187,2,1799.427124,30.88821313,262.7375025,0.423449686,
1187,2,1101.921997,28.1999321,279.7152997,0.439306473,
1187,2,502.0543518,20.60129494,314.6988132,0.458840008,
1187,2,300.8688049,14.79083824,334.4754893,0.432307264,
1187,2,150.8147278,8.26174918,361.1251949,0.418432033,
1187,2,48.74977875,2.631681382,385.4549867,0.42662202,
1187,2,48.74977875,2.631681382,385.4549867,0.42662202,
1187,3,1800.751343,19.8472777,80.90623843,0.104092702,
1187,3,1100.876221,18.62411306,97.30106353,0.102660505,
1187,3,499.8930969,15.10989107,124.8050997,0.091330001,
1187,3,298.6522827,12.95235887,113.4634624,0.074727606,
1187,3,149.6382904,7.699086822,184.5533281,0.059331202,
1187,3,48.95516586,2.656317144,218.0374327,0.024147454,
1187,3,48.95516586,2.656317144,218.0374327,0.024147454,
1188,1,1797.956909,27.01458398,206.1699414,0.247295577,
1188,1,1098.728516,24.7091616,236.0044282,0.268551985,
1188,1,498.1820374,18.09394678,284.5002138,0.285611418,
1188,1,300.6702576,15.58430839,300.4738818,0.28552218,
1188,1,148.6867218,7.457999313,347.0440094,0.275797397,
1188,1,50.61492538,2.482107833,376.4664649,0.251478289,
1188,1,50.61492538,2.482107833,376.4664649,0.251478289,
1188,2,1799.681519,22.4529656,237.5609375,0.246234697,
1188,2,1099.981323,20.4835514,253.0458927,0.24740602,
1188,2,501.1913452,16.18533333,284.0899507,0.249264479,
1188,2,299.698761,12.56471108,307.0709315,0.243307665,
1188,2,150.7360382,6.626156419,344.8327661,0.226829468,
1188,2,51.06784821,1.509392827,381.713027,0.208140613,
1188,2,51.06784821,1.509392827,381.713027,0.208140613,
1188,3,1794.140503,29.95645458,263.4034468,0.402886051,
1188,3,1091.765381,26.73004815,284.6148336,0.427981637,
1188,3,495.4537964,16.83742255,329.1950982,0.45428509,
1188,3,293.5962219,10.72799975,352.5474913,0.453434141,
1188,3,191.2003326,4.556967282,375.7815995,0.451510583,
1188,3,191.1686554,5.636797985,371.4563137,0.439991479,
1188,3,191.1686554,5.636797985,371.4563137,0.439991479,
1189,1,1799.948364,22.11939742,217.93265,0.213405865,
1189,1,1099.933105,20.31269489,224.2860178,0.202283105,
1189,1,500.2117004,14.78781054,251.7442474,0.174189491,
1189,1,300.3667603,9.918732726,272.3777596,0.135921185,
1189,1,148.2162476,4.628554554,319.9092747,0.104669792,
1189,1,50.60722733,2.416552088,338.3346236,0.072887975,
1189,1,50.60722733,2.416552088,338.3346236,0.072887975,
1189,2,1800.335449,13.21706323,306.482904,0.249964403,
1189,2,1098.38501,14.84890313,277.985616,0.209463719,
1189,2,499.9977417,13.22319473,272.9541301,0.17763224,
1189,2,298.6274414,10.2122424,285.8890807,0.152652999,
1189,2,148.2191467,7.074552322,301.3486583,0.122228345,
1189,2,48.50457001,2.113137833,359.1430969,0.093457658,
1189,2,48.50457001,2.113137833,359.1430969,0.093457658,
1189,3,1801.2854,15.66284598,215.4556274,0.150191343,
1189,3,1097.132446,14.73096603,224.6609114,0.147762434,
1189,3,498.0341492,11.72859688,255.5819202,0.143880239,
1189,3,300.3757019,8.992572696,276.24942,0.129538826,
1189,3,148.6217194,5.426029912,312.7824506,0.115053419,
1189,3,50.90408325,1.768161527,360.1062092,0.096575624,
1189,3,50.90408325,1.768161527,360.1062092,0.096575624,
1190,1,1799.685181,26.57356708,290.8306217,0.467139261,
1190,1,1098.59436,22.422413,312.4639041,0.497242548,
1190,1,499.3859863,16.53860022,339.2694366,0.540229966,
1190,1,301.4814758,12.00868498,354.1821254,0.531866314,
1190,1,150.5822144,6.897955127,372.0348163,0.533530648,
1190,1,49.81969452,2.47622098,387.4768806,0.531758799,
1190,1,49.81969452,2.47622098,387.4768806,0.531758799,
1190,2,1798.064453,32.78436617,228.9790905,0.339688997,
1190,2,1100.670166,28.52682377,253.5155606,0.345425347,
1190,2,501.3848572,21.3607264,283.454361,0.324657137,
1190,2,300.7177429,16.83133162,302.7338956,0.306360666,
1190,2,150.7666321,9.621728871,338.4247139,0.281974775,
1190,2,48.80408096,4.012701575,371.3484064,0.268810548,
1190,2,48.80408096,4.012701575,371.3484064,0.268810548,
1190,3,1801.289795,20.52225538,208.255999,0.187436444,
1190,3,1102.308105,17.89626756,228.3816114,0.182367872,
1190,3,502.6593018,14.46132868,251.035518,0.168963569,
1190,3,298.8935242,11.67853869,264.0213755,0.148973485,
1190,3,147.2635345,8.015185329,289.1784975,0.125921376,
1190,3,50.21531677,4.878881187,316.2788272,0.102742782,
1190,3,50.21531677,4.878881187,316.2788272,0.102742782,
1191,1,1800.236084,16.45475365,255.6452879,0.200741537,
1191,1,1101.415771,14.98731903,267.4407045,0.198805955,
1191,1,498.1511841,11.68311601,296.7364071,0.201294901,
1191,1,301.7003784,9.043424152,317.4626264,0.197870979,
1191,1,148.9718628,5.520892505,344.6695357,0.186995919,
1191,1,50.99920654,0.351663782,389.5794527,0.173270022,
1191,1,50.99920654,0.351663782,389.5794527,0.173270022,
1191,2,1799.689453,18.17456228,227.6231274,0.185067715,
1191,2,1101.108276,16.97469451,254.5049002,0.205818841,
1191,2,499.0114746,12.88629675,292.3285902,0.214626298,
1191,2,301.8864136,10.59725084,312.5374124,0.220370073,
1191,2,148.4936676,5.234618408,350.9415528,0.208854219,
1191,2,49.00583649,1.303082846,381.3244498,0.191734859,
1191,2,49.00583649,1.303082846,381.3244498,0.191734859,
1191,3,1801.1427,18.88904026,269.6769587,0.253310466,
1191,3,1101.77356,17.20679993,284.1097699,0.259536695,
1191,3,497.8207092,14.74345645,304.5991973,0.271415801,
1191,3,300.1569214,8.785261135,339.8781282,0.268361226,
1191,3,148.9518738,0.941671456,389.2977017,0.266898373,
1191,3,50.37799072,4.02503794,367.6968644,0.239802696,
1191,3,50.37799072,4.02503794,367.6968644,0.239802696,
1192,1,1801.065308,28.00667343,124.1647324,0.176298068,
1192,1,1099.045532,25.59567678,155.1367636,0.181512169,
1192,1,501.7252808,19.75505746,204.7341034,0.175588258,
1192,1,298.5686646,14.63312576,249.3413492,0.169442237,
1192,1,147.3765717,9.382392032,295.1812452,0.157533988,
1192,1,49.96512222,-15.062629,-21.61687895,-0.056475018,
1192,1,49.96512222,-15.062629,-21.61687895,-0.056475018,
1192,2,1800.242188,18.94889293,228.6869718,0.19603912,
1192,2,1098.483887,16.33353419,268.6094468,0.223179812,
1192,2,498.7392883,14.56941174,283.8243974,0.222646593,
1192,2,300.5227051,14.17289881,283.5844324,0.214367089,
1192,2,151.1238403,5.260157269,348.014334,0.18991805,
1192,2,50.8528862,2.732200256,372.2587483,0.200991444,
1192,2,50.8528862,2.732200256,372.2587483,0.200991444,
1192,3,1800.681641,22.13248103,135.2244912,0.144382721,
1192,3,1100.431396,21.40198514,165.9734789,0.158628102,
1192,3,498.4594421,16.86582727,218.5548816,0.161437609,
1192,3,300.2354126,11.7916683,266.1653504,0.155113295,
1192,3,150.6265869,5.82265186,326.8270354,0.145646408,
1192,3,49.60647202,3.078113691,355.7218633,0.132543883,
1192,3,49.60647202,3.078113691,355.7218633,0.132543883,
1194,1,1798.78479,25.81705305,227.2583839,0.27076728,
1194,1,1101.880615,24.71797621,240.8712596,0.281117864,
1194,1,500.1976318,19.76120414,274.1625782,0.285525853,
1194,1,301.6226501,14.33000329,304.1115147,0.274400626,
1194,1,151.441452,7.845747711,342.6319124,0.26209464,
1194,1,49.76099014,2.148759822,378.9954611,0.244661431,
1194,1,49.76099014,2.148759822,378.9954611,0.244661431,
1194,2,1798.065796,9.817434559,228.8433576,0.100794519,
1194,2,1099.789673,9.107688994,237.4936979,0.097917939,
1194,2,501.018158,8.042826163,247.1207146,0.091235219,
1194,2,299.4762573,5.355094801,274.9599945,0.075152621,
1194,2,149.5488129,3.393939762,298.957319,0.059479705,
1194,2,49.07745361,0.731415867,364.1227277,0.043696489,
1194,2,49.07745361,0.731415867,364.1227277,0.043696489,
1194,3,1801.36499,15.44255005,235.4184273,0.167583915,
1194,3,1098.499268,15.71185926,241.8279464,0.175774448,
1194,3,500.9065247,10.4456997,295.3375072,0.181237836,
1194,3,297.8395996,9.316520314,306.8339985,0.181017876,
1194,3,151.7509918,6.01102994,337.4146417,0.179091204,
1194,3,50.01556396,0.741303876,386.8022847,0.174518561,
1194,3,50.01556396,0.741303876,386.8022847,0.174518561,
1195,1,1798.379761,28.55277382,214.7040202,0.284033939,
1195,1,1100.949951,26.87185851,234.1611125,0.29915852,
1195,1,498.6833496,20.21769779,273.0408375,0.297103838,
1195,1,299.3482056,14.41297009,301.9456812,0.276510238,
1195,1,151.5839386,8.835975019,328.0087599,0.23411464,
1195,1,50.40002823,2.891211492,365.3757092,0.181175477,
1195,1,50.40002823,2.891211492,365.3757092,0.181175477,
1195,2,1801.21521,27.92861589,244.1858318,0.330414157,x
1195,2,1801.12085,28.85572222,243.7772362,0.340536191,x
1195,2,1801.053833,27.52843506,244.8470274,0.32674989,x
1195,2,1801.043213,29.63193767,234.1618792,0.326517822,x
1195,2,1801.001831,27.45794171,239.7568156,0.31402362,x
1195,2,1800.969727,28.54598657,229.7593604,0.304843473,x
1195,2,1800.96228,27.17448175,244.6626456,0.321459183,x
1195,2,1800.948242,29.36125661,243.2005721,0.345322595,x
1195,2,1800.904175,28.52896693,238.3665656,0.323301831,x
1195,2,1800.85791,26.2575746,230.5682338,0.280547964,x
1195,2,1800.854248,28.85952513,226.5702739,0.301454065,x
1195,2,1800.831299,29.42131981,245.8087113,0.35240567,x
1195,2,1800.823853,28.24679213,247.1082515,0.341320413,x
1195,2,1800.763428,27.11728652,233.6935373,0.296327991,x
1195,2,1800.688477,29.7283297,245.0559958,0.35457239,x
1195,2,1800.616333,26.67047089,233.9922113,0.291776182,x
1195,2,1800.613159,26.88291138,231.4758993,0.288867327,x
1195,2,1800.537842,29.89210621,244.9483597,0.35633119,x
1195,2,1800.383789,18.26862551,182.8853754,0.145342742,x
1195,2,1800.295776,27.70488187,257.506601,0.363391412,x
1195,2,1800.272705,28.77576871,250.4360691,0.357372242,x
1195,2,1800.253784,28.54530114,253.0709502,0.361728786,x
1195,2,1800.247925,28.57670302,252.9331263,0.362339182,x
1195,2,1800.158081,29.46463604,250.0579744,0.365165084,x
1195,2,1800.146118,30.25025782,245.1037535,0.361489943,x
1195,2,1800.085327,20.64611158,173.3943362,0.157300176,x
1195,2,1799.695313,22.34695328,180.8547656,0.177208388,x
1195,2,1799.692261,20.42991544,191.1328519,0.170477014,x
1195,2,1799.535278,21.85857199,190.9602855,0.182745752,x
1195,2,1799.386719,21.93444278,199.8956209,0.192616012,x
1195,2,1799.159546,23.52750823,195.3014732,0.201666071,x
1195,2,1798.955566,22.51283196,214.397715,0.214793582,x
1195,2,1798.92688,23.07253364,201.2502008,0.204326881,x
1195,2,1798.734619,23.40853637,211.305985,0.219812392,x
1195,2,1798.526245,25.50099644,208.1882157,0.235802721,x
1195,2,1798.523804,24.2002352,212.3759236,0.228981963,x
1195,2,1798.338989,26.06032093,210.7452295,0.244811531,x
1195,2,1798.182129,26.70652576,204.9556289,0.243011703,x
1195,2,1798.126953,25.75637823,219.0237087,0.254592265,x
1195,2,1798.12146,25.56358926,226.9564502,0.266386617,x
1195,2,1798.01123,25.80625655,222.0510165,0.260015426,x
1195,2,1797.942993,27.88236571,219.0772997,0.277160386,
1195,2,1097.848145,25.73652279,270.9988628,0.372742768,
1195,2,499.2506409,19.72767298,298.5720194,0.361103561,
1195,2,299.9594421,13.6981394,321.0146325,0.323238402,
1195,2,151.9001312,6.41155883,355.5971957,0.283685085,
1195,2,50.4367485,1.748853365,381.6225003,0.225503572,
1195,2,50.4367485,1.748853365,381.6225003,0.225503572,
1195,3,1800.973389,28.17574899,265.6406426,0.41117038,
1195,3,1098.134888,26.57652977,283.6727548,0.450857671,
1195,3,500.5296021,18.69200265,321.6624151,0.486180959,
1195,3,301.9679871,12.5204337,345.348668,0.485466008,
1195,3,150.3813019,6.140842851,368.8995214,0.461930204,
1195,3,51.23152542,0.704426158,390.2191418,0.412699456,
1195,3,51.23152542,0.704426158,390.2191418,0.412699456,
1196,3,1799.315552,17.48749405,211.6977407,0.159381729,
1196,3,1100.20813,15.15102011,239.4442433,0.162244928,
1196,3,500.1544189,12.82360129,262.6459253,0.160156842,
1196,3,299.3001099,11.67851005,273.8256057,0.158195444,
1196,3,150.1587524,6.744698565,319.4543917,0.145072424,
1196,3,51.44751358,1.865873399,376.2839199,0.155360168,
1196,3,51.44751358,1.865873399,376.2839199,0.155360168,
1197,1,1799.391602,5.703301062,205.5718014,0.050444046,
1197,1,1101.392456,6.818720093,188.4582342,0.054709633,
1197,1,501.8088684,4.44336723,278.3440345,0.064652266,x
1197,1,300.6227112,5.983222924,243.4899207,0.065726998,
1197,1,150.76651,4.074251343,290.2209725,0.065825337,
1197,1,48.92413712,1.196771968,352.3346712,0.051386832,
1197,1,48.92413712,1.196771968,352.3346712,0.051386832,
1197,2,1800.105591,20.71412084,178.0140705,0.160663099,
1197,2,1099.118652,18.91626281,210.2109873,0.172173947,
1197,2,501.2551575,15.37986028,243.0363158,0.16938823,
1197,2,299.4291382,12.34572889,255.104068,0.146837371,
1197,2,150.1460114,6.432172139,310.890773,0.128212609,
1197,2,49.34052277,2.205154293,357.0742856,0.099670686,
1197,2,49.34052277,2.205154293,357.0742856,0.099670686,
1197,3,1799.703735,16.05011581,192.7236942,0.132172741,
1197,3,1100.964722,14.14486883,198.9571104,0.119196706,
1197,3,500.7763977,9.040730554,243.6606482,0.098293253,
1197,3,298.0906982,9.520080982,181.8732473,0.072499314,
1197,3,150.667572,4.378793613,261.7563583,0.053522777,
1197,3,49.85742188,1.685370293,12.27250395,0.00702969,
1197,3,49.85742188,1.685370293,12.27250395,0.00702969,
1198,1,1798.378296,20.35007205,220.1259262,0.200382372,
1198,1,1099.097046,17.97782818,250.6499762,0.214338456,
1198,1,501.1316833,12.96295415,294.2589053,0.220027485,
1198,1,298.0956421,9.469488818,321.1971469,0.219741624,
1198,1,151.9114227,5.3625629,353.7914646,0.220898673,
1198,1,50.31183624,0.240170539,392.5848336,0.217593767,
1198,1,50.31183624,0.240170539,392.5848336,0.217593767,
1198,2,1800.178101,19.90796636,234.486635,0.216306632,
1198,2,1099.459106,18.52637921,248.7004041,0.220070875,
1198,2,498.2355652,14.93275954,281.6605891,0.228049838,
1198,2,299.2389526,11.4002712,305.2371322,0.218087322,
1198,2,149.254776,6.629987651,340.0866459,0.206851393,
1198,2,48.82992935,2.19877975,375.5336759,0.191085402,
1198,2,48.82992935,2.19877975,375.5336759,0.191085402,
1198,3,1800.231323,18.68080772,292.4705665,0.324651565,
1198,3,1097.976196,17.03009802,292.7291308,0.29265738,
1198,3,500.422699,12.50319383,307.7276284,0.248428575,
1198,3,301.7261658,10.35018946,317.2149925,0.228444885,
1198,3,149.8155212,5.716413819,348.2118959,0.210839115,
1198,3,50.50109863,0.82602385,386.8917803,0.18931702,
1198,3,50.50109863,0.82602385,386.8917803,0.18931702,
1199,2,1800.817383,24.08460819,193.6921243,0.206355204,
1199,2,1098.026123,21.33679031,210.108213,0.198075083,
1199,2,500.5626831,16.59920995,242.5459543,0.185709166,
1199,2,300.0645142,12.43202443,263.6802904,0.160761863,
1199,2,150.3963776,6.345827589,311.1783398,0.128661939,
1199,2,48.75888824,2.775435038,342.6971306,0.091429086,
1199,2,48.75888824,2.775435038,342.6971306,0.091429086,
1199,3,1800.092041,25.70609905,214.9292751,0.257161239,
1199,3,1103.070557,24.1606646,227.5887217,0.258380745,
1199,3,501.7692261,16.8408274,273.6930551,0.250374635,
1199,3,300.3672791,12.43613596,293.8418763,0.221331043,
1199,3,149.8334961,6.926686996,324.8726971,0.180860132,
1199,3,48.16572189,1.947716594,361.5281707,0.118525954,
1199,3,48.16572189,1.947716594,361.5281707,0.118525954,
1200,1,1799.058838,11.62180399,252.0387251,0.139847692,
1200,1,1099.673096,10.58677666,271.138608,0.146303234,
1200,1,501.5861206,7.967100301,302.6518943,0.147489782,
1200,1,298.3530579,5.274669305,329.9612045,0.139500657,
1200,1,148.0606842,2.557464595,357.4340141,0.121452831,
1200,1,50.44103622,0.412807103,385.8768252,0.104234773,
1200,1,50.44103622,0.412807103,385.8768252,0.104234773,
1200,2,1800.942383,16.96800796,210.5509871,0.156295849,
1200,2,1101.803833,15.44800796,235.8200235,0.164707845,
1200,2,500.4532776,12.23474996,268.0233112,0.162740843,
1200,2,300.8466797,8.899628682,293.9998919,0.148476221,
1200,2,149.6383057,5.730914323,320.5602752,0.129006907,
1200,2,51.64866257,1.996626305,360.5314413,0.098219289,
1200,2,51.64866257,1.996626305,360.5314413,0.098219289,
1200,3,1798.578857,17.50872621,159.2445626,0.124016399,
1200,3,1099.605103,17.90946381,138.1978699,0.11535666,
1200,3,499.9710693,13.1585426,153.4112896,0.089453395,
1200,3,298.714447,11.86656764,137.2736817,0.075114298,
1200,3,150.4302979,6.257946207,203.5331494,0.053233155,
1200,3,48.62775803,3.120837378,263.1616857,0.038561018,
1200,3,48.62775803,3.120837378,263.1616857,0.038561018,
1201,1,1799.224609,20.90736933,104.0442442,0.119377257,
1201,1,1098.272583,20.90172754,105.3397858,0.119466469,
1201,1,498.3311768,16.04399996,145.6786722,0.105958984,
1201,1,299.3515625,15.0275976,117.7260724,0.088402984,
1201,1,151.3954773,10.75383568,170.192241,0.077720249,
1201,1,51.6566124,4.763083962,269.0742981,0.061384458,
1201,1,51.6566124,4.763083962,269.0742981,0.061384458,
1201,2,1800,18.55458425,204.9610884,0.16601609,
1201,2,1100,17.18566943,221.5779885,0.167695433,
1201,2,500,14.43253834,251.2813342,0.169432008,
1201,2,300,11.06743216,282.8361495,0.166945067,
1201,2,150,7.630539177,311.2451254,0.154027858,
1201,2,50,1.004183735,380.0846795,0.130184453,
1201,2,50,1.004183735,380.0846795,0.130184453,
1201,3,1801.000732,19.6279347,211.4097764,0.181754622,
1201,3,1098.354492,16.38052833,242.6701307,0.182887503,
1201,3,499.1460266,13.83665259,261.7486831,0.174683776,
1201,3,299.3953857,11.37688254,275.6495548,0.159609367,
1201,3,152.1689911,7.818249676,303.2746063,0.142208954,
1201,3,47.32756042,1.588014656,371.1535889,0.115692691,
1201,3,47.32756042,1.588014656,371.1535889,0.115692691,
1202,1,1802.134644,8.491310768,195.5643148,0.072533773,x
1202,1,1102.317993,11.41190947,123.7320089,0.069943523,
1202,1,498.3680725,9.637207744,209.5699695,0.086821142,
1202,1,302.2930603,8.834920821,219.3687802,0.083956465,
1202,1,152.1070404,5.788702249,263.608013,0.073831253,
1202,1,50.18280029,-0.828046257,411.4683942,0.057772975,
1202,1,50.18280029,-0.828046257,411.4683942,0.057772975,
1202,2,1799.552734,14.60361841,193.2613778,0.123783509,
1202,2,1101.592285,15.871034,189.7342025,0.130898437,
1202,2,500.1295166,12.77719231,233.0473455,0.134157795,
1202,2,298.9855347,12.70442652,225.5569063,0.126421787,
1202,2,149.129425,6.931527574,286.5823211,0.109938604,
1202,2,49.18809509,1.920374825,355.7795639,0.09454831,
1202,2,49.18809509,1.920374825,355.7795639,0.09454831,
1202,3,1798.564087,9.087240532,164.2556763,0.065952194,
1202,3,1102.561523,9.143881763,196.1164097,0.077093849,
1202,3,502.0977478,7.874108648,244.4483756,0.088440205,
1202,3,299.9562683,6.251930524,273.1749396,0.087793442,
1202,3,149.7759705,1.780098939,352.4850143,0.081618923,
1202,3,48.24407196,1.583020693,349.3355808,0.065227361,
1202,3,48.24407196,1.583020693,349.3355808,0.065227361,
1203,1,1798.101929,17.44695597,300.2203039,0.334194736,
1203,1,1099.403687,17.37940576,306.6065531,0.351445736,
1203,1,499.3727112,12.40850155,334.9410136,0.371482449,
1203,1,301.626709,8.768283429,352.1389209,0.368891244,
1203,1,149.4516602,3.405946993,377.2011309,0.362491134,
1203,1,51.47941589,-0.875657633,398.3055839,0.338631696,
1203,1,51.47941589,-0.875657633,398.3055839,0.338631696,
1203,2,1801.836304,18.2450637,268.2154724,0.25108054,
1203,2,1101.149414,15.81157237,285.8541414,0.251554276,
1203,2,500.46875,11.01458634,318.4627733,0.250097324,
1203,2,300.6904907,8.890296404,332.8964627,0.246846064,
1203,2,148.5733337,3.762569371,367.0979308,0.240098718,
1203,2,50.76935959,1.073765498,385.9887661,0.230515606,
1203,2,50.76935959,1.073765498,385.9887661,0.230515606,
1203,3,1799.871704,15.83232324,239.0267357,0.174193041,
1203,3,1099.081909,15.07581177,258.8096073,0.18920403,
1203,3,499.2535706,12.00706085,292.4819182,0.200497645,
1203,3,300.3398132,8.50576998,320.2637574,0.195549137,
1203,3,148.4571228,4.611389349,352.4611941,0.190159686,
1203,3,49.07847977,0.134077089,391.7959593,0.176783335,
1203,3,49.07847977,0.134077089,391.7959593,0.176783335,
1205,2,1800.773804,22.67505483,234.9775661,0.240375701,
1205,2,1100.334106,20.52925839,255.0002026,0.248309516,
1205,2,502.2027588,16.03622995,285.8330642,0.247418049,
1205,2,301.9004517,11.13552834,315.4787887,0.236607881,
1205,2,148.9648743,5.037256744,356.7175575,0.224537252,
1205,2,49.21044159,0.443077794,390.6405433,0.205258848,
1205,2,49.21044159,0.443077794,390.6405433,0.205258848,
1205,3,1798.072998,16.72562021,245.2402872,0.189117284,
1205,3,1098.460205,13.75106153,275.1061717,0.194623704,
1205,3,501.5699158,12.79943653,281.7137918,0.188891609,
1205,3,301.434906,10.6960611,297.7503661,0.18391364,
1205,3,149.055954,6.277879854,336.821796,0.180888206,
1205,3,50.98111343,0.679492256,387.3389038,0.168872699,
1205,3,50.98111343,0.679492256,387.3389038,0.168872699,
1206,1,1798.279053,20.40496369,214.6473674,0.199350644,
1206,1,1102.283203,18.60174043,239.225794,0.210357547,
1206,1,500.5698547,14.41064091,276.5216133,0.215498033,
1206,1,301.9391785,11.36120867,299.1579502,0.212083975,
1206,1,149.4429016,6.801385353,332.8509344,0.201501094,
1206,1,51.52164841,2.823093289,363.4674956,0.179539126,
1206,1,51.52164841,2.823093289,363.4674956,0.179539126,
1206,2,1803.031494,17.32665266,195.5429972,0.150023061,
1206,2,1101.396118,16.59931064,213.5682302,0.15789581,
1206,2,499.5422058,12.96669283,253.3297401,0.159014692,
1206,2,301.4420166,10.34509096,273.0117722,0.147628915,
1206,2,149.0143738,6.215816236,312.3905407,0.133810749,
1206,2,51.13686371,2.419572731,353.1892388,0.111385488,
1206,2,51.13686371,2.419572731,353.1892388,0.111385488,
1206,3,1799.432739,12.43812966,212.5194687,0.115661258,
1206,3,1100.907104,12.40842622,219.0513065,0.119402391,
1206,3,498.7328491,10.26343294,249.7756398,0.119847121,
1206,3,301.0948181,8.827655274,259.7213437,0.110508235,
1206,3,151.6032867,5.038087662,306.4208207,0.097523446,
1206,3,51.54963684,1.064758353,366.2934877,0.072089017,
1206,3,51.54963684,1.064758353,366.2934877,0.072089017,
1207,1,1799.499878,27.93548064,246.3177576,0.345906793,
1207,1,1101.119263,25.59850698,259.8364899,0.346777674,
1207,1,500.7608643,18.29023835,295.7830514,0.33914461,
1207,1,299.2921448,14.09990419,314.3028004,0.321104698,
1207,1,150.4277039,7.027661138,349.5113476,0.29288149,
1207,1,51.02423859,0.652742615,386.413738,0.249449052,
1207,1,51.02423859,0.652742615,386.413738,0.249449052,
1207,2,1801.011353,24.71379087,165.8141494,0.183736827,
1207,2,1101.469116,22.44640203,199.731872,0.195986918,
1207,2,499.1307678,18.45370407,242.125052,0.205124575,
1207,2,302.7599792,14.20198949,264.7047234,0.183920706,
1207,2,151.4952393,8.742243305,299.6520399,0.154038262,
1207,2,49.50100327,4.859435454,323.4786697,0.113281389,
1207,2,49.50100327,4.859435454,323.4786697,0.113281389,
1207,3,1800.759155,11.77286981,215.4394427,0.110908438,
1207,3,1102.716064,12.44378937,229.4763442,0.126255818,
1207,3,496.6564026,9.416836934,279.6553381,0.136840808,
1207,3,299.147644,6.278613852,304.8282831,0.115590322,
1207,3,147.7871552,1.708464321,363.8029652,0.093355506,
1207,3,50.4705162,-0.732263658,410.9786503,0.071475135,
1207,3,50.4705162,-0.732263658,410.9786503,0.071475135,
1209,1,1798.735718,13.37188016,219.5181317,0.130190322,
1209,1,1098.876343,13.42440632,220.0834197,0.130022214,
1209,1,501.9016418,10.33377441,253.8504021,0.123932573,
1209,1,301.5880127,8.343504534,274.1705163,0.11714025,
1209,1,149.0045471,4.964421659,314.7880709,0.105806447,
1209,1,50.88967514,0.69474731,378.5365054,0.087747539,
1209,1,50.88967514,0.69474731,378.5365054,0.087747539,
1209,2,1800.240723,20.85709817,190.7945176,0.177928821,
1209,2,1798.871948,17.11864785,181.5258025,0.137030307,x
1209,2,1101.743408,13.87125215,228.5994436,0.143244563,x
1209,2,1100.86853,21.30316499,200.4760477,0.189640981,
1209,2,500.0859985,16.91259213,240.1690673,0.189903491,
1209,2,498.7392883,13.13902152,239.1346917,0.143656233,x
1209,2,298.9535217,13.14243891,264.6378118,0.174971015,
1209,2,298.2458801,11.32704039,240.1834683,0.123286295,x
1209,2,149.6736603,6.239301736,320.7492088,0.150154618,x
1209,2,149.4812927,7.009019007,281.4283735,0.104453501,
1209,2,51.10085678,2.62278797,336.1225979,0.077633101,
1209,2,51.10085678,2.62278797,336.1225979,0.077633101,
1209,2,49.21687698,1.876502259,361.3048901,0.106365103,x
1209,2,49.21687698,1.876502259,361.3048901,0.106365103,x
1209,3,1798.721069,16.439943,201.7287555,0.147669148,
1209,3,1101.334717,14.52929167,227.2967738,0.150658461,
1209,3,501.8217163,12.85207723,241.6478161,0.144260238,
1209,3,300.4628906,9.692517093,258.4957691,0.122009765,
1209,3,150.1262512,6.085303037,286.8622564,0.096751866,
1209,3,49.28715134,0.984151921,365.2902873,0.066124694,
1209,3,49.28715134,0.984151921,365.2902873,0.066124694,
1211,1,1800.073242,15.17988649,156.2169283,0.105491543,
1211,1,1100.054321,14.83718638,169.0754589,0.108518428,
1211,1,500.0679626,9.597982994,245.0099293,0.106357765,
1211,1,298.8897705,10.23426305,230.4223426,0.10254425,
1211,1,150.0814514,6.853010453,261.7567479,0.084522621,
1211,1,50.84801483,1.774462384,330.9910846,0.046394623,
1211,1,50.84801483,1.774462384,330.9910846,0.046394623,
1211,2,1800.19873,18.00254546,231.4406902,0.188548171,
1211,2,1101.464355,15.32423408,247.1702172,0.176499294,
1211,2,499.1674194,11.98615282,265.241006,0.1562999,
1211,2,301.8165588,10.34226123,269.6426077,0.138576277,
1211,2,150.0251923,6.076477505,305.0754921,0.11392356,
1211,2,48.65678024,1.800817913,358.5534242,0.086162322,
1211,2,48.65678024,1.800817913,358.5534242,0.086162322,
1211,3,1799.926758,14.61997721,146.6262815,0.097548116,
1211,3,1098.328491,12.90681188,163.3265995,0.092213511,
1211,3,501.6296692,11.64221977,170.3040053,0.08503279,
1211,3,301.02005,4.811810764,287.0244924,0.076812758,
1211,3,149.3929596,-2.26246775,424.2288226,0.068115421,
1211,3,48.41690826,-7.070388199,603.1251908,0.043888922,
1211,3,48.41690826,-7.070388199,603.1251908,0.043888922,
1212,2,1798.879639,16.29761392,239.9144211,0.181592513,
1212,2,1098.682373,16.8690536,250.6265256,0.199893905,
1212,2,501.0710449,14.62105562,281.850129,0.220039129,
1212,2,297.9944763,12.1258337,301.6149933,0.218865133,
1212,2,151.0175476,5.235126748,352.3287112,0.206241341,
1212,2,49.92512894,1.04121428,386.9578617,0.19350417,
1212,2,49.92512894,1.04121428,386.9578617,0.19350417,
1212,3,1799.951904,30.73788148,254.0797812,0.389953465,
1212,3,1098.01355,26.45121334,286.8595753,0.44051024,
1212,3,498.5827026,18.6839578,323.8016061,0.469187332,
1212,3,299.4333801,13.61034569,343.604557,0.468663421,
1212,3,148.7364655,5.832552517,373.072018,0.455317789,
1212,3,50.94165039,0.66471236,393.7981511,0.432524525,
1212,3,50.94165039,0.66471236,393.7981511,0.432524525,
1213,1,1802.111572,9.591216047,204.5180143,0.084894094,x
1213,1,1801.901245,10.83221704,178.5410365,0.083771049,x
1213,1,1801.819214,9.778680292,195.1151784,0.082231812,x
1213,1,1801.437134,11.05530539,170.3265943,0.082254394,x
1213,1,1801.265381,26.0386563,229.4128473,0.277119394,x
1213,1,1801.247192,25.93399058,227.5390362,0.272324397,x
1213,1,1800.877319,25.03221975,237.4717914,0.281107384,x
1213,1,1800.844482,25.54084823,226.3674323,0.266702803,x
1213,1,1800.827637,24.52066142,230.4726821,0.262276569,x
1213,1,1800.721313,27.07532191,240.3961463,0.313084106,x
1213,1,1800.665283,25.13916353,224.6728959,0.25914799,x
1213,1,1800.600952,24.00426924,229.29537,0.25476268,x
1213,1,1800.471313,26.32662308,231.9919199,0.285683313,x
1213,1,1800.326416,24.59830401,220.1399276,0.24586177,x
1213,1,1800.297485,27.48507675,238.2097409,0.312769877,x
1213,1,1800.230225,27.40275833,239.7310589,0.315075785,x
1213,1,1800.202881,21.56654384,218.8750946,0.212733139,x
1213,1,1800.13501,25.60631173,237.9053677,0.289344562,x
1213,1,1800.069214,25.48336413,210.9529854,0.240874866,x
1213,1,1800.053101,24.00294699,206.4292307,0.220743237,x
1213,1,1799.881592,26.33386529,237.0541475,0.295743031,x
1213,1,1799.877319,20.55579916,216.3910704,0.19962197,x
1213,1,1799.803467,23.85627833,195.8107771,0.206339931,x
1213,1,1799.761108,23.28067279,221.0932288,0.233690211,x
1213,1,1799.757202,23.22944215,218.5029911,0.229074399,x
1213,1,1799.67627,11.4459011,179.1711899,0.088849783,x
1213,1,1799.536011,10.76076196,208.6941256,0.097689656,x
1213,1,1799.431152,14.5560647,168.7838611,0.107982301,x
1213,1,1799.395386,10.74637761,189.2676044,0.087719808,x
1213,1,1799.333862,21.28304734,202.2902091,0.190074041,x
1213,1,1799.308228,20.30571593,200.3315991,0.179192795,x
1213,1,1799.299072,26.05788724,239.7102034,0.298897198,x
1213,1,1799.249146,15.5538512,190.9697238,0.129125931,x
1213,1,1799.230347,13.88807543,198.0656192,0.1194641,x
1213,1,1799.218506,13.46767487,169.4529975,0.10013509,x
1213,1,1799.138916,17.4424591,180.2219823,0.137474849,x
1213,1,1799.046997,17.25884412,198.6070337,0.149830137,x
1213,1,1798.992554,18.77288442,195.7882631,0.160896634,x
1213,1,1798.937134,27.10995057,235.5787552,0.302373079,x
1213,1,1798.816772,19.01256767,203.0047259,0.169772763,x
1213,1,1798.47644,27.34464949,236.2082181,0.306334295,
1213,1,1798.027466,24.634982,251.7307133,0.309152017,x
1213,1,1099.131714,25.92635153,250.9916718,0.319523617,
1213,1,501.4008179,18.90580001,287.3837187,0.313217732,
1213,1,301.144043,15.21399106,294.0887058,0.26588754,
1213,1,148.6975403,8.57453365,321.1289944,0.205066869,
1213,1,50.79469681,1.771893686,369.5055714,0.136122556,
1213,1,50.79469681,1.771893686,369.5055714,0.136122556,
1213,2,1800.023071,18.94559065,190.7028116,0.158700482,
1213,2,1098.934814,18.47320234,212.3654415,0.173046908,
1213,2,500.9121704,14.91935771,251.5084258,0.177856926,
1213,2,302.3088379,11.88012362,275.9947267,0.170274518,
1213,2,151.7679291,7.022095207,318.4319151,0.156434837,
1213,2,50.05186844,2.238703714,365.7152289,0.134903077,
1213,2,50.05186844,3.843472872,366.3681052,0.237577583,
1213,3,1799.000366,13.04560577,176.1511744,0.101557767,
1213,3,1101.451416,13.94688454,158.9833513,0.099513651,
1213,3,499.0460205,10.27708785,211.6484364,0.094562564,
1213,3,300.7867126,8.443272221,215.9141796,0.079042365,
1213,3,151.6221771,4.726095684,262.8055059,0.060412622,
1213,3,51.64786148,2.551881336,274.8605539,0.035555886,
1213,3,51.64786148,2.551881336,274.8605539,0.035555886,
1214,1,1802.335205,2.857024925,312.0144393,0.063095729,x
1214,1,1101.58667,2.165236178,328.1752026,0.059839338,x
1214,1,499.7173462,0.955785824,361.7090935,0.0595744,x
1214,1,301.1972656,0.534825847,373.8948746,0.061017826,x
1214,1,148.8686066,0.46502893,376.2666584,0.061947162,x
1214,1,50.97305298,1.963303597,338.0863855,0.061864288,x
1214,1,50.97305298,1.963303597,338.0863855,0.061864288,x
1214,2,1799.948486,34.01447253,259.7679676,0.451219039,
1214,2,1101.748657,31.41028753,277.1666352,0.477773802,
1214,2,500.2608643,21.13977444,318.5282335,0.49588586,
1214,2,301.7565613,16.99208458,333.7145343,0.496140979,
1214,2,151.6256104,9.967245313,358.035036,0.483339416,
1214,2,49.9272728,1.960197686,386.8310991,0.459206263,
1214,2,49.9272728,1.960197686,386.8310991,0.459206263,
1214,3,1798.958008,19.41634619,233.6841332,0.207229067,
1214,3,1098.331055,17.04633511,262.1081704,0.221433755,
1214,3,501.3691406,14.10178134,289.5688815,0.230223473,
1214,3,301.2172546,9.343702606,320.2976273,0.217455155,
1214,3,148.6444397,6.230228732,343.6345239,0.210577931,
1214,3,50.62358093,2.521701643,371.4325898,0.190511602,
1214,3,50.62358093,2.521701643,371.4325898,0.190511602,
1215,1,1797.832275,15.05634939,198.8445907,0.129797265,
1215,1,1098.846802,14.22672705,201.9967435,0.123728909,
1215,1,500.8838196,11.11115572,233.8242369,0.115483579,
1215,1,299.5378723,9.66917852,246.2680255,0.108527266,
1215,1,149.2645111,4.741192104,311.0206119,0.09623535,
1215,1,50.65937805,2.285013782,346.6040487,0.082638363,
1215,1,50.65937805,2.285013782,346.6040487,0.082638363,
1215,2,1800.030151,22.22760847,263.3019841,0.28852734,
1215,2,1100.029785,19.25977642,286.1966615,0.301255331,
1215,2,499.6856384,14.26958271,320.4883355,0.322100085,
1215,2,299.1919861,11.1041465,339.1585403,0.330734346,
1215,2,148.4819641,3.70733918,378.5220459,0.364066364,
1215,2,50.73006821,-0.25967101,397.6524309,0.345509669,
1215,2,50.73006821,-0.25967101,397.6524309,0.345509669,
1215,3,1800.556641,16.93067126,237.1691528,0.185347997,
1215,3,1098.102417,15.60930326,255.6870772,0.192821807,
1215,3,500.9912109,11.90104541,291.0365579,0.197518844,
1215,3,298.0258484,8.96662649,315.4613156,0.195531508,
1215,3,147.1827087,5.742259595,341.5536743,0.188688848,
1215,3,50.23859406,1.737381549,375.6988326,0.178177505,
1215,3,50.23859406,1.737381549,375.6988326,0.178177505,
1216,1,1803.579834,25.28937622,243.1102593,0.296555148,
1216,1,1101.88147,23.1137237,266.6120325,0.318751572,
1216,1,500.7678223,14.9022706,314.8503305,0.331126635,
1216,1,302.2610474,10.89821392,337.9414378,0.341461867,
1216,1,149.6197815,5.920943927,362.9474949,0.335163026,
1216,1,51.51451111,0.815491226,389.4171684,0.327293573,
1216,1,51.51451111,0.815491226,389.4171684,0.327293573,
1216,2,1800.155396,26.87593984,224.5118575,0.283226732,
1216,2,1100.899048,25.14543583,237.9221375,0.28597233,
1216,2,498.3982849,17.79767909,285.7932451,0.292890273,
1216,2,299.3334045,11.82547192,319.2667825,0.282817332,
1216,2,151.5985107,7.221126192,346.0805102,0.269741858,
1216,2,50.45599747,1.068427461,384.5779244,0.236397771,
1216,2,50.45599747,1.068427461,384.5779244,0.236397771,
1216,3,1800.351929,20.89960773,278.8324904,0.331583251,
1216,3,1100.148682,19.20883577,290.5286612,0.336325267,
1216,3,499.911377,13.52494355,322.0229947,0.342205231,
1216,3,300.5258179,10.69206092,337.8128226,0.34472766,
1216,3,148.3226166,4.898207683,366.8742411,0.334974302,
1216,3,50.58162308,1.505783028,385.122038,0.331288716,
1216,3,50.58162308,1.505783028,385.122038,0.331288716,
1217,1,1799.285889,10.45298516,217.6785576,0.098993735,
1217,1,1098.99292,12.64965966,195.0439037,0.104640626,
1217,1,501.7159119,8.486549882,259.5257774,0.10437592,
1217,1,301.4910889,9.029779904,239.1406246,0.095491391,
1217,1,148.9640503,7.20310712,260.0456691,0.087870406,
1217,1,50.91063309,2.495586688,330.3541455,0.064168665,
1217,1,50.91063309,2.495586688,330.3541455,0.064168665,
1217,3,1800.53064,13.69048901,207.12441,0.122848354,
1217,3,1097.981567,13.04008956,210.1324273,0.118165119,
1217,3,501.2152405,10.82798851,227.3087357,0.107661512,
1217,3,299.897583,9.264284674,246.2455155,0.103766243,
1217,3,150.7800751,7.336350503,277.411771,0.103632221,
1218,1,1799.676025,16.52383101,199.7785565,0.145803676,
1218,1,1100.680908,15.78308788,215.0664714,0.150460389,
1218,1,499.6521301,12.61466234,246.8813231,0.146272049,
1218,1,298.624115,8.565628515,282.7126492,0.132155259,
1218,1,149.6660461,5.11966031,317.0929365,0.115726489,
1218,1,48.87756729,2.239881472,347.1968754,0.086165775,
1218,1,48.87756729,2.239881472,347.1968754,0.086165775,
1218,2,1800.112549,3.109111631,165.856946,0.022796231,
1218,2,1098.42041,3.251525914,178.3796536,0.025083746,
1218,2,499.2723694,2.908006586,229.2767071,0.029556905,
1218,2,298.1483154,2.612838609,243.6805722,0.029178787,
1218,2,149.50177,2.947369803,228.7163431,0.029635689,x
1218,2,50.48974228,-0.034370766,389.4865258,0.021024821,
1218,2,50.48974228,-0.034370766,389.4865258,0.021024821,
1218,3,1099.036499,9.354273417,224.9592202,0.09188167,
1218,3,501.9864502,8.390302295,255.9656423,0.100327049,
1218,3,301.5247803,6.995778945,283.5862943,0.104620762,
1218,3,150.8630676,4.885310172,315.3274604,0.101903077,
1218,3,50.22138977,1.015216441,376.5107091,0.096140198,
1218,3,50.22138977,1.015216441,376.5107091,0.096140198,
1219,2,1800.261963,11.52533729,182.5190687,0.091355936,
1219,2,1099.430908,11.35599636,186.7853378,0.091239244,
1219,2,498.3952637,9.596101175,218.3794671,0.090598012,
1219,2,299.4335632,7.701482602,245.4442187,0.085962364,
1219,2,149.4540863,5.444753151,291.7997303,0.087878996,
1219,2,48.90261078,1.721518166,358.1959423,0.079631385,
1219,2,48.90261078,1.721518166,358.1959423,0.079631385,
1219,3,1797.775513,14.0526607,232.3225406,0.149573628,
1219,3,1098.347046,12.62342108,250.6495917,0.150514803,
1219,3,501.8807678,9.577402222,285.873598,0.150601166,
1219,3,298.9519653,7.350057183,309.1920356,0.146809448,
1219,3,149.0449829,4.465383927,341.563983,0.143568257,
1219,3,48.82853699,1.15535358,378.8936917,0.129806931,
1219,3,48.82853699,1.15535358,378.8936917,0.129806931,
1220,1,1801.749023,3.404239575,169.3393858,0.024771761,
1220,1,1100.843994,3.600020859,166.9308455,0.025710102,
1220,1,499.0837708,3.263240003,200.1737295,0.027195754,
1220,1,301.0772095,0.959956063,326.5975988,0.023540764,
1220,1,148.8569031,0.573841627,349.3784867,0.021473077,
1220,1,50.78136826,1.734497927,211.3132325,0.015211178,
1220,1,50.78136826,1.734497927,211.3132325,0.015211178,
1220,2,1799.675293,30.64353684,216.5641417,0.31174466,
1220,2,1100.70105,27.75083399,241.0147156,0.327463532,
1220,2,499.7157898,20.70546523,282.8429507,0.335812946,
1220,2,298.7112732,14.59804729,311.950984,0.320293013,
1220,2,149.330307,7.391053863,348.9352657,0.296203045,
1220,2,49.15509415,0.978777511,386.1559992,0.262328886,
1220,2,49.15509415,0.978777511,386.1559992,0.262328886,
1220,3,1801.795288,20.8766533,228.2385777,0.21888455,
1220,3,1098.143921,19.09574511,252.2156459,0.232884992,
1220,3,498.4255676,14.0033567,295.4522688,0.246331552,
1220,3,300.4938049,11.63153346,313.5683373,0.248130986,
1220,3,148.7719269,6.160528126,350.5222134,0.243591439,
1220,3,50.819664,1.452185349,383.2274945,0.235360669,
1220,3,50.819664,1.452185349,383.2274945,0.235360669,
1221,1,1798.257202,4.112673694,116.6301343,0.024372799,x
1221,1,1100.163452,2.955780498,219.8196158,0.028229968,x
1221,1,501.0651245,4.730834259,135.5590142,0.029743885,x
1221,1,299.9178772,3.489495725,208.7401451,0.030766609,x
1221,1,149.2003326,3.960872173,172.4456356,0.029018518,x
1221,1,50.64363098,-0.146947788,398.5367211,0.02468839,x
1221,1,50.64363098,-0.146947788,398.5367211,0.02468839,x
1221,2,1802.558594,22.53139496,117.833026,0.13545076,
1221,2,1102.319702,20.46279161,135.3488653,0.130640511,
1221,2,499.7201538,16.58881312,151.3395268,0.11182929,
1221,2,301.2611084,13.88520166,161.3421842,0.096904132,
1221,2,148.9440155,6.62007551,261.9049917,0.081222092,
1221,2,49.00402832,2.063690836,344.4605725,0.066769324,
1221,2,49.00402832,2.063690836,344.4605725,0.066769324,
1221,3,1800.072632,-0.508877835,472.4180735,0.009747674,x
1222,1,1798.385498,28.29928908,238.0706827,0.327737539,
1222,1,1099.441772,24.51937765,268.8487176,0.355733078,
1222,1,499.3221436,18.39712887,305.8725691,0.377627791,
1222,1,298.6128845,12.99501684,331.8645494,0.378579747,
1222,1,149.3765869,6.388025657,362.8684135,0.371574156,
1222,1,49.30032349,2.080651527,384.0201973,0.35362824,
1222,1,49.30032349,2.080651527,384.0201973,0.35362824,
1222,2,1800.639526,14.12522803,159.7394368,0.101485691,
1222,2,1098.300903,13.88598699,172.7016961,0.104879044,
1222,2,500.3379211,11.39322099,209.3590847,0.102331043,
1222,2,301.3319092,7.822890625,237.1730954,0.081947942,
1222,2,150.8901367,3.943687786,300.3334995,0.068427548,
1222,2,48.76245117,1.167596202,355.9939064,0.049278447,
1222,2,48.76245117,1.167596202,355.9939064,0.049278447,
1222,3,1800.057373,26.81784108,224.2811216,0.280067827,
1222,3,1098.185791,25.24467028,244.1221425,0.297834945,
1222,3,501.7051392,18.96952657,282.7682868,0.300276126,
1222,3,298.8371887,13.98580521,309.8752611,0.291352896,
1222,3,149.0532684,8.332081742,342.7542774,0.278624145,
1222,3,48.79866028,4.238248218,368.191359,0.266880612,
1222,3,48.79866028,4.238248218,368.191359,0.266880612,
1223,1,1800.78772,12.68797585,181.2968449,0.099542076,
1223,1,1100.445679,12.41369212,205.6735638,0.109726488,
1223,1,499.9571533,9.757542784,256.9687545,0.118055007,
1223,1,300.3844604,7.418744514,289.9999352,0.118129374,
1223,1,149.2644196,3.630052585,341.2787694,0.113468159,
1223,1,51.47521591,0.177386217,391.2561484,0.096888505,
1223,1,51.47521591,0.177386217,391.2561484,0.096888505,
1223,2,1800.486694,12.94384052,204.8915681,0.115085211,x
1223,2,1798.695801,17.91131971,80.75367667,0.094685676,
1223,2,1100.848999,17.39144997,118.3843997,0.104650232,
1223,2,1100.464722,13.31277465,203.8824682,0.116540218,x
1223,2,500.0847778,16.35612193,101.5630734,0.091873642,
1223,2,498.5991211,10.26109835,238.4002212,0.109329801,x
1223,2,301.7165527,13.76932908,108.8449449,0.078949969,
1223,2,300.6193237,7.917181971,266.5671945,0.103456388,x
1223,2,151.5802307,4.976736949,291.4718717,0.080695857,x
1223,2,151.5614166,9.192187576,149.1039823,0.061078965,
1223,2,51.70975494,0.770174381,372.7890872,0.069102397,x
1223,2,51.70975494,0.770174381,372.7890872,0.069102397,x
1223,2,50.08051682,5.35010623,120.9536833,0.031512603,
1223,2,50.08051682,5.35010623,120.9536833,0.031512603,
1223,3,1798.609375,15.00072767,189.4535769,0.123539684,
1223,3,1101.699829,14.06315901,196.834843,0.119565401,
1223,3,501.0370483,13.07016306,195.2591696,0.109193074,
1223,3,300.6813965,9.815558003,228.6179597,0.098477458,
1223,3,149.2873383,5.800690975,270.644886,0.077826617,
1223,3,48.39256668,1.788405453,346.9677373,0.064291637,
1223,3,48.39256668,1.788405453,346.9677373,0.064291637,
1224,3,1800.821899,15.19945123,199.2461448,0.131085137,
1224,3,1099.729248,14.46516186,212.5379349,0.133049199,
1224,3,502.0925903,11.40209954,252.9899467,0.134272927,
1224,3,300.2396851,8.559299811,284.3796273,0.129536751,
1224,3,151.1444397,4.01626046,339.4457963,0.123154676,
1224,3,51.45735168,1.873195373,365.3420707,0.108774306,
1224,3,51.45735168,1.873195373,365.3420707,0.108774306,
1225,1,1799.300049,8.179472517,264.863575,0.114542292,x
1225,1,1101.345215,6.511737392,297.9752079,0.124680578,x
1225,1,500.0040894,15.13337956,192.5279511,0.126545718,x
1225,1,299.0332336,6.593323994,301.1805579,0.126718254,x
1225,1,149.1169739,3.917620405,335.058135,0.12227027,x
1225,1,50.366745,3.534144007,338.7586144,0.112612822,x
1225,1,50.366745,3.534144007,338.7586144,0.112612822,x
1225,2,1800.555054,4.597212498,NA,0.050168359,x
1225,2,1799.905396,16.97228858,232.9885226,0.187344837,
1225,2,1098.795532,15.97399795,247.9662953,0.192971458,
1225,2,1098.493164,4.157580339,NA,0.048182242,x
1225,2,501.5684509,4.02323257,NA,0.050294373,x
1225,2,498.8798218,11.11402632,290.7258958,0.193065648,
1225,2,301.0436096,3.319320941,NA,0.049162305,x
1225,2,298.0458069,9.939765708,299.0975042,0.186288319,
1225,2,149.3229523,2.528688369,NA,0.048340302,x
1225,2,149.2401276,6.212980437,329.9419592,0.177110184,
1225,2,48.67443848,2.736453342,360.1751312,0.159775625,
1225,2,48.67443848,2.736453342,360.1751312,0.159775625,
1225,2,48.3220787,1.424405347,NA,0.047169106,x
1225,2,48.3220787,1.424405347,NA,0.047169106,x
1225,3,1799.429932,15.9539186,230.4441588,0.170354898,
1225,3,1100.510376,15.839559,241.9695226,0.18105546,
1225,3,499.7347107,12.96932402,273.9616738,0.188680659,
1225,3,298.6481628,11.05360904,289.3535518,0.183812637,
1225,3,149.5334473,5.407178667,338.2504808,0.17479807,
1225,3,48.85988617,1.141450266,377.8443537,0.157219005,
1225,3,48.85988617,1.141450266,377.8443537,0.157219005,
1226,1,1790.567627,17.83883351,197.8619965,0.152932149,
1226,1,1092.946533,17.35754086,219.8597897,0.166700761,
1226,1,490.9753113,13.32632436,259.4881652,0.164936315,
1226,1,290.4239197,8.916558707,299.1118786,0.155674269,
1226,1,190.1265106,7.54719375,306.3223355,0.140883034,
1226,1,189.7589111,5.300181069,319.8304142,0.117628982,
1226,1,189.7589111,5.300181069,319.8304142,0.117628982,
1226,2,1799.993774,21.92050443,173.3888043,0.16742568,
1226,2,1101.266113,20.54254981,203.5724474,0.181365796,
1226,2,500.0515137,16.72794074,245.8288474,0.189469156,
1226,2,298.7744141,12.46045972,280.6649461,0.183848476,
1226,2,149.7775574,6.694063004,331.9778483,0.180945799,
1226,2,49.20284653,-0.011245487,393.1473594,0.180675695,
1226,2,49.20284653,-0.011245487,393.1473594,0.180675695,
1226,3,1798.911011,18.73245623,213.6880152,0.174188868,
1226,3,1098.87793,17.38444869,228.3156215,0.174482815,
1226,3,500.5666809,13.94136686,256.2168338,0.16702447,
1226,3,298.7249756,10.87408148,273.9596951,0.149104536,
1226,3,148.1118164,9.047058468,285.878186,0.136416393,
1226,3,49.62416458,3.790988293,335.1010699,0.103060725,
1226,3,49.62416458,3.790988293,335.1010699,0.103060725,
1227,1,1797.192627,28.65395247,249.5217747,0.352126842,
1227,1,1100.797974,25.08803173,279.1030753,0.389429804,
1227,1,502.8748779,18.66191185,313.1320245,0.408180439,
1227,1,299.0476379,13.29137581,335.3878156,0.394713918,
1227,1,147.8795319,4.6340431,370.9109686,0.352750701,
1227,1,50.56562805,-0.121672156,394.8783827,0.28627772,
1227,1,50.56562805,-0.121672156,394.8783827,0.28627772,
1227,2,1800.847534,20.64248635,238.2681837,0.227196434,
1227,2,1099.666748,20.01079924,246.790347,0.230281132,
1227,2,501.3146057,15.49807044,275.3406516,0.219776089,
1227,2,299.9448853,11.99618194,300.1002965,0.21409173,
1227,2,151.0014648,4.163234691,358.9885084,0.198847752,
1227,2,51.26680756,0.670612699,387.1998156,0.161218329,
1227,2,51.26680756,0.670612699,387.1998156,0.161218329,
1227,3,1801.191284,18.38088448,276.7408628,0.272466958,
1227,3,1101.135498,15.80888545,300.6665455,0.294507842,
1227,3,502.2550964,9.980219714,338.6644113,0.314330628,
1227,3,300.2189331,6.648001472,357.0657122,0.313521304,
1227,3,150.5650635,1.374928825,385.8559949,0.310032675,
1227,3,49.52590561,-4.004292953,416.4949719,0.29055008,
1227,3,49.52590561,-4.004292953,416.4949719,0.29055008,
1228,2,1800.011353,12.44073294,179.6779175,0.094965987,
1228,2,1098.930176,11.13454255,211.2299884,0.099353255,
1228,2,499.5979614,5.702359776,294.0058007,0.093180284,x
1228,2,298.6224365,7.723393016,252.894129,0.088541264,
1228,2,149.7831879,7.076119957,260.6726467,0.085546885,
1228,2,51.17655945,2.218245929,346.8382654,0.075657621,
1228,2,51.17655945,2.218245929,346.8382654,0.075657621,
1228,3,1798.138794,12.72489155,316.3594463,0.296297229,
1228,3,1099.110596,10.97566837,326.3763113,0.292946443,
1228,3,498.9301758,8.895074319,340.1413447,0.295098602,
1228,3,298.0729675,6.343285659,354.8259309,0.293459355,
1228,3,149.1638336,2.992412415,373.6556459,0.28730416,
1228,3,48.62102127,-1.241439092,398.5970248,0.299848383,
1228,3,48.62102127,-1.241439092,398.5970248,0.299848383,
1229,1,1799.742432,12.38092546,212.4929626,0.116793689,
1229,1,1101.069458,11.9676399,224.4784316,0.120056609,
1229,1,500.0947876,9.021947078,265.0365775,0.119544119,
1229,1,301.8098755,7.797611537,277.1613635,0.113795394,
1229,1,150.5511017,5.1038831,309.3943919,0.104006989,
1229,1,51.38896179,1.449951915,361.9760713,0.086642372,
1229,1,51.38896179,1.449951915,361.9760713,0.086642372,
1229,2,1799.928711,10.63342214,271.8907938,0.14952857,
1229,2,1098.590576,10.57853671,276.169117,0.151883231,
1229,2,499.1116943,7.942648229,304.5384079,0.149322384,
1229,2,299.7245789,7.776793907,303.5003372,0.143110578,
1229,2,151.9253693,4.111779326,343.6294831,0.136428365,
1229,2,50.44583511,1.147477066,378.4028557,0.125232463,
1229,2,50.44583511,1.147477066,378.4028557,0.125232463,
1229,3,1800.129639,10.84453643,288.3331401,0.174126492,
1229,3,1101.058472,9.778153757,299.7283573,0.174827543,
1229,3,498.2536926,9.007110496,306.7263452,0.171593078,
1229,3,299.4582214,7.364086762,324.6495529,0.176081407,
1229,3,151.7236328,5.666472207,340.3602046,0.172684165,
1229,3,48.26336288,0.828467113,386.5826663,0.161600099,
1229,3,48.26336288,0.828467113,386.5826663,0.161600099,
1230,1,1800.075562,24.51700558,256.2457039,0.323045634,
1230,1,1101.829468,21.99430199,277.9460499,0.343573462,
1230,1,497.6713257,16.70270322,308.3400065,0.350616295,
1230,1,298.4848938,14.7120079,316.3661395,0.337423666,
1230,1,151.5287476,7.002335643,356.3390114,0.337197425,
1230,1,46.95527649,3.291003189,376.5149142,0.318138678,
1230,1,46.95527649,3.291003189,376.5149142,0.318138678,
1230,2,1800.776367,18.16525292,244.4923715,0.214667098,
1230,2,1100.487427,17.50223086,256.5148628,0.223961643,
1230,2,501.1933594,14.31327975,284.9872144,0.230707422,
1230,2,299.8545227,11.87170273,303.7949477,0.231970719,
1230,2,149.8945007,6.025598705,346.0721631,0.224566792,
1230,2,49.29407883,0.313644279,389.1165181,0.211435847,
1230,2,49.29407883,0.313644279,389.1165181,0.211435847,
1230,3,1798.547241,11.88351316,273.5851513,0.171691719,
1230,3,1099.127686,10.9834072,286.6594985,0.177609931,
1230,3,501.6600342,10.41164344,298.3335809,0.186680557,
1230,3,301.5298767,11.65786437,287.0494792,0.183644198,x
1230,3,148.782608,5.647677383,337.9305516,0.172752625,
1230,3,50.91674042,1.735677054,374.0321997,0.158215088,
1230,3,50.91674042,1.735677054,374.0321997,0.158215088,
1231,1,1799.897339,6.98579944,252.9767824,0.083140327,
1231,1,1098.108765,6.284877267,269.7785216,0.084595761,
1231,1,500.4483948,6.031349808,283.2222824,0.090019213,
1231,1,302.0467834,5.001868012,297.9967328,0.0855211,
1231,1,151.15271,3.661376969,322.2871328,0.083485545,
1231,1,49.86478424,0.481079489,383.9657531,0.077487339,
1231,1,49.86478424,0.481079489,383.9657531,0.077487339,
1231,2,1800.785034,13.50516155,168.8837514,0.099753042,
1231,2,1100.625,12.35762536,192.0498305,0.101355428,
1231,2,501.8833313,10.5212547,221.0073021,0.100187622,
1231,2,298.5288391,8.513963088,226.7179732,0.083142532,
1231,2,147.9956207,4.710882956,286.4731585,0.071313562,
1231,2,50.51025772,1.177658754,358.097909,0.053415382,
1231,2,50.51025772,1.177658754,358.097909,0.053415382,
1232,1,1799.069824,1.841799532,299.6238666,0.034675887,
1232,1,1100.226807,1.407501137,325.9587146,0.036976507,
1232,1,501.5901184,1.1022025,344.3397832,0.039385857,
1232,1,298.4870605,2.30346905,290.3457886,0.036792291,x
1232,1,150.6425629,1.642381471,330.1363348,0.043511137,x
1232,1,51.12438965,-0.784948931,421.9040234,0.03981339,
1232,1,51.12438965,-0.784948931,421.9040234,0.03981339,
1232,2,1799.560425,17.9315595,262.7002626,0.234845093,
1232,2,1100.165527,16.61665195,264.576178,0.219509972,
1232,2,497.9554443,13.34365098,279.663186,0.198838252,
1232,2,302.061615,11.28947801,289.8626811,0.183731053,
1232,2,151.0419922,5.859409539,330.6907958,0.159978201,
1232,2,48.49344635,1.961227581,365.600123,0.124890013,
1232,2,48.49344635,1.961227581,365.600123,0.124890013,
1232,3,1799.232056,20.9338333,227.2618835,0.217061749,
1232,3,1100.674316,21.41960748,225.1839768,0.216925956,
1232,3,500.767334,15.87707617,260.7973697,0.202880871,
1232,3,298.301178,9.989183403,289.6671111,0.161948523,
1232,3,151.1005859,6.09829416,315.9592294,0.131662683,
1232,3,50.17707443,3.276340934,331.0122202,0.087049196,
1232,3,50.17707443,3.276340934,331.0122202,0.087049196,
1233,1,1798.906494,8.39308244,222.6483505,0.081261638,
1233,1,1101.90979,8.568667266,239.0710916,0.091175376,
1233,1,498.044342,8.036976885,260.2904126,0.098463684,
1233,1,300.1460266,5.990509031,285.4748424,0.090100049,
1233,1,148.8985748,4.49447628,314.1630644,0.091548125,
1233,1,50.15216064,0.219523165,389.6586588,0.077746916,
1233,1,50.15216064,0.219523165,389.6586588,0.077746916,
1233,3,1799.535522,9.053963437,261.7636784,0.114133902,
1233,3,1099.045288,11.4311188,233.1276755,0.116710415,
1233,3,498.5357056,8.025402257,282.5332961,0.118091734,
1233,3,300.5810547,6.063522162,295.3107355,0.100389703,
1233,3,149.2406006,1.060959809,371.1387226,0.078400626,
1233,3,50.14154434,-0.446140769,408.9541188,0.046910095,
1233,3,50.14154434,-0.446140769,408.9541188,0.046910095,
1234,1,1797.731934,13.59699533,191.3873664,0.111219233,
1234,1,1101.407349,13.31389638,206.7765714,0.117092055,
1234,1,500.2443848,11.72827592,239.404659,0.12433764,
1234,1,301.8370361,9.519677485,274.7223519,0.1303643,
1234,1,151.2048798,5.305016827,318.694191,0.114548958,
1234,1,49.9894371,-0.004916093,394.3804546,0.095629284,
1234,1,49.9894371,-0.004916093,394.3804546,0.095629284,
1235,1,1800.067383,14.89345248,249.4459386,0.175846753,
1235,1,1101.208008,13.12169557,271.6221624,0.182227803,
1235,1,500.1905823,9.605513135,305.9423929,0.184386024,
1235,1,300.2683716,7.530999246,325.6647606,0.185297893,
1235,1,148.1490326,4.585881735,352.4692443,0.183679055,
1235,1,50.44371796,1.175489331,383.2345372,0.178275518,
1235,1,50.44371796,1.175489331,383.2345372,0.178275518,
1235,2,1802.209351,10.73847092,276.3586991,0.155452731,
1235,2,1099.326904,9.54709775,289.4022736,0.155014432,
1235,2,501.8143616,7.622964579,309.1278982,0.15180868,
1235,2,298.4222412,4.882082754,339.2289133,0.15237741,
1235,2,147.3309784,2.779543396,360.0733987,0.141713713,
1235,2,50.68440247,-1.280664177,408.2497008,0.129833243,
1235,2,50.68440247,-1.280664177,408.2497008,0.129833243,
1235,3,1797.460938,19.48767912,166.1468235,0.142882558,
1235,3,1097.098999,18.85746472,184.974289,0.149915595,
1235,3,500.7618713,14.51926528,236.7263417,0.153317096,
1235,3,297.6806641,11.28841949,266.3573646,0.146323951,
1235,3,147.3332214,7.407462055,297.1838659,0.12661828,
1235,3,50.29912567,3.946912101,324.6982248,0.093804429,
1235,3,50.29912567,3.946912101,324.6982248,0.093804429,
1236,1,1799.308716,27.11041114,291.0526492,0.475378451,
1236,1,1100.065674,25.02726631,290.6615283,0.429296085,
1236,1,499.5990295,18.61056142,306.4736952,0.369543969,
1236,1,301.9181824,11.62372081,336.2271843,0.35011247,
1236,1,150.8617249,6.389367186,359.8840538,0.322782656,
1236,1,48.64482117,1.786882936,384.0239617,0.309789217,
1236,1,48.64482117,1.786882936,384.0239617,0.309789217,
1236,2,1799.518066,22.31368645,220.4288171,0.219139277,
1236,2,1098.720581,20.55943623,236.9359031,0.221971857,
1236,2,500.8815002,17.14847426,264.0569613,0.221252244,
1236,2,298.5606689,11.99966756,299.5730092,0.212044561,
1236,2,149.5494385,3.895772215,359.9479116,0.189952576,
1236,2,49.89057922,0.096751629,393.1249471,0.181208313,
1236,2,49.89057922,0.096751629,393.1249471,0.181208313,
1236,3,1800.714233,17.729041,227.5132743,0.181223279,
1236,3,1098.643066,19.07070595,230.9202591,0.197826574,
1236,3,501.7996826,15.36130381,270.9035114,0.210285887,
1236,3,301.5811768,13.66457482,286.7198142,0.213551312,
1236,3,148.9994354,7.080212207,337.8754578,0.212838378,
1236,3,50.90222168,-0.163030436,394.2075336,0.191547066,
1236,3,50.90222168,-0.163030436,394.2075336,0.191547066,
1237,1,1802.309204,9.436391549,310.0737333,0.201722923,
1237,1,1097.124268,8.527202726,318.8186014,0.202119771,
1237,1,497.875061,6.306421672,337.2566978,0.199317466,
1237,1,300.3751221,5.225649989,345.7258278,0.195383496,
1237,1,148.5744934,3.381714165,360.6381436,0.189122903,
1237,1,51.18618774,0.776582731,382.9541522,0.182792169,
1237,1,51.18618774,0.776582731,382.9541522,0.182792169,
1237,2,1800.465576,15.15135876,256.1352293,0.191410243,
1237,2,1098.991455,14.42030091,269.5356214,0.200095083,
1237,2,498.4200745,10.4365925,306.476811,0.207722462,
1237,2,299.218811,8.960587303,317.0315159,0.202368214,
1237,2,151.22966,4.819623886,350.5952404,0.200645386,
1237,2,51.57600021,0.56809057,385.1358461,0.188253535,
1237,2,51.57600021,0.56809057,385.1358461,0.188253535,
1237,3,1800.062988,9.995723574,270.0048516,0.140360981,x
1237,3,1800.032104,9.763712592,268.7525107,0.135291097,x
1237,3,1799.877808,10.6593213,258.7914941,0.135635868,x
1237,3,1799.860352,10.64972901,264.2269133,0.141612659,x
1237,3,1799.852051,9.89006536,269.8174269,0.137981751,x
1237,3,1799.835815,11.78747443,241.8607392,0.132163913,x
1237,3,1799.825439,10.06992304,265.0244278,0.135147358,x
1237,3,1799.81604,11.1463347,255.3544189,0.138208679,x
1237,3,1799.804321,9.161497054,279.3676443,0.139682294,x
1237,3,1799.7948,8.209450483,285.6261167,0.132896686,x
1237,3,1799.771729,10.83694747,247.5236473,0.126546871,x
1237,3,1799.724243,9.358123704,277.0527245,0.139292517,x
1237,3,1799.721313,9.743228888,273.1578383,0.140128453,x
1237,3,1799.714966,11.35561066,256.7279486,0.142439208,x
1237,3,1799.695801,10.94979353,248.634028,0.129094564,x
1237,3,1799.605347,9.726894505,271.9063845,0.138376485,x
1237,3,1799.578613,10.29095038,267.7856163,0.141043811,x
1237,3,1799.578491,10.09186072,270.3429223,0.14160239,x
1237,3,1799.558716,8.240825934,288.252305,0.13706051,x
1237,3,1799.526733,10.90053247,266.4359378,0.148123405,x
1237,3,1799.50708,10.2350296,260.2011951,0.131612905,x
1237,3,1799.468506,9.79040971,264.9789519,0.131503987,x
1237,3,1799.366089,10.61407911,255.7736521,0.131921578,x
1237,3,1799.345337,11.11925433,256.7221927,0.139206548,x
1237,3,1799.27832,10.66652613,264.4344266,0.142263323,x
1237,3,1799.277466,9.434286192,277.740607,0.141893627,x
1237,3,1799.172119,9.686843283,268.5821423,0.133899483,x
1237,3,1799.060669,8.999235113,279.64305,0.137340403,x
1237,3,1798.804443,8.076857452,294.7036453,0.143961623,x
1237,3,1798.785767,8.693961865,290.1392503,0.147856259,x
1237,3,1798.605713,11.18674902,262.157562,0.14673539,x
1237,3,1798.318237,9.373849426,282.4013448,0.147785162,x
1237,3,1798.275024,10.5076012,267.3391001,0.143587875,x
1237,3,1798.254395,12.0178227,252.8745906,0.146100188,x
1237,3,1798.165771,8.722693978,288.4921694,0.1456537,x
1237,3,1798.139526,8.911362747,280.4325923,0.137439699,x
1237,3,1798.101318,9.038554593,282.8757774,0.142606006,x
1237,3,1798.068604,11.32525548,246.0998662,0.131196657,x
1237,3,1798.052612,10.68790611,258.9905952,0.136743579,x
1237,3,1798.04541,11.51031497,249.3943305,0.136566848,x
1237,3,1797.957397,7.122061445,301.1127421,0.136836493,x
1237,3,1797.948975,11.58005864,256.1384392,0.144925586,
1237,3,1101.523438,11.9978307,242.1273634,0.133826038,
1237,3,500.6318665,10.44820816,264.03416,0.135830944,
1237,3,297.8757019,5.76767996,319.3179074,0.13338327,
1237,3,151.9138184,2.520129274,359.7689415,0.134778044,
1237,3,49.82606888,-1.418987824,407.60845,0.13323655,
1237,3,49.82606888,-1.418987824,407.60845,0.13323655,
1238,1,1794.392944,18.26512975,181.2991866,0.144599839,
1238,1,1092.958862,18.10905134,199.7480459,0.156113854,
1238,1,492.9073181,13.54637946,259.6767428,0.168620568,
1238,1,292.0864868,10.01763169,290.658834,0.160785707,
1238,1,190.7530365,6.293909768,310.4024737,0.123867826,
1238,1,190.7530365,6.293909768,310.4024737,0.123867826,
1238,1,190.6591034,5.780596293,326.9887628,0.142530855,
1238,2,1797.786133,18.71062027,292.532357,0.313902544,
1238,2,1098.643066,15.22249132,314.5885413,0.324448664,
1238,2,498.1879272,11.42220909,332.2568613,0.307015996,
1238,2,301.2794495,11.57630409,332.2062699,0.306965073,
1238,2,151.1944427,6.614208394,354.8504207,0.271151319,
1238,2,48.98438263,2.642751422,377.1304973,0.234743248,
1238,2,48.98438263,2.642751422,377.1304973,0.234743248,
1238,3,1799.113647,39.54603783,265.3762332,0.540352951,
1238,3,1097.8573,33.8463083,286.7259124,0.551294215,
1238,3,500.6059875,26.12112295,310.0911169,0.537796386,
1238,3,299.0905457,18.02416785,333.3290895,0.510623546,
1238,3,150.039032,12.65343291,349.7504811,0.479275004,
1238,3,49.18233109,6.431781344,371.1170473,0.460033925,
1238,3,49.18233109,6.431781344,371.1170473,0.460033925,
1239,1,1801.090088,11.88346988,202.6071463,0.102936903,
1239,1,1101.716797,11.6923052,220.4346377,0.111399992,
1239,1,500.3737488,10.11283954,264.3999362,0.128640004,
1239,1,300.9582825,7.447832014,304.0847948,0.136262017,
1239,1,148.080719,5.075582255,338.2545473,0.147510706,
1239,1,48.4886322,1.915215032,373.4274419,0.143006821,
1239,1,48.4886322,1.915215032,373.4274419,0.143006821,
1239,2,1800,17.68866238,228.9200053,0.182980602,
1239,2,1100,18.62440049,226.5795659,0.187943635,
1239,2,500,15.06280818,259.8963288,0.188758716,
1239,2,300,11.56110557,285.9864296,0.178175089,
1239,2,150,6.511519188,329.5608811,0.166837849,
1239,2,50,-0.174285465,397.0613491,0.136142957,
1239,2,50,-0.174285465,397.0613491,0.136142957,
1239,3,1799.233521,9.462601209,109.6945932,0.054518659,
1239,3,1099.763794,10.74289081,89.38710084,0.057400371,
1239,3,501.6569519,9.312906178,128.7180459,0.056998111,
1239,3,298.3790283,9.385691971,118.5246047,0.055117636,
1239,3,147.943573,4.745153449,245.3248609,0.051643656,
1239,3,50.41847992,2.246712702,312.6421326,0.044308044,
1239,3,50.41847992,2.246712702,312.6421326,0.044308044,
1240,1,1800.622803,16.59411498,280.9365562,0.256400027,
1240,1,1097.82373,15.18776747,295.5117137,0.267827535,
1240,1,501.1369019,14.5083117,303.7071949,0.275616907,
1240,1,300.9945679,9.46477739,333.6636281,0.271696068,
1240,1,148.7381287,7.18467095,345.3530405,0.254372034,
1240,1,50.67839813,1.703633438,380.7072733,0.239807701,
1240,1,50.67839813,1.703633438,380.7072733,0.239807701,
1240,2,1800.363159,12.87938502,199.0477014,0.111737586,x
1240,2,1800.040771,9.918549442,227.7729434,0.101201416,x
1240,2,1799.948486,11.52673911,183.5810813,0.09193913,x
1240,2,1799.861328,12.53868043,170.9239413,0.093839758,x
1240,2,1799.749878,11.71284996,179.3412638,0.091466639,x
1240,2,1799.709717,11.92497283,211.3833987,0.110759207,x
1240,2,1799.698608,10.38718206,203.3405506,0.091916013,x
1240,2,1799.644409,13.56759342,190.8766929,0.11262343,x
1240,2,1799.62915,11.25935673,183.0008346,0.089662341,x
1240,2,1799.591553,12.43817006,167.3543924,0.091809089,x
1240,2,1799.525269,11.61802135,201.6091795,0.102077509,x
1240,2,1799.444214,10.05452655,206.6351303,0.09073614,x
1240,2,1799.415527,11.36407772,184.5310074,0.091117665,x
1240,2,1799.315552,13.43575196,176.8776897,0.103817627,x
1240,2,1799.31543,12.23283256,181.761196,0.09668688,x
1240,2,1799.28125,12.42929503,171.0082464,0.093266334,x
1240,2,1799.265381,10.61117358,195.7389154,0.090179281,x
1240,2,1799.263306,11.4203902,182.0572312,0.090332922,x
1240,2,1799.235596,12.09225523,177.8018293,0.093695833,x
1240,2,1799.232666,11.20248083,189.2684056,0.092002143,x
1240,2,1799.207764,10.25316735,207.2207759,0.092711918,x
1240,2,1799.1604,12.31992203,187.9091521,0.100661347,x
1240,2,1799.160156,11.00362434,187.8630545,0.089651036,x
1240,2,1799.160156,10.79545467,193.6178926,0.090644254,x
1240,2,1799.151123,12.63020338,163.2211229,0.091275196,x
1240,2,1799.13501,12.04345682,176.1425832,0.09260075,x
1240,2,1799.132324,11.79481226,180.4741944,0.092614849,x
1240,2,1799.116943,11.77748945,197.6893513,0.101189945,x
1240,2,1799.112549,11.23071837,183.9258334,0.089667844,x
1240,2,1799.094238,10.75772557,195.284203,0.091233549,x
1240,2,1799.025635,11.93556257,170.5079189,0.089305951,x
1240,2,1799.005005,12.27098321,174.5764472,0.093547032,x
1240,2,1799.002197,12.6002286,174.1909866,0.095960344,x
1240,2,1799.001953,11.74865833,182.9303082,0.093367323,x
1240,2,1799,11.22002223,188.0467261,0.091473473,x
1240,2,1798.996216,11.9037911,178.389007,0.092487618,x
1240,2,1798.994629,8.754224222,236.2438021,0.094419535,x
1240,2,1798.921143,11.59658582,183.3276604,0.092310533,x
1240,2,1798.919189,12.18481337,176.7677236,0.093988584,x
1240,2,1798.907104,11.94795453,180.3846861,0.093800568,x
1240,2,1798.858398,11.44904047,191.331486,0.094944795,x
1240,2,1798.782227,12.15345538,182.0404696,0.096234498,
1240,2,1100.772949,10.92892354,196.4913743,0.092433738,
1240,2,499.2145386,9.791128848,218.5071957,0.092884465,
1240,2,300.7140808,7.763797736,240.0183953,0.083918634,
1240,2,150.5020142,5.241530443,280.8426118,0.077509032,
1240,2,48.79688263,1.215695177,358.8122187,0.062735457,
1240,2,48.79688263,1.215695177,358.8122187,0.062735457,
1240,3,1799.554688,18.34626079,239.6670148,0.205592026,
1240,3,1101.755615,17.31840365,248.1452403,0.203355302,
1240,3,498.9245911,14.75856118,269.9339533,0.202886563,
1240,3,300.8514709,9.838809716,303.3502409,0.185982774,
1240,3,151.6738434,5.55715323,332.6525082,0.156846766,
1240,3,51.61932755,1.514911733,372.5364268,0.135239127,
1240,3,51.61932755,1.514911733,372.5364268,0.135239127,
1242,1,1799.170044,5.729436131,231.7938842,0.058260147,
1242,1,1098.04248,5.738722455,227.6914357,0.056486576,
1242,1,501.5596313,3.898989969,278.7422131,0.055256527,
1242,1,301.3007507,2.651212576,305.9624241,0.049181902,
1242,1,148.9349976,1.827893918,322.8291556,0.041671342,
1242,1,50.9377861,0.142051286,387.1370323,0.035022702,
1242,1,50.9377861,0.142051286,387.1370323,0.035022702,
1242,2,1799.904175,14.68382426,188.4768852,0.119974375,
1242,2,1100.676636,13.08389828,211.2254109,0.119592424,
1242,2,501.7702332,10.37716861,244.4166297,0.115371224,
1242,2,298.639679,8.687719166,260.7427516,0.107868274,
1242,2,148.1087646,5.335050687,307.9914965,0.102200198,
1242,2,50.43334198,1.484284289,369.9562855,0.101200361,
1242,2,50.43334198,1.484284289,369.9562855,0.101200361,
1242,3,1799.189941,16.03277833,225.181728,0.163417488,
1242,3,1102.050171,14.43454064,247.3957876,0.167882384,
1242,3,499.7438049,10.51052149,285.7807765,0.165128184,
1242,3,300.6797485,8.440979119,303.5887907,0.157529213,
1242,3,148.7552032,5.293025634,337.1835117,0.156192321,
1242,3,50.72839737,1.501939779,377.3244732,0.147687596,
1242,3,50.72839737,1.501939779,377.3244732,0.147687596,
1243,1,1799.227661,19.227528,206.8582464,0.179298146,
1243,1,1101.45105,17.45628061,226.8132634,0.181033797,
1243,1,500.3577576,13.99913357,256.7620725,0.175723597,
1243,1,299.9165649,10.69191948,282.0196398,0.16423894,
1243,1,150.2506256,5.436272497,330.9755867,0.15011412,
1243,1,49.16144562,0.810301382,381.2968966,0.131114129,
1243,1,49.16144562,0.810301382,381.2968966,0.131114129,
1243,2,1799.42627,19.14094201,225.6087304,0.197181105,
1243,2,1100.412354,16.7761176,255.269879,0.21004724,
1243,2,499.8314514,12.05145326,299.098512,0.22047615,
1243,2,299.8876953,8.425249254,326.9661662,0.21770639,
1243,2,148.7525635,4.336357267,356.8680341,0.202662987,
1243,2,50.94363403,0.591199557,387.925573,0.182718171,
1243,2,50.94363403,0.591199557,387.925573,0.182718171,
1243,3,1800.358765,13.074958,200.0986017,0.112375992,
1243,3,1100.262695,13.11567576,198.4493729,0.110571555,
1243,3,499.3942566,10.03161882,237.3818171,0.105411868,
1243,3,300.0628967,10.1868905,218.3826368,0.094622685,
1243,3,149.7263947,5.042061247,297.9777173,0.085250811,
1243,3,49.23288727,0.216087606,389.9169366,0.089032504,
1243,3,49.23288727,0.216087606,389.9169366,0.089032504,
1244,1,1800.130127,5.851164522,260.0004992,0.075465741,
1244,1,1102.686157,6.516037697,244.9675142,0.073947577,
1244,1,496.9536438,4.976834252,272.2047582,0.069222373,
1244,1,299.5708923,4.126548225,281.6439219,0.06197399,
1244,1,148.414032,2.991523223,305.347142,0.057558228,
1244,1,50.68926239,0.693657518,367.6973432,0.052873248,
1244,1,50.68926239,0.693657518,367.6973432,0.052873248,
1244,2,1799.428345,2.645286387,297.2857333,0.048267812,
1244,2,1100.091187,3.168611656,290.5264532,0.052384636,
1244,2,501.2454224,2.337250997,322.328169,0.056127177,
1244,2,298.586731,2.028459549,333.2466834,0.057672938,
1244,2,150.5760345,0.112193726,386.6673562,0.05841837,
1244,2,51.20343399,-0.962442495,417.0552617,0.056912365,
1244,2,51.20343399,-0.962442495,417.0552617,0.056912365,
1244,3,1799.982544,7.270827463,258.9195517,0.091989096,
1244,3,1100.780884,6.664751755,269.4063971,0.090833321,
1244,3,498.6204834,7.137470862,271.0311328,0.097685019,
1244,3,300.7703552,5.872597942,288.2687789,0.093597136,
1244,3,151.4540405,1.990827106,355.1365375,0.093262957,
1244,3,51.59514236,-0.600135625,401.0625423,0.086085389,
1244,3,51.59514236,-0.600135625,401.0625423,0.086085389,
1245,1,1799.239868,18.44863487,330.4675319,0.509181576,
1245,1,1101.171265,16.40594751,331.5140849,0.454455563,
1245,1,498.3408508,11.94685202,344.1614435,0.406502952,
1245,1,301.1791077,9.63057329,353.6594368,0.396133795,
1245,1,150.2905731,4.746978353,373.7637631,0.368101993,
1245,1,48.35336685,0.837689216,391.8094336,0.343774745,
1245,1,48.35336685,0.837689216,391.8094336,0.343774745,
1245,3,1801.852417,3.093014971,327.5702757,0.082007417,
1245,3,1100.473145,3.614257737,329.0125471,0.095163831,
1245,3,500.0701599,2.820853495,347.9366403,0.10363493,
1245,3,300.2257996,1.849870808,365.154704,0.109282331,
1245,3,148.0622559,3.394974291,341.1847432,0.105514233,
1245,3,50.38093948,-0.959292716,408.5671247,0.102382492,
1245,3,50.38093948,-0.959292716,408.5671247,0.102382492,
1246,1,1798.786377,14.60968382,221.1385497,0.142345904,
1246,1,1098.34436,15.08302728,221.1693226,0.14606542,
1246,1,501.2443848,11.38482445,264.9973085,0.146943277,
1246,1,299.802887,9.522547606,280.8044164,0.139285012,
1246,1,150.1627808,5.16005991,328.5813914,0.130466866,
1246,1,51.46575928,1.790204481,368.8181936,0.115339585,
1246,1,51.46575928,1.790204481,368.8181936,0.115339585,
1246,2,1797.224976,26.23395232,243.5890217,0.309744918,
1246,2,1100.958374,24.0525131,263.9389845,0.328879289,
1246,2,500.6705017,19.40617429,293.54102,0.341367829,
1246,2,300.2992554,14.79742602,316.7958458,0.337721736,
1246,2,152.9469299,8.198483558,349.1920756,0.321337897,
1246,2,47.97105408,1.867965526,382.9881789,0.299430449,
1246,2,47.97105408,1.867965526,382.9881789,0.299430449,
1246,3,1802.178101,14.9466817,276.1654954,0.224057891,
1246,3,1097.963623,15.21799563,286.425441,0.2478548,
1246,3,499.3528137,11.70335908,318.5322567,0.270539488,
1246,3,298.0917053,9.125017688,337.9283462,0.281104644,
1246,3,148.9315643,4.431487549,366.9846644,0.279956091,
1246,3,48.62618637,1.35034974,386.3006086,0.270295291,
1246,3,48.62618637,1.35034974,386.3006086,0.270295291,
1247,1,1797.37439,10.01748541,251.3608174,0.120025444,
1247,1,1099.034424,9.215397209,290.8491777,0.152825879,
1247,1,498.3364868,7.210469634,330.2094057,0.193802305,
1247,1,300.3352356,5.067908568,354.8226359,0.221191508,
1247,1,148.5177002,1.963532205,380.7479601,0.246052245,
1247,1,50.48350143,-1.666678526,406.2293501,0.256906693,
1247,1,50.48350143,-1.666678526,406.2293501,0.256906693,
1247,2,1797.970093,14.81749788,213.2967127,0.139606053,
1247,2,1101.034424,14.28622454,234.2715394,0.151644583,
1247,2,500.5239868,12.4582767,261.000605,0.157474598,
1247,2,298.622406,10.01862689,287.1470645,0.156669605,
1247,2,151.9819794,6.413010347,326.2574418,0.15578538,
1247,2,50.27174377,0.792097599,387.0345753,0.156194021,
1247,2,50.27174377,0.792097599,387.0345753,0.156194021,
1247,3,1799.4198,16.3595139,266.5156868,0.223135564,
1247,3,1101.543091,14.33867936,291.3590966,0.241639563,
1247,3,498.6558533,12.68305844,306.2691485,0.246020111,
1247,3,299.6390991,10.97292601,317.399678,0.240311995,
1247,3,151.9335938,7.083760086,345.084601,0.237175976,
1247,3,50.59904861,2.171127039,380.1317244,0.220788914,
1247,3,50.59904861,2.171127039,380.1317244,0.220788914,
1248,1,1798.218872,20.92342137,288.1554217,0.338516948,
1248,1,1099.983032,18.50757588,297.8784651,0.325375711,
1248,1,501.052002,13.2154687,321.4611489,0.30454762,
1248,1,298.9405212,10.61994725,330.5098366,0.27517426,
1248,1,148.1955872,6.579240061,346.0175524,0.221053724,
1248,1,49.80484009,3.418948339,364.093127,0.176668223,
1248,1,49.80484009,3.418948339,364.093127,0.176668223,
1248,2,1800.157715,17.18204358,157.0145036,0.122448596,
1248,2,1102.18042,14.97117191,190.8683107,0.124297828,
1248,2,498.0750427,12.81245326,218.9186948,0.122607689,
1248,2,300.363739,10.53014112,237.9714169,0.112900708,
1248,2,150.7709808,5.434681146,303.3329438,0.101840826,
1248,2,49.40394592,1.520929883,361.3937314,0.083811628,
1248,2,49.40394592,1.520929883,361.3937314,0.083811628,
1249,2,1798.306519,24.11769537,238.4990163,0.275111345,
1249,2,1100.492676,20.85193428,263.9862135,0.284508835,
1249,2,498.4213257,16.29820953,294.5723716,0.290200702,
1249,2,300.5532837,10.56763228,326.3556688,0.277600208,
1249,2,151.2566071,5.973090636,353.9495223,0.268528202,
1249,2,51.31431198,1.204669112,384.1740491,0.244548058,
1249,2,51.31431198,1.204669112,384.1740491,0.244548058,
1249,3,1802.088989,11.07219294,260.6883223,0.142064604,x
1249,3,1802.021973,10.52344116,264.6849392,0.139223458,x
1249,3,1801.657227,11.9319116,242.7506083,0.133714044,x
1249,3,1801.499146,11.66552958,245.2404633,0.133068624,x
1249,3,1801.372314,11.78591554,240.5709461,0.130573496,x
1249,3,1801.248169,11.27208483,236.7184082,0.121051764,x
1249,3,1800.963745,10.61954485,244.8968355,0.120655425,x
1249,3,1800.872559,11.88344355,224.5794944,0.118027317,x
1249,3,1800.87085,11.13311485,244.6093565,0.126812332,x
1249,3,1800.553589,10.9123081,271.2639107,0.152881421,x
1249,3,1800.549927,11.42699004,272.2006566,0.161594808,x
1249,3,1800.536255,10.80249474,272.6523046,0.153073421,x
1249,3,1800.528564,11.49851633,269.6778118,0.158828418,x
1249,3,1800.473267,11.61212115,267.9371004,0.158183817,x
1249,3,1800.451904,11.60452172,262.6710144,0.151347924,x
1249,3,1800.386353,10.28019389,281.3398917,0.157663041,x
1249,3,1800.311279,11.04679061,279.2350346,0.166307349,x
1249,3,1800.269531,11.09727895,265.6502432,0.148007597,x
1249,3,1800.067139,11.91285537,270.6362492,0.166211986,x
1249,3,1800.041382,10.87630072,278.5520482,0.162643146,x
1249,3,1799.776367,11.34730801,262.3337683,0.147552435,x
1249,3,1799.741699,10.5892222,288.6237659,0.174850498,x
1249,3,1799.713501,11.4494122,260.6848349,0.147143211,x
1249,3,1799.699829,12.12728074,271.1378534,0.170291345,x
1249,3,1799.649414,11.56209207,278.8964971,0.173882649,x
1249,3,1799.648071,11.420562,281.5241389,0.176126212,x
1249,3,1799.62561,10.36309392,287.1600233,0.168453413,x
1249,3,1799.488037,11.44472994,256.3973698,0.142120758,x
1249,3,1799.30603,11.9739973,277.4733188,0.177799955,x
1249,3,1799.141968,9.867479159,274.0117062,0.141923185,x
1249,3,1799.030396,11.77476846,281.7586996,0.182128684,x
1249,3,1798.981201,10.88563521,289.774778,0.182091642,x
1249,3,1798.950439,10.97599627,291.6391362,0.187412203,x
1249,3,1798.923828,11.28880581,287.9714336,0.185589994,x
1249,3,1798.775879,11.17257186,288.8182382,0.185169587,x
1249,3,1798.614624,11.87450105,282.4345211,0.184806493,x
1249,3,1798.500366,10.53724057,295.5812781,0.187237006,x
1249,3,1798.320679,10.60666142,234.2748648,0.11223822,x
1249,3,1798.313599,9.627555444,236.3656327,0.10319636,x
1249,3,1798.283203,11.59844721,285.6880974,0.186329255,x
1249,3,1798.067261,9.426787031,248.125337,0.109632976,x
1249,3,1798.065796,10.94540394,233.7139602,0.115326781,
1249,3,1097.824707,11.20644423,296.655176,0.197876442,
1249,3,500.973053,8.757204359,317.3224756,0.194239513,
1249,3,298.4138489,7.795742355,324.2874071,0.187625235,
1249,3,151.0213013,5.191469588,345.6491949,0.178261576,
1249,3,50.12178421,1.227678124,382.06941,0.161569533,
1249,3,50.12178421,1.227678124,382.06941,0.161569533,
1250,1,1798.801514,21.13835681,232.8122092,0.226214631,
1250,1,1102.05127,20.24953113,254.0712959,0.249495141,
1250,1,502.5112,15.43837833,294.9546107,0.267879002,
1250,1,298.2890625,10.76079323,325.5627754,0.272720381,
1250,1,152.7357941,5.142800697,360.603614,0.270144715,
1250,1,49.24767685,2.338264151,377.6023423,0.246172692,
1250,1,49.24767685,2.338264151,377.6023423,0.246172692,
1250,2,1801.438477,7.608563656,300.4461473,0.134226734,
1250,2,1099.69104,6.759539831,303.6814125,0.123412578,
1250,2,499.2801819,5.557986116,300.1593486,0.097215333,
1250,2,301.4525757,3.656517623,334.0331033,0.099656756,
1250,2,149.9769592,2.486577786,354.60091,0.103220775,
1250,2,48.38322449,1.344773345,367.2302507,0.082742245,
1250,2,48.38322449,1.344773345,367.2302507,0.082742245,
1250,3,1798.988647,11.03213788,245.6357533,0.127420409,
1250,3,1098.439697,11.91326113,245.1053322,0.136110288,
1250,3,500.45047,10.35709075,269.9221014,0.141181838,
1250,3,300.5154419,10.51136218,266.3426137,0.138139288,
1250,3,151.8891602,6.79103281,304.8153744,0.129077658,
1250,3,51.64317322,1.585701503,367.36102,0.11307741,
1250,3,51.64317322,1.585701503,367.36102,0.11307741,
1251,1,1801.03479,15.9641839,188.0654884,0.131850635,
1251,1,1099.522217,14.76215799,200.3348673,0.128725185,
1251,1,500.2289429,11.9617173,228.6473676,0.121606858,
1251,1,297.9448547,10.23607116,238.2307801,0.110014298,
1251,1,150.9144897,5.213487384,301.4001512,0.095862556,
1251,1,50.07976151,3.13222009,329.9171183,0.083813002,
1251,1,50.07976151,3.13222009,329.9171183,0.083813002,
1251,2,1800.126343,9.030365414,232.4408154,0.095537268,
1251,2,1101.649414,8.95967474,235.9257492,0.096054005,
1251,2,498.9903259,9.082855396,240.82497,0.099660254,
1251,2,301.3735352,5.624190377,295.6044993,0.097872144,
1251,2,150.4182434,2.675834653,343.0400627,0.094663318,
1251,2,49.91826248,1.508366971,360.8562789,0.085083874,
1251,2,49.91826248,1.508366971,360.8562789,0.085083874,
1251,3,1801.776733,3.643145294,221.6448476,0.036437869,
1251,3,1100.696289,3.704920642,230.4224323,0.038692502,
1251,3,500.8687134,3.355276338,255.7161562,0.041438841,
1251,3,299.7851257,2.827926221,275.6982487,0.041089443,
1251,3,149.7416687,2.772522691,280.2245878,0.041633232,
1251,3,47.80947113,-0.051199779,388.2937206,0.037250016,
1251,3,47.80947113,-0.051199779,388.2937206,0.037250016,
1252,1,1800.345703,13.44110366,309.8678735,0.267132776,
1252,1,1100.266357,13.4206568,293.381144,0.220428079,
1252,1,498.2296753,12.42901726,273.8779083,0.169151191,
1252,1,302.1111755,10.3666336,278.9957109,0.146845418,
1252,1,151.1045685,9.407050619,265.2550863,0.118100564,
1252,1,48.60814285,6.024130089,290.2014612,0.093304643,
1252,1,48.60814285,6.024130089,290.2014612,0.093304643,
1252,2,1801.52356,6.2199704,196.5077429,0.225380756,
1252,2,1100.02478,4.352370424,203.9193027,0.22910417,
1252,2,498.9763184,2.363943717,210.1209472,0.212672303,
1252,2,300.9696045,1.436742897,210.154379,0.210059391,
1252,2,148.6947937,-1.297102128,224.6730299,0.219219196,
1252,2,50.62134933,-4.277895747,244.1341302,0.196746341,
1252,2,50.62134933,-4.277895747,244.1341302,0.196746341,
1252,3,1800.192993,12.62613267,290.0120449,0.208038215,
1252,3,1101.108887,10.3268053,310.8135339,0.210752899,
1252,3,498.7562256,10.01832191,312.9249417,0.206122804,
1252,3,299.683197,6.650471323,339.8087497,0.204001258,
1252,3,148.0586548,3.926839231,360.8140227,0.194504175,
1252,3,50.65885544,1.610037068,380.303775,0.188133835,
1252,3,50.65885544,1.610037068,380.303775,0.188133835,
1253,1,1801.272339,29.17891885,84.08025208,0.15491482,
1253,1,1099.111938,24.89647863,65.75824574,0.123730109,
1253,1,501.4723511,20.98129136,-36.10337009,0.078673011,
1253,1,298.0034485,16.0322414,-251.1574937,0.039794058,
1253,1,146.9309082,10.64588537,-25788.70902,0.000647294,
1253,1,49.92936707,6.784008744,640.5922401,-0.04378018,
1253,1,49.92936707,6.784008744,640.5922401,-0.04378018,
1253,2,1798.940552,14.80659879,179.3894533,0.115439512,
1253,2,1096.783081,13.73797384,208.8116203,0.123754155,
1253,2,503.0752258,10.1558256,260.8878056,0.127200551,
1253,2,300.8766785,6.801791317,282.5301396,0.10124748,
1253,2,150.5549469,3.875644551,308.66555,0.075065224,
1253,2,48.79946136,0.400493456,378.5854782,0.047783945,
1253,2,48.79946136,0.400493456,378.5854782,0.047783945,
1253,3,1801.250488,13.8924306,298.6475078,0.243872379,
1253,3,1100.908813,10.73146035,326.6782378,0.26540723,
1253,3,499.4347839,8.935931805,344.1344467,0.293274769,
1253,3,298.1436157,8.351170554,349.7548047,0.304616601,
1253,3,147.8850403,2.389340216,382.49608,0.302121171,
1253,3,49.57657623,0.746858836,391.9071193,0.286658516,
1253,3,49.57657623,0.746858836,391.9071193,0.286658516,
1254,1,1798.519653,21.78312417,-91.93216112,0.073105261,
1254,1,1100.062134,21.28351644,-52.58131333,0.077645584,
1254,1,498.166748,16.92215353,19.15306995,0.073259172,
1254,1,302.3611755,14.44236011,18.68962019,0.0621495,
1254,1,151.2935333,10.54468313,117.1207696,0.061267112,
1254,1,49.56245804,5.519388107,210.0834956,0.047777517,
1254,1,49.56245804,5.519388107,210.0834956,0.047777517,
1254,2,1798.57959,20.2423244,181.4142296,0.163244645,
1254,2,1102.047119,17.76446579,229.4115413,0.186166536,
1254,2,500.9226685,15.49054962,251.9242573,0.186259264,
1254,2,299.4019775,11.43812803,299.6927073,0.209724426,
1254,2,150.4641266,6.516088155,335.7422036,0.191924379,
1254,2,51.22746658,1.83641091,375.3269408,0.171121492,
1254,2,51.22746658,1.83641091,375.3269408,0.171121492,
1254,3,1799.753052,13.45713092,164.1071084,0.098120908,
1254,3,1098.565308,12.72280314,187.4837083,0.10298533,
1254,3,500.7446899,10.88572286,224.5269771,0.106900994,
1254,3,299.0792542,8.237073666,262.7615726,0.104652101,
1254,3,149.7850647,5.233265375,308.4438375,0.101990304,
1254,3,48.95428848,1.490986844,367.7316369,0.095607885,
1254,3,48.95428848,1.490986844,367.7316369,0.095607885,
1255,2,1799.224976,10.69682669,262.9352922,0.139375546,
1255,2,1098.002563,14.4016693,221.9126853,0.139654002,x
1255,2,497.8963318,8.909477619,267.5549648,0.116601515,
1255,2,299.8263245,6.646977367,304.0278869,0.122416262,
1255,2,150.2733917,2.760196387,354.9036683,0.115795494,
1255,2,50.48868561,4.373101836,313.8328338,0.087993807,
1255,2,50.48868561,4.373101836,313.8328338,0.087993807,
1256,1,1801.023071,19.65474897,162.1312481,0.143105397,
1256,1,1102.644531,18.06083246,196.5785307,0.15397895,
1256,1,500.4288635,13.99957836,249.485851,0.162600145,
1256,1,301.9286499,11.06926912,272.7165836,0.152168047,
1256,1,149.4902039,6.781954639,316.5517652,0.144629757,
1256,1,51.13228226,1.929027096,367.9339786,0.118908435,
1256,1,51.13228226,1.929027096,367.9339786,0.118908435,
1257,1,1798.955933,4.305642331,142.2130025,0.027849969,
1257,1,1101.993896,4.48743733,209.1713513,0.039597852,
1257,1,500.1763611,4.458393543,254.2418867,0.05203686,
1257,1,299.9840698,2.936870269,318.6079251,0.064614241,
1257,1,150.3051605,2.528217558,336.5652423,0.072952088,
1257,1,48.73195648,1.652747679,361.0720369,0.084622567,
1257,1,48.73195648,1.652747679,361.0720369,0.084622567,
1257,2,1801.422607,5.704386581,194.7118944,0.047600433,
1257,2,1098.348511,6.169925507,195.5174722,0.051222011,
1257,2,500.3664856,5.15375909,231.3226316,0.051971171,
1257,2,298.4329529,4.432427785,260.5639202,0.054382529,
1257,2,148.7814484,3.021302291,303.2146515,0.054353671,
1257,2,48.7491188,0.463910252,379.4678476,0.053481976,
1257,2,48.7491188,0.463910252,379.4678476,0.053481976,
1257,3,1801.120117,6.785189964,202.432762,0.058214792,
1257,3,1098.701538,6.234987411,232.3101511,0.063056354,
1257,3,501.2320557,4.722244528,281.0384566,0.068152181,
1257,3,298.4706116,3.643204188,314.8474157,0.074745699,
1257,3,148.1627045,1.42416087,363.8120954,0.076163058,
1257,3,50.73309708,-0.323939978,401.2996632,0.081900969,
1257,3,50.73309708,-0.323939978,401.2996632,0.081900969,
1259,1,1800.310547,4.764051018,196.9278862,0.039996802,
1259,1,1098.943237,4.222669197,227.5514346,0.041896083,
1259,1,501.0263977,4.557983714,232.2817392,0.04618334,
1259,1,299.2783508,4.542869745,232.625149,0.046007628,
1259,1,150.0861816,2.341592977,307.5208825,0.04500803,
1259,1,49.17474747,0.718471874,365.9494582,0.045116087,
1259,1,49.17474747,0.718471874,365.9494582,0.045116087,
1259,2,1799.134033,16.6586646,210.8870622,0.153124131,
1259,2,1100.034668,14.80743099,238.1300253,0.159329951,
1259,2,498.7276917,12.63473015,259.2882526,0.155732223,
1259,2,300.7884827,10.38257328,273.6649756,0.142626495,
1259,2,151.6781616,5.152594108,332.637135,0.138256756,
1259,2,48.09014893,-0.063113985,394.7101434,0.129060839,
1259,2,48.09014893,-0.063113985,394.7101434,0.129060839,
1259,3,1798.088501,23.99972675,245.7733885,0.286296696,
1259,3,1099.687378,22.09553908,264.9108828,0.301791,
1259,3,501.2991333,15.51826849,308.6023752,0.322497572,
1259,3,299.2968445,11.55297145,330.9090892,0.32402668,
1259,3,148.5224457,6.137916432,359.9617534,0.321755958,
1259,3,49.97192764,2.228564973,381.4122636,0.3163,
1259,3,49.97192764,2.228564973,381.4122636,0.3163,
1260,1,1799.196411,27.96921351,213.6300661,0.27153523,
1260,1,1101.758423,25.3905631,232.8238336,0.2746781,
1260,1,499.3829651,19.35714366,268.128986,0.266061276,
1260,1,301.8652649,14.39855329,291.852594,0.241969929,
1260,1,151.0835876,7.536916471,335.2060453,0.219260384,
1260,1,48.57486343,2.409361005,370.7855882,0.17686071,
1260,1,48.57486343,2.409361005,370.7855882,0.17686071,
1260,2,1800.784424,4.714286334,205.1971528,0.041041429,
1260,2,1101.045044,3.906794329,224.5122884,0.037781865,
1260,2,500.7929688,3.926337712,222.4310033,0.03727098,
1260,2,299.9898071,3.406383692,235.4676743,0.034937293,
1260,2,148.9023895,2.11185362,283.3542506,0.031159025,
1260,2,51.33192444,-0.105534456,398.4875452,0.024713394,
1260,2,51.33192444,-0.105534456,398.4875452,0.024713394,
1260,3,1799.55542,12.63157196,180.7192772,0.099349768,
1260,3,1099.105469,12.6694071,194.8131326,0.1062577,
1260,3,499.2602844,10.46648926,232.1923872,0.107952883,
1260,3,301.4998169,9.324292711,250.6093606,0.108313589,
1260,3,151.2930145,5.267978795,307.6616443,0.10206532,
1260,3,49.94975662,0.678310876,380.7458623,0.092702545,
1260,3,49.94975662,0.678310876,380.7458623,0.092702545,
1261,1,1798.497559,3.52153699,113.0158221,0.020328025,x
1261,1,1101.079346,2.848732252,169.8394728,0.02060988,x
1261,1,501.0661926,2.30078814,190.1284511,0.018243535,x
1261,1,298.5543213,2.338873145,217.4360204,0.021418502,x
1261,1,151.2386627,2.292189471,210.8185504,0.020188975,x
1261,1,50.17531967,1.510858874,247.511212,0.016648899,x
1261,1,50.17531967,1.510858874,247.511212,0.016648899,x
1261,2,1799.934082,15.97949563,220.2347952,0.155044069,
1261,2,1099.63147,17.41287881,216.4420037,0.16372561,
1261,2,497.9510498,13.43010435,261.35874,0.168588672,
1261,2,302.039856,11.9430548,272.9171397,0.162998517,
1261,2,149.241394,7.399949873,319.5347569,0.164312192,
1261,2,51.02741623,2.271594422,369.3308946,0.149746795,
1261,2,51.02741623,2.271594422,369.3308946,0.149746795,
1261,3,1797.499023,23.86250798,236.5264706,0.25873068,
1261,3,1101.269531,23.50521037,248.7870304,0.274514098,
1261,3,499.8165894,19.31484638,283.0020864,0.292470535,
1261,3,301.6691284,14.49467629,310.7794389,0.2907453,
1261,3,149.2211456,7.638742685,349.1655647,0.280792173,
1261,3,51.17118835,3.205820979,374.2617664,0.257008744,
1261,3,51.17118835,3.205820979,374.2617664,0.257008744,
1262,1,1801.372559,13.18283908,249.5274941,0.156973293,
1262,1,1099.681274,13.14783674,257.5734402,0.163819471,
1262,1,499.1487427,9.752534295,295.3516428,0.167074788,
1262,1,301.2198792,8.853605386,294.6292047,0.148545807,
1262,1,150.0535126,4.333041298,338.9784445,0.131560668,
1262,1,51.18598557,1.346480683,371.1050713,0.095657808,
1262,1,51.18598557,1.346480683,371.1050713,0.095657808,
1262,3,1800.875122,7.455943526,261.0440544,0.095404648,
1262,3,1098.621094,8.58473569,240.5012437,0.093093596,
1262,3,501.598053,6.548611709,270.7367227,0.088034714,
1262,3,299.782959,7.135964167,256.0145978,0.084934512,
1262,3,150.8832245,3.356518507,318.9248186,0.074102319,
1262,3,51.15162277,0.589031043,376.037148,0.058943793,
1262,3,51.15162277,0.589031043,376.037148,0.058943793,
1263,1,1801.044556,21.16680894,216.7398867,0.207627646,
1263,1,1102.126587,19.36315015,239.7286814,0.218008462,
1263,1,500.4935608,15.4478856,278.4651889,0.233100788,
1263,1,299.2720947,12.24153922,302.058578,0.232604202,
1263,1,150.0378723,6.936451697,339.7057099,0.227988053,
1263,1,49.1747818,1.196728972,381.9796286,0.219175113,
1263,1,49.1747818,1.196728972,381.9796286,0.219175113,
1263,2,1801.160156,19.97595397,204.4737772,0.182450565,
1263,2,1097.110352,17.47247978,240.6616751,0.198232919,
1263,2,502.6115417,15.17435206,266.5258183,0.206412296,
1263,2,300.4295044,10.89605874,302.2270165,0.207896798,
1263,2,150.3000793,6.84322065,334.7065859,0.203934937,
1263,2,48.56324768,1.906130452,375.002678,0.192205214,
1263,2,48.56324768,1.906130452,375.002678,0.192205214,
1263,3,1798.711548,17.58854768,202.7860967,0.158639646,
1263,3,1099.031738,17.10435553,217.0404881,0.165878885,
1263,3,498.1820068,13.80116544,254.9749375,0.169744122,
1263,3,299.2518311,10.85629031,283.0604324,0.166815933,
1263,3,149.1196136,6.75391113,324.0304919,0.163715087,
1263,3,48.94166946,1.814614969,374.4935805,0.157020739,
1263,3,48.94166946,1.814614969,374.4935805,0.157020739,
1266,1,1799.931274,17.73903331,210.7963451,0.164343007,
1266,1,1101.026001,15.24946784,236.6454825,0.164582046,
1266,1,499.8355103,12.51573286,263.0675325,0.161546785,
1266,1,298.795166,8.801212611,295.7810003,0.152735313,
1266,1,149.6939087,4.587852389,337.8428726,0.142681596,
1266,1,49.00346375,2.125193877,363.8412221,0.129994762,
1266,1,49.00346375,2.125193877,363.8412221,0.129994762,
1266,2,1800.023438,21.07541925,204.1989733,0.188192187,
1266,2,1100.230469,19.98784066,225.2100587,0.200126385,
1266,2,498.3266602,15.96873715,265.9345715,0.210567704,
1266,2,302.1293335,11.57154031,298.0705149,0.203424533,
1266,2,151.1267395,7.54543201,327.8491434,0.193852113,
1266,2,48.7712326,2.79440909,366.0679711,0.174855332,
1266,2,48.7712326,2.79440909,366.0679711,0.174855332,
1266,3,1801.02124,18.31972394,148.6387212,0.123980838,
1266,3,1101.326782,12.69913764,217.0962603,0.120632631,
1266,3,498.6130981,11.32473713,226.7985839,0.112661975,
1266,3,298.3812561,7.070203947,268.4739715,0.094243337,
1266,3,148.3968048,6.857586152,229.8476736,0.068387159,
1266,3,50.23574448,-0.852463549,427.0238919,0.036284056,
1266,3,50.23574448,-0.852463549,427.0238919,0.036284056,
1267,1,1801.674194,14.94444071,114.5663825,0.088156643,
1267,1,1101.850708,14.10304796,128.1384727,0.08706329,
1267,1,498.0157776,12.24823068,133.8979595,0.076555547,
1267,1,299.0451965,9.943480066,160.9692302,0.069152239,
1267,1,151.0946655,7.028402315,224.282343,0.066812347,
1267,1,51.46828461,2.747245075,301.843534,0.047663924,
1267,1,51.46828461,2.747245075,301.843534,0.047663924,
1267,2,1800.436157,5.94943466,256.0168989,0.071279284,
1267,2,1099.214233,6.298130421,275.1387773,0.086498174,
1267,2,501.7436523,5.107915243,308.6021817,0.096486847,
1267,2,298.700592,3.885473931,339.5901188,0.113711186,
1267,2,151.2904663,0.307862417,391.3971934,0.124596048,
1267,2,48.13838959,-0.038175878,396.8389725,0.141127108,
1267,2,48.13838959,-0.038175878,396.8389725,0.141127108,
1267,3,1797.47644,16.4697479,172.3827736,0.124190784,
1267,3,1099.941528,14.14858948,214.9285727,0.132140029,
1267,3,498.3572083,10.92701552,259.950278,0.135195039,
1267,3,298.7872009,8.750359796,286.7131457,0.135203682,
1267,3,151.7267303,5.178595609,326.6933984,0.12718893,
1267,3,47.05749512,1.544981553,371.4670885,0.11247558,
1267,3,47.05749512,1.544981553,371.4670885,0.11247558,
1268,1,1801.001465,12.96523323,113.2170819,0.075831742,
1268,1,1099.578491,12.74309292,130.3583548,0.07901554,
1268,1,499.9602966,10.36522692,191.7450657,0.083502764,
1268,1,301.8242798,9.381444613,198.507711,0.077917886,
1268,1,150.5752563,5.814571221,254.8488592,0.067443886,
1268,1,49.96754837,1.940901903,342.1832632,0.059480619,
1268,1,49.96754837,1.940901903,342.1832632,0.059480619,
1268,2,1800.646118,23.75769865,223.4174972,0.238575907,
1268,2,1098.14978,20.86554793,247.4987376,0.243031713,
1268,2,501.5762634,18.08544319,256.3729396,0.221345534,
1268,2,300.170166,12.92362398,305.7084003,0.248760237,
1268,2,150.8075104,7.479836225,331.0016264,0.198214516,
1268,2,51.26622009,0.405136444,390.345913,0.201927678,
1268,2,51.26622009,0.405136444,390.345913,0.201927678,
1268,3,1791.14978,28.6096656,234.5362655,0.310015654,
1268,3,1090.585205,25.95169741,252.9310445,0.315512645,
1268,3,489.9663696,17.09547732,301.8990354,0.317262427,
1268,3,290.1107178,11.01332799,333.7209165,0.3110081,
1268,3,190.0862885,6.186521058,357.9997889,0.290236174,
1268,3,190.0862885,6.186521058,357.9997889,0.290236174,
1268,3,189.9706116,6.675418339,356.4917313,0.29831243,
1269,1,1800.96106,12.34216102,171.0076454,0.092681038,
1269,1,1101.060303,11.85620392,193.1756242,0.098662185,
1269,1,499.0007935,9.264868367,234.993308,0.09702351,
1269,1,301.2917175,6.74373825,276.7113185,0.095971265,
1269,1,148.2565613,3.776475007,319.6086977,0.084231658,
1269,1,48.22039032,2.18517901,345.3684212,0.074100137,
1269,1,48.22039032,2.18517901,345.3684212,0.074100137,
1269,2,1799.281738,12.55372223,194.9795371,0.106762252,
1269,2,1100.423828,11.73018046,218.3871653,0.112838363,
1269,2,498.6348267,9.040744986,262.4816602,0.115744778,
1269,2,300.7658691,7.169144583,286.8680622,0.112107635,
1269,2,151.6662445,4.572438781,320.6810541,0.10447494,
1269,2,51.7443161,0.60042495,382.7380646,0.092687446,
1269,2,51.7443161,0.60042495,382.7380646,0.092687446,
1269,3,1798.194824,14.55933836,221.5097244,0.143495899,
1269,3,1100.62207,13.83908666,239.6668271,0.151960007,
1269,3,501.4738159,12.68644409,256.5632569,0.154780183,
1269,3,299.8751526,10.58428475,272.4964341,0.145071319,
1269,3,150.1299896,5.913583038,318.9923914,0.130330906,
1269,3,49.37831116,1.570704624,370.708572,0.11158626,
1269,3,49.37831116,1.570704624,370.708572,0.11158626,
1270,1,1799.232788,16.16352319,102.5345966,0.092181704,
1270,1,1099.02417,15.62817551,146.8816117,0.105356303,
1270,1,498.8960266,13.79922083,194.1413476,0.114727139,
1270,1,300.8056946,10.71855751,242.1795713,0.117311164,
1270,1,150.9786682,5.225979349,315.4651287,0.111475455,
1270,1,49.66596603,2.295268521,351.7749085,0.090528421,
1270,1,49.66596603,2.295268521,351.7749085,0.090528421,
1270,2,1798.542358,13.13301735,195.0100296,0.112178006,
1270,2,1100.461182,12.74025152,205.4317967,0.114069648,
1270,2,501.4112244,10.07636507,249.1199019,0.11728485,
1270,2,299.8389893,7.888367255,277.3311713,0.113929404,
1270,2,150.8119202,4.722917886,319.6203393,0.106840897,
1270,2,51.16943741,0.928221878,376.829281,0.09634876,
1270,2,51.16943741,0.928221878,376.829281,0.09634876,
1270,3,1801.313965,25.37199749,197.6085102,0.220719988,
1270,3,1102.483032,22.63279077,225.3154353,0.228840444,
1270,3,503.4026184,18.09680278,261.5861874,0.231429609,
1270,3,299.1812744,13.2821483,291.9061432,0.219198091,
1270,3,147.5666504,7.90010303,330.3654318,0.206801599,
1270,3,50.05952072,2.074711632,373.7988777,0.16703481,
1270,3,50.05952072,2.074711632,373.7988777,0.16703481,
1271,1,1797.640869,13.81586177,212.4170905,0.131936304,
1271,1,1099.558105,12.75729511,233.5891431,0.137732192,
1271,1,497.8591003,9.698334172,275.5356853,0.143100648,
1271,1,302.0705566,8.168690296,293.39387,0.142069805,
1271,1,150.9789429,4.783374453,330.7540263,0.135512212,
1271,1,49.16956711,0.944952147,376.4483258,0.123717099,
1271,1,49.16956711,0.944952147,376.4483258,0.123717099,
1271,2,1799.503784,20.49278952,267.7715486,0.285983974,
1271,2,1101.646362,19.16851082,272.1731027,0.275054298,
1271,2,497.87854,13.63372595,295.1400538,0.239331466,
1271,2,299.050354,10.05048197,315.7939165,0.222868474,
1271,2,151.0559387,6.207015086,342.4600199,0.207671885,
1271,2,51.37659454,0.798129331,385.8910155,0.197752258,
1271,2,51.37659454,0.798129331,385.8910155,0.197752258,
1271,3,1800.266968,17.62956229,239.9740131,0.19644773,
1271,3,1101.025879,16.46659781,253.8660539,0.199397517,
1271,3,500.8746948,13.56327671,274.7695581,0.191684302,
1271,3,299.509613,8.822301393,313.7455095,0.184704276,
1271,3,150.6397858,6.527766861,332.9329886,0.177827713,
1271,3,51.21135712,0.229652008,391.2028035,0.162367192,
1271,3,51.21135712,0.229652008,391.2028035,0.162367192,
1272,1,1802.130981,20.80979565,186.1192953,0.169476779,
1272,1,1100.505615,18.81271977,227.8541953,0.1923019,
1272,1,500.4810791,14.96306321,270.3512201,0.203380465,
1272,1,300.5366211,11.18961472,301.6878998,0.201695276,
1272,1,151.6661682,5.659383354,347.8910909,0.199894081,
1272,1,51.76133728,0.601233147,390.4586695,0.184000836,
1272,1,51.76133728,0.601233147,390.4586695,0.184000836,
1272,2,1799.401855,14.80579861,192.9783549,0.124441391,
1272,2,1099.624268,14.09793356,224.8253353,0.140513016,
1272,2,499.2426453,10.62381771,276.5304764,0.152681444,
1272,2,301.1424561,6.895892165,321.0910429,0.161044055,
1272,2,150.8463135,3.030821581,362.2415447,0.16524189,
1272,2,48.19630051,-1.174516122,405.0616665,0.161269654,
1272,2,48.19630051,-1.174516122,405.0616665,0.161269654,
1272,3,1799.797974,16.34554077,250.7298163,0.194406416,
1272,3,1099.243774,14.16697958,268.8235079,0.192182377,
1272,3,500.6421204,12.1706112,288.6002678,0.193462863,
1272,3,298.4859009,9.092884975,313.7110895,0.189611109,
1272,3,147.8877411,4.987351529,345.674609,0.170107636,
1272,3,49.27207565,1.681174434,376.3458071,0.150865742,
1272,3,49.27207565,1.681174434,376.3458071,0.150865742,
2001,1,1800.705444,19.92575719,210.0772024,0.183620486,
2001,1,1101.238525,17.89909119,233.6369115,0.189218336,
2001,1,500.1431885,12.97498361,271.2602719,0.178941928,
2001,1,298.9563293,10.19470809,282.3066043,0.153140119,
2001,1,149.8904572,4.682329395,331.0633218,0.12673855,
2001,1,49.02089691,1.520859415,365.4009681,0.095517266,
2001,1,49.02089691,1.520859415,365.4009681,0.095517266,
2001,2,1799.650757,22.72661232,247.9318405,0.267786302,
2001,2,1099.817993,20.61967701,271.9005907,0.28979738,
2001,2,498.844635,15.69078774,308.9651318,0.314223902,
2001,2,301.8294373,12.81935726,325.4317114,0.315676018,
2001,2,151.1034088,8.66844298,348.3655512,0.313592028,
2001,2,49.20969772,3.435112867,376.2558062,0.29941119,
2001,2,49.20969772,3.435112867,376.2558062,0.29941119,
2001,3,1802.085083,12.87900709,299.1806734,0.229464736,
2001,3,1099.747559,13.45162795,304.51882,0.251158906,
2001,3,498.7913513,10.82044233,324.8518592,0.258590994,
2001,3,301.832428,7.266921021,348.4767574,0.2615241,
2001,3,151.5419464,5.187762691,361.4599627,0.254046783,
2001,3,49.30836868,0.348595776,393.3233978,0.23401139,
2001,3,49.30836868,0.348595776,393.3233978,0.23401139,
2002,2,1799.131592,20.02103947,328.9886479,0.549126424,
2002,2,1098.931885,18.23269564,328.2201913,0.486066332,
2002,2,500.4364014,12.72219548,343.4701005,0.428621594,
2002,2,298.4141846,9.208552738,353.2835959,0.374433128,
2002,2,151.7986298,4.834327414,372.2873179,0.341376864,
2002,2,49.23556137,0.18179908,395.7203928,0.325478578,
2002,2,49.23556137,0.18179908,395.7203928,0.325478578,
2002,3,1798.805786,27.66166338,217.9634098,0.270895641,
2002,3,1098.43689,25.72274762,236.0487026,0.279597753,
2002,3,499.2882385,20.06127933,271.5908247,0.280402314,
2002,3,301.2387695,14.42823254,303.468839,0.272034499,
2002,3,151.5814056,9.517852687,334.5790405,0.272175894,
2002,3,51.73845291,4.270891394,366.6759727,0.265102862,
2002,3,51.73845291,4.270891394,366.6759727,0.265102862,
2003,1,1801.379028,7.13623147,179.1517334,0.054928968,
2003,1,1100.625122,5.039595317,229.1530522,0.050772358,
2003,1,498.2156067,4.624394176,223.4959225,0.044617947,
2003,1,300.8502502,4.483212982,208.0700447,0.03941051,
2003,1,150.7277374,2.472910221,274.5194114,0.03417135,
2003,1,50.36310959,-0.519482172,423.5371393,0.024539886,
2003,1,50.36310959,-0.519482172,423.5371393,0.024539886,
2003,2,1797.671509,12.98129689,220.5605328,0.124370096,
2003,2,1096.531006,13.40170737,228.2708304,0.133530513,
2003,2,499.8953552,12.26887085,250.2123255,0.140064975,
2003,2,296.9006958,8.541117799,291.5775745,0.13731352,
2003,2,152.0093079,7.060171373,307.2712066,0.132751242,
2003,2,49.40589905,2.982465216,355.9183099,0.127658561,
2003,2,49.40589905,2.982465216,355.9183099,0.127658561,
2003,3,1799.936523,17.83931376,193.4812982,0.150012368,
2003,3,1101.431641,17.28014591,206.8717,0.155077136,
2003,3,498.0963745,15.08704598,232.7006396,0.156337874,
2003,3,300.6871948,10.65773149,270.3032963,0.144310483,
2003,3,151.5604401,6.064499702,315.9243389,0.131514693,
2003,3,50.24730682,3.173709266,347.715207,0.117377687,
2003,3,50.24730682,3.173709266,347.715207,0.117377687,
2004,1,1801.064209,18.14473573,186.6123865,0.147883777,
2004,1,1097.999268,16.47857778,209.1578841,0.150560957,
2004,1,498.6416931,14.71787124,227.4681873,0.147765961,
2004,1,300.7354736,10.76400291,263.3251602,0.137972956,
2004,1,150.8656158,6.939582117,301.9742111,0.126897218,
2004,1,49.44008636,2.436507382,355.2296205,0.107340834,
2004,1,49.44008636,2.436507382,355.2296205,0.107340834,
2005,1,1799.463745,4.317036336,253.6555793,0.051392356,
2005,1,1098.831421,3.403610963,283.6291642,0.051448399,
2005,1,498.929657,2.828523246,310.9552396,0.056592132,
2005,1,300.881897,1.982157637,337.2254558,0.058490239,
2005,1,150.9036255,1.935057757,336.5698487,0.055817043,
2005,1,49.61145782,-0.142581192,396.3328666,0.055640742,
2005,1,49.61145782,-0.142581192,396.3328666,0.055640742,
2005,2,1799.857056,19.35495383,191.6219652,0.161717035,
2005,2,1102.251831,16.59785955,226.4026062,0.167545055,
2005,2,503.4154663,13.33528387,258.0903876,0.164950386,
2005,2,299.3597717,10.42824666,274.3442806,0.145274059,
2005,2,147.9775238,4.442652546,331.8858624,0.119268907,
2005,2,50.43296814,1.685021511,360.190698,0.082574158,
2005,2,50.43296814,1.685021511,360.190698,0.082574158,
2005,3,1800.507813,15.52035162,190.7243027,0.126176909,
2005,3,1097.924561,17.49564894,180.9915007,0.13460339,
2005,3,498.3547668,13.68204918,229.6729558,0.135553057,
2005,3,301.6883545,8.863071163,260.5070084,0.107193056,
2005,3,151.2758789,6.897107754,245.8545003,0.074370623,
2005,3,48.89634705,1.809617742,332.2030632,0.046034944,
2005,3,48.89634705,1.809617742,332.2030632,0.046034944,
2006,1,1799.664917,14.7244362,128.9151021,0.092424321,
2006,1,1099.05603,14.37939755,155.2289123,0.099855322,
2006,1,498.5981445,11.6014135,206.8908174,0.102656832,
2006,1,300.6046448,9.897683201,228.2546389,0.098405533,
2006,1,150.68396,5.724665899,296.8504788,0.096818396,
2006,1,49.41758728,1.791699078,362.8452375,0.092054785,
2006,1,49.41758728,1.791699078,362.8452375,0.092054785,
2006,2,1799.047119,26.25380484,239.3490948,0.296186084,
2006,2,1097.012695,23.59996861,270.9354753,0.333489631,
2006,2,501.1932983,16.7477167,317.134598,0.378496234,
2006,2,302.9764709,11.86524509,343.7520127,0.405158429,
2006,2,150.3926544,5.075500591,375.1824751,0.424637727,
2006,2,51.84848785,-0.149263526,397.6507634,0.425352017,
2006,2,51.84848785,-0.149263526,397.6507634,0.425352017,
2006,3,1799.989868,29.29054856,243.9976357,0.347840162,
2006,3,1099.782349,26.77534348,263.6213921,0.364668809,
2006,3,498.194458,19.81766661,297.2167798,0.360335236,
2006,3,299.2215576,14.73614873,322.6159445,0.359567202,
2006,3,149.0150909,8.73625687,351.2077204,0.346689688,
2006,3,48.72628403,1.437016243,388.1719475,0.339438989,
2006,3,48.72628403,1.437016243,388.1719475,0.339438989,
2007,1,1803.176514,17.74654801,318.3056087,0.426868982,
2007,1,1101.983887,15.38939013,324.3999478,0.397275475,
2007,1,498.3144836,10.06929547,344.3568947,0.363998855,
2007,1,302.0067749,8.715890497,347.2162324,0.329491041,
2007,1,149.7559357,6.047400668,356.2471054,0.280899359,
2007,1,51.21240616,-0.048155517,392.166616,0.235554518,
2007,1,51.21240616,-0.048155517,392.166616,0.235554518,
2007,2,1799.008911,23.1133852,275.5828378,0.333771984,
2007,2,1100.935181,21.481866,294.5979573,0.366085657,
2007,2,499.0818176,14.67276956,333.497674,0.407000452,
2007,2,298.1968079,11.01064241,350.3972064,0.418006107,
2007,2,151.7965546,7.214393704,366.2154973,0.410678807,
2007,2,49.36532974,2.194895262,386.9807696,0.393800052,
2007,2,49.36532974,2.194895262,386.9807696,0.393800052,
2007,3,1799.679932,22.13938729,306.5214654,0.438449449,
2007,3,1098.232666,22.31818461,316.5414997,0.495767698,
2007,3,498.1268616,16.66076973,343.031837,0.550943395,
2007,3,300.0995483,12.34219236,356.3955245,0.546726804,
2007,3,149.2032471,10.40895435,363.5731026,0.544422736,
2007,3,50.24152756,0.826191525,393.6004748,0.538722724,
2007,3,50.24152756,0.826191525,393.6004748,0.538722724,
2008,1,1800.578125,4.338415988,267.1357207,0.058388255,
2008,1,1100.019775,3.620655344,291.5074632,0.060414652,
2008,1,500.23172,4.518727973,272.4499076,0.061779379,
2008,1,298.8126526,3.263871784,299.0745159,0.05735327,
2008,1,150.4207764,2.705114106,315.5890749,0.057872071,
2008,1,50.83667755,0.27566665,382.7883154,0.054883598,
2008,1,50.83667755,0.27566665,382.7883154,0.054883598,
2008,2,1800.538086,6.295499624,282.3501004,0.093752407,
2008,2,1800.118286,6.880101219,270.1094344,0.091941479,
2008,2,1099.968872,9.607123305,206.0192651,0.083038818,
2008,2,498.0208435,6.872290111,245.2002857,0.074543463,
2008,2,301.8285828,6.024728785,260.614547,0.07273124,
2008,2,149.1154175,4.84399843,277.2507366,0.066571167,x
2008,2,51.04178238,2.626371259,321.6437277,0.057809011,x
2008,3,1799.958252,16.75015025,NA,0.227458567,
2008,3,1100.906982,14.08255675,NA,0.2209698,
2008,3,500.9668884,11.29869129,NA,0.202438844,
2008,3,300.4295349,8.974903444,NA,0.182864004,
2008,3,149.0829773,5.832845515,NA,0.169463458,
2008,3,51.46323013,1.939480876,NA,0.156511715,
2008,3,51.46323013,1.939480876,NA,0.156511715,
2009,1,1799.309692,7.953912194,147.8114119,0.05297389,
2009,1,1100.012329,7.751582045,165.3371472,0.055273611,
2009,1,501.9647522,8.415623972,168.424906,0.060525862,
2009,1,301.614563,8.02007659,161.0329991,0.055612923,
2009,1,148.8372803,4.341143471,248.9147039,0.048219439,
2009,1,50.77226639,0.948486564,341.9710492,0.02908431,
2009,1,50.77226639,0.948486564,341.9710492,0.02908431,
2009,2,1800.368164,18.18675349,233.7430667,0.197112204,
2009,2,1101.323853,14.74756606,267.3462783,0.202518809,
2009,2,499.0742493,12.42638897,285.0811869,0.195964604,
2009,2,301.0518799,10.3237863,297.3354377,0.181787528,
2009,2,151.6790161,5.510743228,335.4170832,0.159463521,
2009,2,51.63008118,1.286620838,376.5994552,0.127375494,
2009,2,51.63008118,1.286620838,376.5994552,0.127375494,
2009,3,1800.820923,7.812435906,61.44246267,0.038178654,
2009,3,1098.644043,7.779173571,75.50698446,0.039525029,
2009,3,498.8292847,7.788238377,103.0057692,0.043176202,
2009,3,298.127655,6.912798254,146.0314616,0.045003146,
2009,3,149.3470459,3.489253096,243.4248783,0.037354647,
2009,3,48.94396973,0.386023701,360.534886,0.018693156,
2009,3,48.94396973,0.386023701,360.534886,0.018693156,
2010,1,1801.458862,36.12246984,-1116.969181,0.03814274,
2010,1,1100.116211,34.81803997,9329.487828,-0.006171629,
2010,1,501.9874573,31.95374951,1108.128812,-0.07030285,
2010,1,299.9511108,24.74425959,745.4771482,-0.110072944,
2010,1,150.7445831,19.06771563,603.7240349,-0.141718554,
2010,1,49.53828049,14.43223917,519.1173566,-0.179988204,
2010,1,49.53828049,14.43223917,519.1173566,-0.179988204,
2010,3,1799.952637,18.25136114,NA,0.076428335,
2010,3,1098.416016,16.38836792,NA,0.065150283,
2010,3,501.7440491,14.32623857,NA,0.021682772,
2010,3,301.2153015,11.11392648,NA,0.00413039,
2010,3,149.560318,5.820957607,NA,-0.002076629,
2010,3,48.4507637,0.925459186,NA,-0.02035924,
2010,3,48.4507637,0.925459186,NA,-0.02035924,
2011,2,1802.484985,28.60397007,219.1545869,0.283855465,
2011,2,1097.572998,26.18917154,240.1943032,0.294674536,
2011,2,496.8692322,22.39957683,264.0956438,0.295734211,
2011,2,301.3449402,14.62456785,299.2537248,0.265104048,
2011,2,150.6701355,7.635836764,337.6353691,0.236200241,
2011,2,48.56256104,1.557278166,378.915931,0.203036378,
2011,2,48.56256104,1.557278166,378.915931,0.203036378,
2011,3,1802.861694,17.0513933,185.2573027,0.136256959,
2011,3,1102.846802,17.57469846,182.5100126,0.137574435,
2011,3,499.6723938,12.58914529,247.3130401,0.142309247,
2011,3,296.833252,9.774166371,278.6689596,0.140256341,
2011,3,151.9565887,5.265993575,323.0048156,0.122935231,
2011,3,49.16949844,2.079483551,359.4796194,0.1001835,
2011,3,49.16949844,2.079483551,359.4796194,0.1001835,
2012,1,1798.923218,29.04011595,247.9232,0.342540827,
2012,1,1099.964111,29.10613179,253.1622906,0.352968606,
2012,1,498.1215515,19.74759218,295.5405309,0.340971564,
2012,1,300.3265381,14.20603333,318.4484921,0.317102419,
2012,1,151.1213837,6.189605242,358.312151,0.290093267,
2012,1,51.36598969,0.993271544,387.9219299,0.260091647,
2012,1,51.36598969,0.993271544,387.9219299,0.260091647,
2012,2,1801.562744,20.00034144,311.9269395,0.407377945,
2012,2,1098.003052,18.13613659,304.0845022,0.332233648,
2012,2,502.3825073,14.4042552,307.5514982,0.269795705,
2012,2,300.9262695,7.776855237,306.4565693,0.140989562,
2012,2,150.7409058,4.419448384,310.9847102,0.083334987,
2012,2,48.65346146,-0.852828343,458.1316673,0.022138622,
2012,2,48.65346146,-0.852828343,458.1316673,0.022138622,
2012,3,1801.103149,23.10130814,226.5252361,0.234886985,
2012,3,1099.47229,18.7376004,256.2329166,0.230986806,
2012,3,502.2581482,16.32462086,272.4764641,0.225699661,
2012,3,298.9794922,11.0377248,305.6427365,0.209544095,
2012,3,151.3459473,6.189001601,338.3638869,0.186241924,
2012,3,50.33475113,0.310192724,390.3905722,0.172193296,
2012,3,50.33475113,0.310192724,390.3905722,0.172193296,
2013,1,1799.519775,1.517033797,360.4381187,0.08863265,
2013,1,1098.967773,1.025036335,371.3136511,0.088883096,
2013,1,499.6670227,1.314862678,369.6417721,0.095851866,
2013,1,301.2518921,0.422679771,385.9646045,0.103789147,
2013,1,151.5868378,-0.016011905,393.4373354,0.105257491,
2013,1,51.62429047,-1.953067189,423.5797115,0.105125073,
2013,1,51.62429047,-1.953067189,423.5797115,0.105125073,
2013,2,1800.70752,19.42947909,176.0306676,0.150068191,
2013,2,1101.253662,17.34293221,193.0310272,0.14443529,
2013,2,501.8857117,14.53782076,224.5815503,0.142685139,
2013,2,298.5979614,11.15811975,258.0597879,0.136092887,
2013,2,150.7485809,6.269051574,306.3209222,0.118401023,
2013,2,51.1612587,1.784580348,364.2265707,0.100930505,
2013,2,51.1612587,1.784580348,364.2265707,0.100930505,
2013,3,1800.364868,20.88492188,259.4893546,0.27740455,
2013,3,1099.329346,19.24974988,281.7791054,0.305756863,
2013,3,500.9188843,14.12875866,318.080408,0.33132628,
2013,3,298.8764038,9.3612489,345.236484,0.34123469,
2013,3,149.2051392,4.940808189,368.734902,0.341770215,
2013,3,48.85992813,0.200230093,393.654646,0.33984697,
2013,3,48.85992813,0.200230093,393.654646,0.33984697,
2014,1,1801.642456,18.74485753,202.171846,0.166277145,
2014,1,1100.475952,16.50287495,239.0761132,0.181250299,
2014,1,498.2173462,12.81170054,282.0373958,0.193844921,
2014,1,299.071228,10.84324565,298.6780825,0.190861859,
2014,1,151.4346771,6.933983211,330.5874604,0.181564645,
2014,1,50.26729202,2.907711677,363.9921528,0.154750951,
2014,1,50.26729202,2.907711677,363.9921528,0.154750951,
2014,2,1799.047485,17.06651684,202.5110778,0.151206534,
2014,2,1098.432861,16.56884762,212.6534237,0.153902429,
2014,2,501.9624023,13.30016268,251.5805459,0.156685046,
2014,2,300.0054932,10.64702686,279.2233462,0.154800318,
2014,2,150.6299896,5.945290312,332.1566314,0.159750874,
2014,2,51.41971588,1.431698896,378.5851929,0.151980058,
2014,2,51.41971588,1.431698896,378.5851929,0.151980058,
2014,3,1803.084839,23.27600429,-548.9280222,0.039692626,
2014,3,1102.988525,22.15748265,-1664.009614,0.017179853,
2014,3,499.6446533,19.33477123,2026.44266,-0.018723898,
2014,3,303.2121277,16.97255572,974.135653,-0.045971765,
2014,3,151.8631592,13.21613044,722.957933,-0.06303627,
2014,3,49.32641602,8.83042983,555.68307,-0.085787295,
2014,3,49.32641602,8.83042983,555.68307,-0.085787295,
2015,1,1802.099121,24.70848392,173.4360052,0.190774005,
2015,1,1097.658447,22.77710542,203.7520838,0.203875025,
2015,1,497.9239197,18.54115909,244.2830224,0.209801384,
2015,1,300.0299072,13.03928547,280.4022764,0.193962147,
2015,1,148.4901428,7.685119833,320.2179228,0.174985836,
2015,1,50.73411942,4.060155359,343.8143382,0.13298877,
2015,1,50.73411942,4.060155359,343.8143382,0.13298877,
2015,2,1801.103394,6.476966643,17.90844337,0.027808259,x
2015,2,1800.794922,7.838379247,94.1526635,0.042532508,x
2015,2,1800.461426,6.63991774,197.208001,0.055764317,x
2015,2,1800.382568,6.526007304,183.0690827,0.050963857,x
2015,2,1800.13269,6.55108478,218.0380522,0.061913317,x
2015,2,1800.099121,7.114866676,194.0463508,0.058782271,x
2015,2,1800.058838,6.417174667,239.8780052,0.069901108,x
2015,2,1799.996216,5.357947752,251.6694789,0.063170758,x
2015,2,1799.941162,8.306186209,202.8295025,0.072191129,x
2015,2,1799.923462,9.153947193,195.4609473,0.076483248,x
2015,2,1799.910156,8.563836535,199.6585883,0.073074252,x
2015,2,1799.824829,7.395899961,213.2980122,0.068072831,x
2015,2,1799.823364,6.797255472,219.7364048,0.064906651,x
2015,2,1799.794556,8.788642154,209.8006106,0.079500635,x
2015,2,1799.759399,6.684017266,227.9891199,0.067314755,x
2015,2,1799.658447,7.432895698,207.3787619,0.065991513,x
2015,2,1799.613892,11.62743931,166.3900326,0.084462914,x
2015,2,1799.598755,10.73706191,182.2842844,0.084038854,x
2015,2,1799.554077,15.80401316,183.1012672,0.125317937,x
2015,2,1799.485962,12.72992538,180.9552181,0.09933634,x
2015,2,1799.427002,13.50722284,158.2996377,0.09483417,x
2015,2,1799.410889,9.94946804,209.6991602,0.090195465,x
2015,2,1799.350098,16.79176787,158.0336132,0.118381407,x
2015,2,1799.329468,18.08550321,171.1931614,0.135735763,x
2015,2,1799.328979,16.29138784,192.8990585,0.136284933,x
2015,2,1799.319214,14.16512974,214.2161855,0.132954234,x
2015,2,1799.266846,16.56495739,178.4123185,0.128274149,x
2015,2,1799.255371,14.10422599,201.8386466,0.123168503,x
2015,2,1799.189453,16.31122898,192.0162052,0.135669854,x
2015,2,1799.174805,11.91612821,204.017947,0.104874689,x
2015,2,1799.173706,16.588646,181.0174103,0.130235341,x
2015,2,1799.1604,13.38480245,201.7274149,0.116696625,x
2015,2,1799.118286,14.26546357,182.3525978,0.112398435,x
2015,2,1799.111206,12.54418945,198.56665,0.107292254,x
2015,2,1799.095581,13.73636605,195.9893419,0.115928368,x
2015,2,1799.035278,16.75993574,191.2056643,0.138982634,x
2015,2,1799.015259,17.04989009,191.7301823,0.141666055,x
2015,2,1799.007813,18.13226091,176.074038,0.139376077,x
2015,2,1798.820435,17.80410752,182.5360162,0.141496219,x
2015,2,1798.799927,16.45277311,199.2904507,0.142442469,x
2015,2,1798.779663,16.07331967,200.8096053,0.140121798,x
2015,2,1798.706665,17.35209701,188.3706575,0.141861494,
2015,2,1098.682495,15.17724044,223.490497,0.149238324,
2015,2,499.5036316,12.13980256,257.6735084,0.148542488,
2015,2,300.049408,10.63383898,260.7698568,0.132042747,
2015,2,148.1244354,6.61958445,300.6726108,0.11659779,
2015,2,50.43980026,1.605088157,362.7446528,0.084219793,
2015,2,50.43980026,1.605088157,362.7446528,0.084219793,
2015,3,1799.650391,26.71713968,221.6333534,0.263873907,
2015,3,1100.554077,23.12869689,251.6341501,0.275826673,
2015,3,502.0586243,17.22135105,286.2400253,0.267799147,
2015,3,298.5489807,10.772822,326.4887657,0.266163147,
2015,3,150.9830627,7.660693567,345.5819907,0.256733633,
2015,3,51.40630341,0.809366754,390.3739167,0.25232128,
2015,3,51.40630341,0.809366754,390.3739167,0.25232128,
2016,1,1802.712402,18.88163667,61.09660347,0.093760907,
2016,1,1099.869995,18.42053832,69.17434097,0.093245263,
2016,1,499.1898193,15.43346788,113.5155366,0.090119739,
2016,1,300.1070251,12.74354977,123.5243301,0.076664133,
2016,1,151.5904999,8.162588919,211.0075418,0.07226077,
2016,1,51.61768723,3.583176393,313.4658083,0.071199021,
2016,1,51.61768723,3.583176393,313.4658083,0.071199021,
2016,2,1800.472046,18.55849903,144.5199021,0.123441853,
2016,2,1099.576904,17.03219908,186.7042268,0.136315463,
2016,2,498.1868286,15.73715114,213.516184,0.143877413,
2016,2,299.1109009,12.44982947,249.0571385,0.141506613,
2016,2,149.1045837,6.185297859,312.3832823,0.124054223,
2016,2,48.92554474,0.353562134,388.7001417,0.097897925,
2016,2,48.92554474,0.353562134,388.7001417,0.097897925,
2016,3,1800.11438,19.25354468,NA,0.213168703,
2016,3,1099.506714,18.27229016,NA,0.222399836,
2016,3,499.9701538,13.41225986,NA,0.231749299,
2016,3,301.3186646,9.791649121,NA,0.222079678,
2016,3,148.4308472,5.818960282,NA,0.21319116,
2016,3,49.46275711,1.560679358,NA,0.213854653,
2016,3,49.46275711,1.560679358,NA,0.213854653,
2017,1,1799.509399,14.33444141,212.9559684,0.136164483,
2017,1,1098.218994,12.92848451,235.3815894,0.139560964,
2017,1,501.3985901,10.50831235,268.167617,0.142539761,
2017,1,299.7123108,8.578815189,291.1879211,0.141668313,
2017,1,150.6651154,4.561923907,335.2129497,0.132824242,
2017,1,51.05228806,0.686571595,384.067343,0.129566201,
2017,1,51.05228806,0.686571595,384.067343,0.129566201,
2017,2,148.4732971,43.36315581,327.1520553,1.165215164,x
2017,2,49.84905243,17.65325435,356.4140026,0.84551989,x
2017,2,49.84905243,17.65325435,356.4140026,0.84551989,x
2017,3,1799.013794,20.31667286,216.6717184,0.196053781,
2017,3,1101.435181,17.28806006,247.0069174,0.200102945,
2017,3,498.5730591,14.03525892,272.6946828,0.196398245,
2017,3,301.0151367,9.943377097,303.4484714,0.187040523,
2017,3,151.4965363,7.077004053,325.1510866,0.17379848,
2017,3,50.97654724,1.1459796,380.3669663,0.157745174,
2017,3,50.97654724,1.1459796,380.3669663,0.157745174,
2018,2,1799.106201,18.73587112,232.6120716,0.200189229,
2018,2,1101.876831,18.65479908,236.8109391,0.202575437,
2018,2,499.2537231,15.80180415,254.3545183,0.191203771,
2018,2,299.9051514,12.75065823,276.3175607,0.182184013,
2018,2,149.5261536,8.288838779,311.2609465,0.16654932,
2018,2,48.80174637,2.359774273,368.2826733,0.147152091,
2018,2,48.80174637,2.359774273,368.2826733,0.147152091,
2018,3,1797.790161,23.62722887,246.4526045,0.279191256,
2018,3,1101.033081,22.50468518,266.455092,0.307193833,
2018,3,498.1464233,18.19136507,296.458146,0.322156976,
2018,3,301.028595,15.06155525,313.0529762,0.31826783,
2018,3,150.8609772,8.34691491,349.0477325,0.310713279,
2018,3,49.9255867,1.675623524,385.5529191,0.279818541,
2018,3,49.9255867,1.675623524,385.5529191,0.279818541,
2019,1,1801.141357,13.3392897,221.2889313,0.13357794,
2019,1,1099.955078,16.27084587,192.8483807,0.13703204,
2019,1,499.2635803,10.08081036,272.7463917,0.143100797,
2019,1,298.5712891,13.96871547,220.1214491,0.135462139,
2019,1,148.7918854,0.305858585,380.5785164,0.123959866,
2019,1,50.22358704,-7.999117048,506.1300389,0.107451617,
2019,1,50.22358704,-7.999117048,506.1300389,0.107451617,
2019,2,1798.301636,24.05534207,179.7372059,0.19153141,
2019,2,1101.192383,22.88033006,199.9094764,0.200323972,
2019,2,500.1114502,19.59917675,231.6376302,0.203996546,
2019,2,301.785553,14.33591929,273.6980798,0.202125046,
2019,2,150.3252106,7.885733485,321.3355492,0.185170738,
2019,2,51.29384995,2.838176829,362.382219,0.155814657,
2019,2,51.29384995,2.838176829,362.382219,0.155814657,
2019,3,1799.294678,17.67940198,229.4626296,0.183654256,
2019,3,1100.217773,17.54063518,232.7726287,0.184340132,
2019,3,498.1716309,13.54182291,269.2916571,0.183838671,
2019,3,299.1726685,12.90343438,272.1987914,0.178255652,
2019,3,151.4571381,7.375986473,317.2880783,0.162398545,
2019,3,50.30916977,3.880104678,346.1268093,0.137384118,
2019,3,50.30916977,3.880104678,346.1268093,0.137384118,
2020,1,1797.963745,15.28909127,258.0148227,0.195444649,
2020,1,1100.629028,14.67468068,264.4593685,0.194761259,
2020,1,499.1288147,11.89446744,286.8304206,0.188895313,
2020,1,300.8554382,10.51027439,295.4044624,0.179888285,
2020,1,149.567337,6.88588841,321.476548,0.157836491,
2020,1,50.3077507,3.389656929,353.7242226,0.13639621,
2020,1,50.3077507,3.389656929,353.7242226,0.13639621,
2020,2,1800,15.19473503,205.41837,0.136347109,
2020,2,1100,15.09668057,212.9739218,0.139968296,
2020,2,500,12.9906688,226.6317674,0.128476448,
2020,2,300,11.45387924,222.5887461,0.109380442,
2020,2,150,7.222945433,270.7777455,0.095155534,
2020,2,50,1.963150366,360.0005222,0.090559904,
2020,2,50,1.963150366,360.0005222,0.090559904,
2020,3,1800,27.05881582,256.4814227,0.347717963,
2020,3,1100,26.11186713,268.1162782,0.364006023,
2020,3,500,23.01338187,283.0377319,0.360738393,
2020,3,300,18.04720404,305.5752996,0.353145496,
2020,3,150,11.81285024,333.5635744,0.333050109,
2020,3,50,5.410227857,364.8278381,0.299632854,
2020,3,50,5.410227857,364.8278381,0.299632854,
2022,1,1800.949707,20.11669779,168.8104669,0.151011977,
2022,1,1101.758057,19.08510162,189.9882238,0.157327629,
2022,1,498.0658569,14.60310994,239.5589807,0.158269901,
2022,1,300.1849365,10.77696154,267.151392,0.141336369,
2022,1,150.4443512,6.778112864,304.529226,0.124482275,
2022,1,49.61605835,1.517654258,368.9689083,0.099182184,
2022,1,49.61605835,1.517654258,368.9689083,0.099182184,
2022,2,1799.493408,25.71414234,201.1420596,0.231065579,
2022,2,1101.002441,23.31659655,228.1744439,0.243428937,
2022,2,499.4705505,18.24659174,268.4033785,0.250495979,
2022,2,299.8532715,12.76083695,300.5440225,0.234804511,
2022,2,151.2565155,6.552357202,341.1993948,0.212753144,
2022,2,51.50745773,0.97485856,383.8259804,0.175412096,
2022,2,51.50745773,0.97485856,383.8259804,0.175412096,
2022,3,1801.661621,31.87696716,247.5564588,0.389730243,
2022,3,1098.678711,27.49731109,272.775983,0.405958238,
2022,3,501.8243713,20.44303383,308.5821386,0.42668535,
2022,3,301.4727478,14.25721121,335.3476455,0.42780634,
2022,3,148.8043671,7.751440233,362.403272,0.422002853,
2022,3,50.67056274,1.532726458,388.9021627,0.417669663,
2022,3,50.67056274,1.532726458,388.9021627,0.417669663,
2023,1,1799.289551,24.96612078,263.9466224,0.327772422,
2023,1,1098.805542,20.53763758,289.3432314,0.332476765,
2023,1,499.9076538,17.93325616,302.8775105,0.32692836,
2023,1,300.943573,13.32990097,318.7375172,0.289304785,
2023,1,148.9392548,7.019386845,351.449092,0.260550333,
2023,1,50.82877731,3.276176036,375.0203598,0.244344358,
2023,1,50.82877731,3.276176036,375.0203598,0.244344358,
2023,2,NA,-1.662027209,490.5761285,0.025912486,
2023,2,NA,1.381655465,244.2279904,0.014900992,
2023,2,NA,2.002768536,132.9684094,0.012240059,
2023,2,NA,-0.788105267,461.5428604,0.018368016,
2023,2,NA,-1.431213879,647.9475946,0.008946764,
2023,2,NA,-3.347600809,847.4756513,0.011735801,
2023,2,NA,-3.347600809,847.4756513,0.011735801,
2023,3,1800.607544,11.70731674,250.4400196,0.135237045,
2023,3,1099.479126,12.26485396,257.6149087,0.148062605,
2023,3,499.7108459,9.864570785,294.8979574,0.162927224,
2023,3,300.4737244,7.74829228,311.7593236,0.153108084,
2023,3,148.0554962,4.211140017,348.8983669,0.149463191,
2023,3,48.68949127,-1.02628004,407.0811684,0.140877025,
2023,3,48.68949127,-1.02628004,407.0811684,0.140877025,
2024,1,1800.884521,3.547553416,269.5429607,0.048480327,
2024,1,1098.56958,3.009767459,282.6847513,0.045377798,
2024,1,501.5050659,-0.716878034,412.5849903,0.050527541,x
2024,1,299.8170166,0.355247985,378.7513825,0.047119644,
2024,1,150.6855316,-0.46308273,407.4632163,0.04523497,
2024,1,51.1791687,-0.82250607,423.7064748,0.041112707,
2024,1,51.1791687,-0.82250607,423.7064748,0.041112707,
2024,2,1802.365601,6.580686091,293.8562591,0.112414052,
2024,2,1099.376709,6.05816727,302.7603546,0.113063629,
2024,2,501.701355,4.522461027,328.1627577,0.117404666,
2024,2,298.2016602,4.777939319,324.9514722,0.117031511,x
2024,2,147.024231,4.727402926,330.1935641,0.125563968,x
2024,2,49.79563522,1.319459039,373.0745324,0.116528565,
2024,2,49.79563522,1.319459039,373.0745324,0.116528565,
2024,3,1801.05188,25.01877771,239.3919243,0.278798251,
2024,3,1098.459351,24.89003907,250.0531094,0.296152886,
2024,3,499.1366577,18.2847536,290.0007868,0.301719906,
2024,3,299.7183838,15.311161,305.9706255,0.296739404,
2024,3,151.7230682,6.892948155,350.0802959,0.269407145,
2024,3,50.34641647,2.375935865,376.3934138,0.234429067,
2024,3,50.34641647,2.375935865,376.3934138,0.234429067,
2025,3,1799.453125,30.0493187,205.6391381,0.27774833,
2025,3,1099.805908,26.71844078,233.8045924,0.289231297,
2025,3,499.8938293,23.08490255,258.2718799,0.292555653,
2025,3,300.2651672,15.59643933,300.5658777,0.287473345,
2025,3,148.1357422,8.840783765,339.0325944,0.275168489,
2025,3,50.70810318,2.484306007,377.823149,0.258112122,
2025,3,50.70810318,2.484306007,377.823149,0.258112122,
2026,1,1798.93457,21.43556189,233.2424138,0.230044856,
2026,1,1099.493408,20.30323903,245.9278554,0.235562314,
2026,1,501.1863708,14.25398883,288.9897223,0.233026472,
2026,1,298.2471619,9.267527599,324.5067936,0.22914527,
2026,1,150.8009186,3.977867938,361.5451636,0.212070743,
2026,1,51.18517685,0.450522426,389.3989437,0.200627377,
2026,1,51.18517685,0.450522426,389.3989437,0.200627377,
2026,2,1798.574585,24.4119589,218.1871279,0.240092609,
2026,2,1100.115479,22.27253055,245.7083726,0.259315415,
2026,2,501.0906982,16.64386098,287.4907002,0.268754498,
2026,2,298.1771545,11.26434922,321.1158223,0.266731577,
2026,2,150.5538635,6.268502423,353.6372639,0.266061768,
2026,2,51.08352661,0.260683372,391.7256632,0.236656649,
2026,2,51.08352661,0.260683372,391.7256632,0.236656649,
2026,3,1801.707397,27.73716965,254.4137181,0.347884806,
2026,3,1098.370605,24.33236445,271.4298918,0.345456579,
2026,3,501.5320129,18.26959028,299.4197541,0.332630034,
2026,3,301.8036499,15.21733463,310.1316001,0.308537068,
2026,3,149.2131805,7.177476811,352.0389898,0.289207909,
2026,3,50.99861526,-0.206713109,395.728394,0.249781285,
2026,3,50.99861526,-0.206713109,395.728394,0.249781285,
2027,1,1800.270508,22.23959125,263.6821273,0.298856843,
2027,1,1100.05957,18.41836722,293.4943207,0.321422728,
2027,1,500.2378235,14.51164807,317.8021475,0.330207787,
2027,1,300.513855,10.75450462,339.0775138,0.337673555,
2027,1,148.2975464,5.299807123,366.5953311,0.326512663,
2027,1,50.5353508,1.320741304,387.8552836,0.325738067,
2027,1,50.5353508,1.320741304,387.8552836,0.325738067,
2027,2,1798.24292,5.165326113,-187.0970705,0.014204941,
2027,2,1097.084595,5.393828583,-1042.636854,0.00595694,
2027,2,500.414032,5.29458606,2568.847275,-0.003847472,
2027,2,297.4967346,4.921649858,1495.521328,-0.007059312,
2027,2,152.8088684,3.985617937,763.5803447,-0.016991155,
2027,2,49.84804535,3.175280365,567.9230079,-0.028679344,
2027,2,49.84804535,3.175280365,567.9230079,-0.028679344,
2027,3,1800.134766,14.1152042,243.3387873,0.159563953,
2027,3,1102.038452,12.03438039,270.8117883,0.165952145,
2027,3,498.7180786,10.71743062,288.8212844,0.17137835,
2027,3,299.5723877,7.287653742,322.7985174,0.17265231,
2027,3,151.5863037,3.773470445,356.2022135,0.16847408,
2027,3,50.31568909,1.45518049,378.7876334,0.1619871,
2027,3,50.31568909,1.45518049,378.7876334,0.1619871,
2028,1,1800.982544,24.08968813,315.2357435,0.557740779,
2028,1,1099.064697,22.62402761,313.5971838,0.50341625,
2028,1,498.6998901,15.46788653,333.76461,0.451521338,
2028,1,300.4718933,10.61419808,352.6554068,0.439024087,
2028,1,149.0911865,5.609689603,372.0386503,0.416844663,
2028,1,50.25816345,0.336138774,394.2986961,0.386213305,
2028,1,50.25816345,0.336138774,394.2986961,0.386213305,
2028,2,1799.414429,24.76247738,238.6358495,0.281715464,
2028,2,1101.592529,22.19755183,255.8333649,0.282402774,
2028,2,499.1547852,15.2800427,296.010925,0.272332054,
2028,2,300.9139404,10.41049987,325.1119081,0.262183766,
2028,2,151.3488922,4.67156687,362.4607682,0.256996206,
2028,2,51.62418365,-0.034376518,394.2294917,0.239042034,
2028,2,51.62418365,-0.034376518,394.2294917,0.239042034,
2028,3,1800.559937,25.80518068,224.2634336,0.264529412,
2028,3,1101.484009,22.63802415,251.3802649,0.275616474,
2028,3,498.6635742,16.80451407,285.6340547,0.266900303,
2028,3,299.3579407,12.47539223,307.2863257,0.245504509,
2028,3,151.7242584,6.982443358,340.2642424,0.219520411,
2028,3,50.31968689,1.801155112,378.1185888,0.188715494,
2028,3,50.31968689,1.801155112,378.1185888,0.188715494,
2030,2,1799.914551,31.61455542,219.7686488,0.325379925,
2030,2,1097.984497,28.09611154,246.8220512,0.343444465,
2030,2,500.8327026,21.70130536,286.3948921,0.362493357,
2030,2,297.6088867,15.88027877,315.8234044,0.365233268,
2030,2,152.8121185,8.804679654,349.6334729,0.360793291,
2030,2,49.56537628,3.844240191,374.1652323,0.351889774,
2030,2,49.56537628,3.844240191,374.1652323,0.351889774,
2030,3,1802.579956,15.31727662,324.2685172,0.376913257,
2030,3,1098.149292,15.67634996,309.0109353,0.311464086,
2030,3,498.1271667,13.07096767,316.4938265,0.280909907,
2030,3,301.5579224,10.69015242,323.2415591,0.248494611,
2030,3,151.1043701,6.17640779,349.7946198,0.22228845,
2030,3,48.9134903,0.85694778,388.927467,0.177972976,
2030,3,48.9134903,0.85694778,388.927467,0.177972976,
2031,1,1796.627808,24.28343379,184.8514387,0.198126538,
2031,1,1098.157959,22.10671514,224.9869924,0.223190926,
2031,1,503.0544739,17.63445786,269.3943491,0.240263523,
2031,1,300.5477905,13.66342024,301.3554706,0.2495212,
2031,1,150.0227966,7.383220989,343.3719861,0.243879918,
2031,1,48.21633148,2.841783351,374.42668,0.233479206,
2031,1,48.21633148,2.841783351,374.42668,0.233479206,
2031,2,1800.571045,17.0281651,257.3604979,0.216989516,
2031,2,1099.202759,16.29472759,273.5087174,0.233704638,
2031,2,500.4989014,14.03346157,295.7628213,0.244014515,
2031,2,300.3231201,10.56801169,321.0391763,0.24678185,
2031,2,151.4886017,5.344361152,357.0095067,0.242742924,
2031,2,51.33901215,1.798351937,381.7899558,0.229713079,
2031,2,51.33901215,1.798351937,381.7899558,0.229713079,
2031,3,1800.535522,14.82387938,245.696117,0.169090041,
2031,3,1100.341675,13.09700132,283.5830008,0.201259698,
2031,3,499.0126038,10.68068031,312.8616977,0.222678582,
2031,3,300.6407471,7.676130716,336.9198991,0.226087543,
2031,3,149.3336639,5.806518972,353.012244,0.234549415,
2031,3,50.38277054,0.00536912,394.9162663,0.229160918,
2031,3,50.38277054,0.00536912,394.9162663,0.229160918,
2032,1,1801.445313,12.88901761,76.79064384,0.066779836,
2032,1,1098.015503,12.09404397,112.1996783,0.070326881,
2032,1,498.3901978,11.21788836,123.9062562,0.067553245,
2032,1,299.5055237,9.070036562,129.3489632,0.055288108,
2032,1,151.4830017,5.081808425,195.7150585,0.041108388,
2032,1,51.77119827,1.546526896,253.4954144,0.017395538,
2032,1,51.77119827,1.546526896,253.4954144,0.017395538,
2032,2,1798.618042,21.92030225,206.8267006,0.201342834,
2032,2,1098.752686,20.07994904,222.9205744,0.19995176,
2032,2,500.4967346,14.28336813,274.9830911,0.204188904,
2032,2,298.760376,12.15763249,293.2553114,0.204007737,
2032,2,147.9025726,6.434124734,338.1659455,0.192014934,
2032,2,49.50100708,1.720354267,377.4006477,0.164917667,
2032,2,49.50100708,1.720354267,377.4006477,0.164917667,
2032,3,1800.085083,7.771353728,164.1286859,0.05661408,
2032,3,1101.689453,7.098383953,183.1435868,0.056194368,
2032,3,499.1065063,7.006563244,176.6807644,0.053228447,
2032,3,301.0462952,6.650328013,161.2829385,0.046893206,
2032,3,151.7046204,3.706868349,237.3591081,0.039161908,
2032,3,51.61769485,1.912718546,279.0116644,0.027701222,
2032,3,51.61769485,1.912718546,279.0116644,0.027701222,
2033,1,1798.634521,4.613592855,126.8977389,0.028022121,
2033,1,1101.880737,5.147136748,82.97003384,0.026608731,
2033,1,501.4346313,2.09964349,241.1847005,0.022210538,x
2033,1,298.6871948,2.520262967,217.6501964,0.022971308,
2033,1,148.8765411,3.696492907,134.6539408,0.022764344,x
2033,1,48.74725723,0.761472049,291.0326878,0.011812348,
2033,1,48.74725723,0.761472049,291.0326878,0.011812348,
2033,3,1798.540771,4.379199097,143.9605406,0.028469439,
2033,3,1101.142334,4.516248639,118.3231333,0.026434777,
2033,3,500.0862732,5.197930847,41.72100452,0.023630752,
2033,3,301.7904663,4.348613606,96.44654986,0.023379738,
2033,3,151.6589508,2.56934136,179.7254988,0.019189599,
2033,3,49.95710754,0.46799087,341.488536,0.014195166,
2033,3,49.95710754,0.46799087,341.488536,0.014195166,
2034,1,1801.206055,25.11775769,233.6957943,0.267365147,
2034,1,1101.282837,21.20106825,251.1672671,0.251575228,
2034,1,501.5327759,18.33646984,264.5924629,0.237897614,
2034,1,301.3800049,11.92506334,309.2715903,0.234131996,
2034,1,151.2791138,7.599677641,329.2712281,0.193673065,
2034,1,49.6819191,3.180019287,363.6889603,0.166275674,
2034,1,49.6819191,3.180019287,363.6889603,0.166275674,
2034,2,1801.05957,31.02038322,233.2260217,0.332361335,
2034,2,1800.359985,23.44804704,248.8153572,0.276414423,x
2034,2,1101.623169,27.33219762,259.9175909,0.349657779,
2034,2,1101.477661,21.90563859,266.8457342,0.294202606,x
2034,2,500.7331238,20.97176048,298.2672262,0.371868045,
2034,2,499.3744202,17.27547488,302.8485545,0.320767722,x
2034,2,299.8562012,14.34350763,326.0266559,0.35355288,
2034,2,297.9616089,13.69056948,324.7838277,0.333334547,x
2034,2,151.4962769,8.246365396,353.1790699,0.333487026,
2034,2,149.5977173,6.551143424,362.1247761,0.33142844,x
2034,2,51.00247574,1.416933238,388.669206,0.313804154,x
2034,2,51.00247574,1.416933238,388.669206,0.313804154,x
2034,2,49.16934967,2.319653581,383.0883025,0.310293108,
2034,2,49.16934967,2.319653581,383.0883025,0.310293108,
2035,1,1801.090942,0.016202636,385.1980761,0.03880134,x
2035,1,1098.606079,0.3929928,372.4583947,0.039787592,x
2035,1,499.2498474,-0.640434007,414.0848754,0.04272967,x
2035,1,299.9449158,-0.086400243,393.7955974,0.048088992,x
2035,1,151.9721832,-0.847879022,418.2173687,0.050256152,x
2035,1,50.37110519,0.156734554,386.6233416,0.048923861,x
2035,1,50.37110519,0.156734554,386.6233416,0.048923861,x
2035,2,1796.939819,28.30865232,222.3386775,0.293609801,
2035,2,1094.128784,25.6627423,245.9494184,0.308134748,
2035,2,493.73172,17.65851548,298.3500465,0.330279033,
2035,2,294.5036011,11.48551083,330.5334361,0.324057522,
2035,2,191.7406769,6.567646683,354.7152415,0.300742773,
2035,2,191.7406769,6.567646683,354.7152415,0.300742773,
2035,2,191.7229156,6.594223341,356.7934632,0.32163159,
2035,3,1793.94397,22.9981336,243.1498594,0.270294667,
2035,3,1092.869263,20.44690873,268.8865472,0.289730239,
2035,3,493.2126465,13.82678338,313.0733137,0.305626891,
2035,3,294.5267029,9.431681905,338.5227804,0.305265962,
2035,3,191.6096497,5.926713565,354.5973076,0.271163557,
2035,3,191.6096497,5.926713565,354.5973076,0.271163557,
2035,3,191.5923157,5.422241055,360.307376,0.294531938,
2036,1,1798.316162,6.542423488,180.7939069,0.051273349,
2036,1,1098.871948,7.06240837,167.7583103,0.051654303,
2036,1,500.5904846,8.536202327,140.2963295,0.054405207,x
2036,1,300.104248,5.790633974,210.6873441,0.052002989,
2036,1,151.5632629,1.831942223,330.3417846,0.050551057,x
2036,1,51.23320007,1.582241974,327.3725967,0.040370082,
2036,1,51.23320007,1.582241974,327.3725967,0.040370082,
2036,2,1800.051636,16.2452931,286.926017,0.281215518,x
2036,2,1797.381592,27.68687985,226.8568644,0.291664843,
2036,2,1101.096069,15.54829466,298.7749036,0.300276856,x
2036,2,1098.440063,26.67025934,245.8900923,0.316596223,
2036,2,498.3259583,12.48063822,321.0524288,0.315912042,x
2036,2,496.6872253,20.69509545,285.4430117,0.335310429,
2036,2,301.319458,14.32633647,318.5197761,0.337735769,
2036,2,300.2460632,9.086961858,341.3245885,0.320101213,x
2036,2,150.9051819,4.657215888,365.6944606,0.312282624,x
2036,2,150.4991608,9.013554829,343.6175829,0.315046366,
2036,2,51.09632874,0.241699223,390.8998084,0.287003433,x
2036,2,51.09632874,0.241699223,390.8998084,0.287003433,x
2036,2,48.55252457,1.60127498,382.6203721,0.28858639,
2036,2,48.55252457,1.60127498,382.6203721,0.28858639,
2038,1,1799.613403,27.19284073,208.1315285,0.253053147,
2038,1,1097.927246,25.06098403,235.2099264,0.27241563,
2038,1,499.3344421,19.13690633,283.7588653,0.298895207,
2038,1,299.2628174,13.95173734,317.1614091,0.309382689,
2038,1,152.133194,6.460533264,360.452222,0.31994648,
2038,1,47.29001999,1.838136992,386.1797294,0.317292557,
2038,1,47.29001999,1.838136992,386.1797294,0.317292557,
2038,2,1795.774048,7.888720109,189.5241431,0.064487913,
2038,2,1093.005859,8.094797331,207.5117469,0.072185311,
2038,2,493.3476563,8.1884047,219.8005753,0.077708738,
2038,2,294.5822449,6.878489545,253.0699458,0.080951806,
2038,2,191.9797821,5.439230216,282.8451641,0.081556638,
2038,2,191.805603,4.606724802,292.061332,0.075469665,
2038,2,191.805603,4.606724802,292.061332,0.075469665,
2038,3,1798.639893,17.80357654,215.3852581,0.167746716,
2038,3,1098.973633,15.91655348,245.2931845,0.179927612,
2038,3,500.7599792,13.65983654,278.9719765,0.198825959,
2038,3,298.6751404,11.63219914,296.8193786,0.198977994,
2038,3,148.1523285,8.053418346,331.4753549,0.21180765,
2038,3,49.51602173,1.969727032,379.8003511,0.211765915,
2038,3,49.51602173,1.969727032,379.8003511,0.211765915,
2039,1,1800,16.03276531,226.1273197,0.162126934,
2039,1,1100,19.34268198,209.8420256,0.175980805,
2039,1,500,14.81604998,244.9017528,0.16616435,
2039,1,300,10.63815038,267.2640403,0.139529625,
2039,1,150,6.331786272,291.2880527,0.102077731,
2039,1,50,1.02242392,365.395901,0.062625948,
2039,1,50,1.02242392,365.395901,0.062625948,
2039,2,1798.899414,21.46508986,240.2702345,0.24173446,
2039,2,1099.189087,20.05500666,258.132887,0.253446134,
2039,2,501.3493652,15.68612024,288.5435741,0.254644081,
2039,2,299.6382141,9.840912105,321.0574106,0.229645247,
2039,2,149.0678558,4.755645532,351.3265322,0.190327737,
2039,2,50.680336,0.67734331,385.8975952,0.143420491,
2039,2,50.680336,0.67734331,385.8975952,0.143420491,
2039,3,1798.608276,8.993950398,112.5172939,0.052048884,
2039,3,1100.534912,8.406302742,128.367033,0.0513213,
2039,3,498.1850891,6.871796347,162.4162958,0.047894582,
2039,3,300.5662231,5.619945411,164.4553429,0.039370741,
2039,3,150.5139618,4.188701009,160.7496964,0.028697065,
2039,3,49.58018875,1.746214437,184.7563798,0.013278195,
2039,3,49.58018875,1.746214437,184.7563798,0.013278195,
2040,1,1798.217285,14.34796096,157.5907526,0.099213655,
2040,1,1101.71582,12.75922022,144.4458499,0.082910578,
2040,1,500.0762329,9.916747518,146.7035444,0.064620149,
2040,1,298.4905701,8.112970116,126.6077022,0.048627113,
2040,1,148.1747742,4.338230111,119.527696,0.025223254,
2040,1,49.70726395,0.4089493,489.5300094,-0.006859888,
2040,1,49.70726395,0.4089493,489.5300094,-0.006859888,
2040,2,1803.188477,17.11823278,107.3992161,0.098504323,
2040,2,1099.470337,15.49274697,116.7343265,0.091643379,
2040,2,501.3136902,14.21630824,112.9438826,0.082343585,
2040,2,297.3256531,12.3703823,82.1045765,0.064158986,
2040,2,152.2277985,8.641921458,59.32279124,0.041467051,
2040,2,49.38892746,4.631835458,-1109.97724,0.00489655,
2040,2,49.38892746,4.631835458,-1109.97724,0.00489655,
2040,3,1800.326904,26.06926554,203.3989489,0.235935034,
2040,3,1099.422363,23.34159998,230.0838922,0.245165821,
2040,3,501.5764771,17.19434803,274.8763387,0.248548672,
2040,3,299.6496887,14.00756743,292.1319676,0.23455353,
2040,3,150.2505188,8.597821618,327.4615967,0.21855846,
2040,3,49.52496338,3.341253407,363.4001038,0.183122982,
2040,3,49.52496338,3.341253407,363.4001038,0.183122982,
2041,1,1799.365601,19.4803993,258.0502238,0.24849339,
2041,1,1101.688843,17.99428095,273.0459703,0.256488686,
2041,1,498.950531,14.53075037,297.709043,0.257630435,
2041,1,298.2799072,11.49062478,316.5839431,0.251185789,
2041,1,149.3679047,5.826719003,354.1427024,0.243481328,
2041,1,51.07408142,1.671808977,383.0217641,0.230520115,
2041,1,51.07408142,1.671808977,383.0217641,0.230520115,
2041,2,1800.691528,5.329104009,185.8879138,0.042017233,
2041,2,1800.643555,5.480701512,174.7476481,0.040975205,
2041,2,1100.190552,5.352639408,182.2876524,0.041107002,
2041,2,498.0257568,6.590552166,152.1745478,0.043949386,x
2041,2,301.9215698,4.829069803,204.1002168,0.04094584,
2041,2,149.1354065,3.782531112,246.1257412,0.041110195,
2041,2,50.9732132,1.460821797,333.0689968,0.038349469,
2041,3,1799.821655,19.53827773,244.9489552,0.223536743,
2041,3,1100.008667,17.80133089,274.5250886,0.253409852,
2041,3,502.339447,13.81926757,309.1035027,0.274371104,
2041,3,296.585022,10.80239306,330.8424845,0.285198907,
2041,3,150.3193512,6.33502916,357.8320235,0.282682196,
2041,3,51.59621811,1.137846263,389.5855911,0.282527155,
2041,3,51.59621811,1.137846263,389.5855911,0.282527155,
2042,1,1799.074707,16.07843182,188.5771516,0.131342296,
2042,1,1098.592773,15.74775622,200.7610549,0.13609287,
2042,1,501.7245789,13.61137871,222.5405261,0.131815897,
2042,1,300.0141907,10.81053301,253.2804036,0.127377094,
2042,1,150.9782104,6.714523932,303.9703546,0.123526778,
2042,1,51.39657593,1.311777855,372.2207138,0.103326424,
2042,1,51.39657593,1.311777855,372.2207138,0.103326424,
2042,2,1800.492676,26.96651246,271.4179451,0.386357018,
2042,2,1101.324097,25.679032,272.1535851,0.364191845,
2042,2,497.3827209,17.75440285,305.2778173,0.342156041,
2042,2,297.8208313,13.5034456,324.7245078,0.327466014,
2042,2,151.4428711,7.573741262,354.7226178,0.31589069,
2042,2,47.12973785,1.298216908,388.557013,0.299396423,
2042,2,47.12973785,1.298216908,388.557013,0.299396423,
2042,3,1801.129761,11.02077513,206.3202023,0.098183899,
2042,3,1098.365356,12.356848,189.3461739,0.09953904,
2042,3,501.6135559,9.672958846,251.8425702,0.112674804,
2042,3,299.8841553,7.093586774,268.5952234,0.093559239,
2042,3,151.0237274,3.146102918,344.9321867,0.108144052,
2042,3,51.12925339,1.001017158,371.8837768,0.077654923,
2042,3,51.12925339,1.001017158,371.8837768,0.077654923,
2043,1,1800.907471,36.14151548,131.5910738,0.230351117,
2043,1,1101.070435,32.62664664,167.9109993,0.240501704,
2043,1,498.4258118,23.35804689,218.9868655,0.220464044,
2043,1,302.3305969,19.36574756,245.7219603,0.214401814,
2043,1,151.2424622,13.51245704,278.9551342,0.190028348,
2043,1,48.91127777,6.720069456,337.0060052,0.186203184,
2043,1,48.91127777,6.720069456,337.0060052,0.186203184,
2043,2,1798.958862,24.26012757,226.7698371,0.249028842,
2043,2,1098.244141,22.6890635,241.2157078,0.25252762,
2043,2,501.5892334,17.66125385,276.8368355,0.253719122,
2043,2,299.557312,12.64853593,307.6759836,0.24585904,
2043,2,150.5718384,7.236626672,342.0072107,0.228789929,
2043,2,50.94402695,2.638938381,375.6109098,0.221317547,
2043,2,50.94402695,2.638938381,375.6109098,0.221317547,
2043,3,1800.080078,19.52549536,240.3733119,0.236049204,
2043,3,1099.140869,19.43360368,250.0394019,0.249052124,
2043,3,499.8825378,16.12728699,276.7395816,0.25264595,
2043,3,301.8360596,11.31106654,306.3831165,0.23848596,
2043,3,150.4584656,8.785797997,318.4121299,0.212607977,
2043,3,49.95012283,3.749891734,354.0153901,0.177577716,
2043,3,49.95012283,3.749891734,354.0153901,0.177577716,
2044,1,1798.854492,20.66506457,81.11793213,0.108914361,
2044,1,1098.278076,17.78257129,84.3162449,0.094083187,
2044,1,501.6550293,13.59714718,84.22757314,0.071284739,
2044,1,301.1189575,10.26389905,78.78865995,0.052557862,
2044,1,149.634552,5.501161044,112.9560226,0.031381767,
2044,1,48.70874405,1.262232453,-170.7373412,0.003552859,
2044,1,48.70874405,1.262232453,-170.7373412,0.003552859,
2044,2,1798.104126,26.24393531,196.1288716,0.234518832,
2044,2,1099.251953,23.96820168,232.735352,0.263486716,
2044,2,497.4973755,17.50388343,288.1176922,0.294225933,
2044,2,301.4320984,12.22888294,323.0162022,0.306475223,
2044,2,150.6422272,6.193710792,358.330531,0.310613761,
2044,2,48.78877258,1.439025799,386.2029323,0.306850589,
2044,2,48.78877258,1.439025799,386.2029323,0.306850589,
2044,3,1801.633057,31.02306562,215.9367032,0.312519713,
2044,3,1100.096313,27.7038591,247.7371837,0.340471371,
2044,3,498.9327087,20.33567331,295.7192847,0.371529403,
2044,3,299.4249268,13.51583279,330.1135218,0.378119485,
2044,3,151.0721893,7.187848474,360.7605881,0.378312683,
2044,3,51.1117363,0.995703834,390.0963287,0.364605637,
2044,3,51.1117363,0.995703834,390.0963287,0.364605637,
2045,1,1800.361938,21.23036944,195.2646674,0.180213491,
2045,1,1099.077026,19.43851219,204.6582798,0.171793519,
2045,1,500.0525818,14.62119332,240.3901028,0.158183677,
2045,1,300.0007629,11.31892641,265.6911537,0.145447181,
2045,1,148.9970703,6.713416796,314.4161832,0.138088842,
2045,1,48.19829559,1.550562815,373.9307247,0.123185145,
2045,1,48.19829559,1.550562815,373.9307247,0.123185145,
2045,2,1798.223877,13.5169075,207.3713041,0.123234859,
2045,2,1098.790894,12.44478943,227.999838,0.126913576,
2045,2,501.6388245,10.45174481,259.9382776,0.131534284,
2045,2,298.7161865,7.952493575,288.3398291,0.127142174,
2045,2,151.2567902,5.336847827,316.8955938,0.116715752,
2045,2,50.16811752,2.949997613,342.7598762,0.097331256,
2045,2,50.16811752,2.949997613,342.7598762,0.097331256,
2045,3,1798.151733,24.08394832,73.62685913,0.126233766,
2045,3,1100.927368,22.77295623,121.6989305,0.140657971,
2045,3,499.6465759,18.42907255,178.6776668,0.143419312,
2045,3,300.1968994,13.51094952,234.1055223,0.141384515,
2045,3,150.6305847,7.790521138,299.746796,0.137254776,
2045,3,49.48606491,3.350978302,352.0762767,0.129833779,
2045,3,49.48606491,3.350978302,352.0762767,0.129833779,
2046,1,1800,11.36289494,174.2470119,0.085714719,
2046,1,1100,9.456840472,206.9783979,0.083507354,
2046,1,500,9.721369307,200.0717372,0.081959045,
2046,1,300,8.414883486,216.6133201,0.077374008,
2046,1,150,5.763786077,268.5378611,0.074690764,
2046,1,50,1.403908735,363.3593526,0.075049417,
2046,1,50,1.403908735,363.3593526,0.075049417,
2046,2,1801.341553,10.8354231,229.801412,0.110299024,
2046,2,1100.004639,10.35482894,233.7729622,0.107265708,
2046,2,498.8502502,9.135683225,248.6082162,0.103872378,
2046,2,300.8292236,7.539218906,263.9394414,0.095517311,
2046,2,148.4799652,6.329856683,281.4330533,0.092721098,
2046,2,50.82966995,2.756639258,337.7766902,0.082677215,
2046,2,50.82966995,2.756639258,337.7766902,0.082677215,
2046,3,1798.905396,13.55611936,216.0915258,0.127402343,
2046,3,1100.499268,11.88256576,221.9266165,0.114875352,
2046,3,500.4250793,10.61732351,223.6832903,0.102850742,
2046,3,298.9662781,7.881205028,253.3903778,0.09250651,
2046,3,150.2518768,5.278628525,287.1107669,0.081401274,
2046,3,48.56919479,2.481411108,335.332662,0.070099144,
2046,3,48.56919479,2.481411108,335.332662,0.070099144,
2047,1,1801.778687,25.61338547,225.8506522,0.265770071,
2047,1,1100.174072,23.86697073,252.8403465,0.294829719,
2047,1,499.3928528,18.1673552,298.4002125,0.331203145,
2047,1,301.0628967,13.32289233,325.1151586,0.335696434,
2047,1,149.7210083,7.465450861,355.7566134,0.330694982,
2047,1,50.44996262,1.380428797,387.2920874,0.300913874,
2047,1,50.44996262,1.380428797,387.2920874,0.300913874,
2047,2,1799.501831,33.79276467,243.7311687,0.39455811,
2047,2,1101.426392,29.81142232,260.3483273,0.387784809,
2047,2,500.4917297,23.49213218,283.5560423,0.365985806,
2047,2,300.7557678,19.7023301,294.923904,0.338439838,
2047,2,148.3721161,12.35810578,329.8980246,0.322283098,
2047,2,50.73649597,5.50860543,364.9167989,0.305823334,
2047,2,50.73649597,5.50860543,364.9167989,0.305823334,
2047,3,1799.032104,31.47852307,239.2753998,0.352880773,
2047,3,1098.207153,29.85035972,257.7189335,0.378530464,
2047,3,499.6187439,20.09110693,310.8802225,0.420793366,
2047,3,302.1317139,13.36774924,339.4154703,0.427580996,
2047,3,149.9940948,4.023859328,376.8343877,0.429010149,
2047,3,51.47640991,-0.954865837,396.8751255,0.413275029,
2047,3,51.47640991,-0.954865837,396.8751255,0.413275029,
2048,1,1801.109497,1.729819832,258.5780885,0.021508007,
2048,1,1099.930664,2.594135627,187.5968096,0.020489011,x
2048,1,498.2098999,1.541735063,265.019724,0.019519823,
2048,1,299.3959351,1.229928003,292.6474278,0.019858425,
2048,1,151.6500702,1.091662501,298.5345398,0.018587621,
2048,1,50.52501297,0.877926795,312.4560802,0.017445104,
2048,1,50.52501297,0.877926795,312.4560802,0.017445104,
2048,2,1801.970581,15.68455926,239.765542,0.171891482,
2048,2,1801.935913,14.5152425,249.5976616,0.170264726,x
2048,2,1103.042114,14.06666075,266.5662922,0.185694656,
2048,2,502.765625,11.98097917,295.5221585,0.203032249,
2048,2,298.5930176,8.285347036,323.6668097,0.196468924,
2048,2,146.9139862,6.695864655,338.2324339,0.196718058,
2048,2,50.11655426,2.222129949,375.4237582,0.189070459,
2048,3,1802.933228,10.29979139,331.9270403,0.288971411,
2048,3,1098.994629,8.962897406,349.6513276,0.346434473,
2048,3,502.2331543,5.3703546,375.3405588,0.454234983,
2048,3,303.2250977,3.331190778,385.1307268,0.511944912,
2048,3,149.8378601,-0.964163857,400.032965,0.569322332,
2048,3,51.29104614,-4.807070939,412.1754789,0.598560253,
2048,3,51.29104614,-4.807070939,412.1754789,0.598560253,
2049,1,1800.710938,10.41177953,214.5468963,0.096115224,
2049,1,1100.769409,8.739065365,262.5988433,0.110281418,
2049,1,498.6969604,9.050180622,260.6960604,0.111135912,
2049,1,300.7505493,6.024031351,295.013588,0.099377897,
2049,1,151.3220062,5.010925588,315.4566022,0.103899783,
2049,1,51.65790939,-0.289264143,398.8031812,0.093522929,
2049,1,51.65790939,-0.289264143,398.8031812,0.093522929,
2049,2,1801.384399,5.367757875,NA,0.051523094,
2049,2,1098.433594,4.193025054,NA,0.051149108,
2049,2,501.3601074,3.884283429,NA,0.051248215,
2049,2,300.8614502,2.799704332,NA,0.049635658,
2049,2,149.1389008,1.932253174,NA,0.044332366,
2049,2,48.28568268,1.506719224,NA,0.0409754,
2049,2,48.28568268,1.506719224,NA,0.0409754,
2050,1,1802.29187,12.66366739,130.6742909,0.079755174,
2050,1,1101.855347,12.78130699,153.0165379,0.087589445,
2050,1,500.0864868,10.34751418,223.6994307,0.100659858,
2050,1,301.6673889,8.636016013,250.4005786,0.099288604,
2050,1,149.2922821,5.173497997,296.6490192,0.087076332,
2050,1,51.28118896,1.380399352,359.4689592,0.064634034,
2050,1,51.28118896,1.380399352,359.4689592,0.064634034,
2050,2,1800.336426,12.07109858,206.4312674,0.109750662,
2050,2,1098.147217,10.96150484,236.5247371,0.11852445,
2050,2,500.8983765,8.224888914,281.1565421,0.123987195,
2050,2,302.3613281,5.922783478,313.7425385,0.125760779,
2050,2,151.8106232,3.765331891,343.4883201,0.126300069,
2050,2,49.94919968,0.813441857,383.4728884,0.124886587,
2050,2,49.94919968,0.813441857,383.4728884,0.124886587,
2050,3,1801.175659,11.50414812,211.5541237,0.108580877,
2050,3,1098.349976,10.78038377,229.3558272,0.112032174,
2050,3,500.8457336,8.328728088,272.9282441,0.117314992,
2050,3,302.2783508,5.899503695,308.3807584,0.117911253,
2050,3,151.7867279,3.334647287,344.9038315,0.114879204,
2050,3,49.97779465,0.785021535,382.1007785,0.110543633,
2050,3,49.97779465,0.785021535,382.1007785,0.110543633,
2052,1,1799.229736,20.72911181,219.28736,0.199220523,
2052,1,1101.618774,19.27432617,233.2502854,0.200487359,
2052,1,498.11203,14.14364539,282.9456855,0.212609725,
2052,1,300.0326233,8.974908336,314.3108801,0.187363988,
2052,1,149.9713287,6.043859689,339.8587821,0.182540572,
2052,1,50.91641617,-1.132359398,405.5280027,0.166431127,
2052,1,50.91641617,-1.132359398,405.5280027,0.166431127,
2052,2,1799.031006,9.399032702,341.2464379,0.312741396,
2052,2,1100.459106,11.32792427,324.3029392,0.278907122,
2052,2,499.4831543,7.680908085,338.6038728,0.235634422,
2052,2,301.3808899,5.910421672,349.2580135,0.221513991,
2052,2,149.7024689,3.786568286,362.9816489,0.204420283,
2052,2,50.57517242,1.348154335,382.6783437,0.190719207,
2052,2,50.57517242,1.348154335,382.6783437,0.190719207,
2052,3,1798.904785,7.298441369,224.5290686,0.071501197,
2052,3,1100.812988,6.983961924,244.4928259,0.077092471,
2052,3,499.4518127,7.360846593,252.4110267,0.08496614,
2052,3,300.9772339,6.660740297,259.3577793,0.08045686,
2052,3,150.7372742,4.861320801,295.7427669,0.080220102,
2052,3,48.8023262,2.598046726,342.0501128,0.080973012,
2052,3,48.8023262,2.598046726,342.0501128,0.080973012,
2053,1,1802.08728,26.3646531,231.7224182,0.284103369,
2053,1,1102.253296,24.36721317,263.1689893,0.325896384,
2053,1,497.4550171,17.00463764,314.2472654,0.371964541,
2053,1,298.1483459,11.59127337,342.0510455,0.384490167,
2053,1,151.8908081,6.145192109,367.6977866,0.381445334,
2053,1,46.94672775,0.171788154,395.553157,0.364604072,
2053,1,46.94672775,0.171788154,395.553157,0.364604072,
2053,2,1801.06897,18.50028969,315.7562016,0.417393983,
2053,2,1100.425049,18.08981767,313.2331427,0.389817168,
2053,2,499.0134583,13.330287,331.0648659,0.361297581,
2053,2,301.9554443,10.1789629,343.1577829,0.334853584,
2053,2,151.3470306,5.167089962,368.5789495,0.320028296,
2053,2,48.97063828,0.74652149,392.351901,0.280590214,
2053,2,48.97063828,0.74652149,392.351901,0.280590214,
2053,3,1801.176514,18.43829887,269.9487613,0.257639798,
2053,3,1098.786011,18.94016036,279.2156162,0.284058734,
2053,3,496.7714539,13.75188898,312.1904254,0.289167058,
2053,3,303.0539246,11.57952883,324.5322352,0.283577246,
2053,3,147.7861938,6.515411979,349.6702173,0.244854957,
2053,3,51.76809311,1.35610548,383.8040008,0.214081693,
2053,3,51.76809311,1.35610548,383.8040008,0.214081693,
2054,1,1800.651611,11.40376162,117.3881502,0.067113327,
2054,1,1101.942261,15.12369042,74.2807879,0.076568321,
2054,1,499.9559021,13.61888239,134.175726,0.084676978,
2054,1,298.2986755,11.90905767,190.2318479,0.094446445,
2054,1,151.75737,8.157487162,245.2772387,0.088331224,
2054,1,49.37760544,-0.342463474,404.5655451,0.053125514,
2054,1,49.37760544,-0.342463474,404.5655451,0.053125514,
2054,2,1800.084229,13.91714689,223.1993611,0.138233315,
2054,2,1103.134644,12.22829382,252.9472719,0.146620684,
2054,2,497.4693909,10.05075993,281.8322822,0.150604749,
2054,2,299.8504333,9.08112873,292.690299,0.149864279,
2054,2,148.0525665,5.757418683,327.8883775,0.146253402,
2054,2,50.61396408,2.467286829,363.4416356,0.134306357,
2054,2,50.61396408,2.467286829,363.4416356,0.134306357,
2054,3,1801.156982,20.733895,253.906856,0.265465617,
2054,3,1098.717773,19.97456594,265.1014369,0.275962033,
2054,3,501.0046387,15.87864096,294.2344592,0.283549758,
2054,3,297.8917236,11.93938921,315.0382108,0.270087325,
2054,3,146.8134613,6.984239543,342.8780086,0.245196887,
2054,3,49.88613892,2.026022979,374.3161481,0.201915597,
2054,3,49.88613892,2.026022979,374.3161481,0.201915597,
2055,1,1799.356689,15.87030588,228.8639244,0.162162187,
2055,1,1098.990234,14.99399234,247.4190356,0.172172946,
2055,1,498.5744324,12.90732537,269.1399341,0.172408164,
2055,1,300.4471436,8.964592638,304.7864048,0.16721587,
2055,1,149.0144806,5.575915355,338.3009687,0.164836932,
2055,1,49.91918182,2.118574184,371.4163084,0.147624056,
2055,1,49.91918182,2.118574184,371.4163084,0.147624056,
2055,2,1797.754883,3.047448077,271.5754199,0.041976228,
2055,2,1100.591797,3.769819279,244.8733852,0.041718751,
2055,2,499.8926392,3.376304116,262.7544301,0.042049702,
2055,2,301.598053,2.435620294,300.1411216,0.042609903,
2055,2,151.5093384,1.923933295,319.1651932,0.042082022,
2055,2,49.88126373,0.286007684,381.3175469,0.038917505,
2055,2,49.88126373,0.286007684,381.3175469,0.038917505,
2055,3,1801.292969,11.81433441,203.4627688,0.104308153,
2055,3,1099.290039,10.55048844,210.487566,0.096077428,
2055,3,499.7658386,10.52575944,236.402065,0.111283332,
2055,3,301.5303345,5.764505525,286.845843,0.090424642,
2055,3,151.9065857,5.925549139,291.0911567,0.096288608,
2055,3,51.77436066,1.827260773,348.6219198,0.068949151,
2055,3,51.77436066,1.827260773,348.6219198,0.068949151,
2056,1,1803.443604,5.459764027,238.9510206,0.059433501,
2056,1,1101.320557,4.711199124,268.1526955,0.063112038,
2056,1,501.4455566,4.588639693,279.6094473,0.066774441,
2056,1,299.789093,3.647644135,300.979262,0.065638384,
2056,1,149.5715027,3.22691721,311.5873589,0.065481871,
2056,1,48.06933975,-0.256159458,397.1314281,0.062193604,
2056,1,48.06933975,-0.256159458,397.1314281,0.062193604,
2056,2,1798.446045,8.841067076,234.1055194,0.094141022,
2056,2,1100.393677,8.772603501,244.7153736,0.098847109,
2056,2,499.1401978,6.675406446,281.3203325,0.099252948,
2056,2,300.591156,5.102087429,303.8476296,0.094763251,
2056,2,149.4803925,2.610733439,339.9198387,0.082224513,
2056,2,50.65964508,0.19152124,387.2332767,0.069947089,
2056,2,50.65964508,0.19152124,387.2332767,0.069947089,
2056,3,1799.58252,10.56332359,218.3558488,0.100816008,
2056,3,1099.358887,11.65321927,210.0704471,0.105145624,
2056,3,501.2131042,8.826859159,254.920739,0.104896873,
2056,3,299.5308533,8.158753582,259.6291863,0.099762737,
2056,3,150.1252136,4.846751126,309.240828,0.093896858,
2056,3,49.12932968,0.740566824,379.7853125,0.087646816,
2056,3,49.12932968,0.740566824,379.7853125,0.087646816,
2057,1,1801.782227,10.51861628,269.9074451,0.145462066,
2057,1,1098.036499,9.048538411,294.7097251,0.156462889,
2057,1,500.7182617,7.119288429,319.8086656,0.164385604,
2057,1,297.9272766,6.188559317,329.0431181,0.162065905,
2057,1,151.9356689,2.021637659,370.9547969,0.155807646,
2057,1,50.4329071,-2.249163199,418.3864048,0.143597411,
2057,1,50.4329071,-2.249163199,418.3864048,0.143597411,
2057,2,1799.718994,22.24564908,252.5614265,0.27446715,
2057,2,1098.75061,19.77737701,272.2857853,0.282198228,
2057,2,498.3257141,16.04829256,297.0333272,0.285258039,
2057,2,300.139801,12.07732667,319.1899097,0.277688748,
2057,2,148.7926331,6.790274153,349.403142,0.260585112,
2057,2,49.65278625,2.277860679,376.7348855,0.225886035,
2057,2,49.65278625,2.277860679,376.7348855,0.225886035,
2057,3,1800.056885,16.82275097,227.806289,0.171662679,
2057,3,1101.677979,16.58520025,239.2771494,0.181116868,
2057,3,502.2076416,13.42529294,276.5025165,0.192285435,
2057,3,299.3936768,10.22299966,298.6685582,0.18011439,
2057,3,148.5534363,6.103856592,337.4099981,0.180873865,
2057,3,49.51111984,1.743681783,376.5623516,0.17014661,
2057,3,49.51111984,1.743681783,376.5623516,0.17014661,
2059,1,1799.508301,17.94668623,-15.64523489,0.071557129,
2059,1,1101.872437,16.99438298,-15.65711148,0.067504548,
2059,1,500.2042542,13.97907999,-4.870641225,0.056755225,
2059,1,298.7260742,12.05719999,9.166422415,0.050599764,
2059,1,148.4550781,8.656272491,118.3766957,0.050662058,
2059,1,50.08105087,2.808607057,278.7070278,0.039079297,
2059,1,50.08105087,2.808607057,278.7070278,0.039079297,
2059,3,1799.708374,11.74574964,192.3340473,0.096616979,
2059,3,1100.367188,12.11314849,207.1876758,0.107259861,
2059,3,501.5347595,10.65409962,232.007742,0.108116183,
2059,3,298.9443054,10.30983514,239.4502365,0.109096124,
2059,3,149.0229187,5.940351483,304.5112264,0.1082454,
2059,3,48.52388763,1.76858278,366.3509454,0.10050104,
2059,3,48.52388763,1.76858278,366.3509454,0.10050104,
2060,1,1797.754761,24.48155818,159.8394904,0.175500675,
2060,1,1098.103394,21.60945527,187.6751721,0.175020057,
2060,1,497.905426,18.65276487,218.5114184,0.176421297,
2060,1,300.3960266,15.8826179,235.564705,0.165398476,
2060,1,148.2335663,9.930112631,292.5227184,0.160610551,
2060,1,50.70962524,6.197596729,330.4357171,0.157627478,
2060,1,50.70962524,6.197596729,330.4357171,0.157627478,
2060,2,1800,15.69551632,228.5061996,0.158530087,
2060,2,1100,14.45379098,235.0606565,0.150958121,
2060,2,500,12.5154206,250.6287274,0.143687182,
2060,2,300,8.979632183,282.0012213,0.132268824,
2060,2,150,4.776759702,331.1521095,0.124890176,
2060,2,50,0.671354588,383.9243021,0.115312104,
2060,2,50,0.671354588,383.9243021,0.115312104,
2060,3,1801.125244,20.50931941,224.6585082,0.20488889,
2060,3,1099.961792,18.39494904,242.0430295,0.203988837,
2060,3,499.0042419,13.36438684,280.2394677,0.197010665,
2060,3,300.8470154,10.58996649,300.6787212,0.18954401,
2060,3,149.3533936,4.682663007,346.0711473,0.16352476,
2060,3,50.35261536,2.899040932,362.4521208,0.15120452,
2060,3,50.35261536,2.899040932,362.4521208,0.15120452,
2061,1,1800.976807,13.1067911,307.4372901,0.268017092,
2061,1,1099.089722,11.22407287,325.2771873,0.288017068,
2061,1,499.0289612,7.858736671,348.8877761,0.307641587,
2061,1,299.7691956,5.048175113,364.5768793,0.304608452,
2061,1,151.624054,1.793087136,382.8758982,0.298634694,
2061,1,51.87784576,-3.268588684,412.6575467,0.278409956,
2061,1,51.87784576,-3.268588684,412.6575467,0.278409956,
2062,1,1802.471924,29.79520814,256.7094968,0.381967024,
2062,1,1101.884644,25.53913347,284.1594959,0.409874626,
2062,1,500.6117249,18.74646424,319.2087427,0.437548964,
2062,1,299.3085327,13.91768699,338.073219,0.428571697,
2062,1,149.8575745,6.929960702,365.9121663,0.412335351,
2062,1,49.70155716,0.996897376,390.8833219,0.394029246,
2062,1,49.70155716,0.996897376,390.8833219,0.394029246,
2062,2,1798.6604,19.80277019,264.2250425,0.256889183,
2062,2,1098.349854,20.47745325,252.8868966,0.242100604,
2062,2,502.1851196,17.71244992,240.2288141,0.190288878,
2062,2,299.8589783,13.16713813,247.4515341,0.147209812,
2062,2,148.6685333,9.865095491,259.6614716,0.119345928,
2062,2,50.1031189,4.426301725,303.0087037,0.078272993,
2062,2,50.1031189,4.426301725,303.0087037,0.078272993,
2063,1,1799.180786,21.67091262,257.3580729,0.281717652,
2063,1,1098.864258,19.55627106,275.9360495,0.293911646,
2063,1,501.7226257,12.79296603,314.6918675,0.286855802,
2063,1,300.1774597,8.651872066,338.9549643,0.281993854,
2063,1,150.9081879,4.134664721,365.0308295,0.265829607,
2063,1,51.22553635,2.23222848,375.3498096,0.232158474,
2063,1,51.22553635,2.23222848,375.3498096,0.232158474,
2063,2,1800.773804,1.568442242,276.611355,0.022831852,x
2063,2,1800.71814,0.118932305,376.758711,0.023205019,x
2063,2,1800.668945,1.149618778,301.338966,0.021717591,x
2063,2,1800.643066,1.212262893,302.6998306,0.023267078,x
2063,2,1800.605835,0.045135239,381.209993,0.023109569,x
2063,2,1800.561646,0.337080034,359.3008595,0.020951893,x
2063,2,1800.532227,0.726301628,335.3594537,0.023104245,x
2063,2,1800.479248,0.469594803,351.5128848,0.022271947,x
2063,2,1800.473267,-0.211986423,399.0244774,0.023327006,x
2063,2,1800.472046,0.12852995,376.1769059,0.023636167,x
2063,2,1800.453613,0.401067838,356.2822884,0.022168759,x
2063,2,1800.453003,0.830054726,323.6033833,0.021395713,x
2063,2,1800.439209,0.223369237,368.359768,0.021795927,x
2063,2,1800.422729,-0.102502026,391.8655126,0.022414692,x
2063,2,1800.394165,2.282683138,216.6923479,0.021376758,x
2063,2,1800.392212,0.652102626,336.6723102,0.021334056,x
2063,2,1800.390381,-0.646887521,432.9642653,0.021061036,x
2063,2,1800.361694,0.186740744,372.0025768,0.022957974,x
2063,2,1800.34021,0.131712134,375.3073364,0.022120727,x
2063,2,1800.285278,0.293743218,363.8362506,0.022371909,x
2063,2,1800.282593,0.588052014,339.7744466,0.020611869,x
2063,2,1800.278198,0.837251018,325.9085901,0.022595363,x
2063,2,1800.274048,0.634301304,340.1636718,0.022515044,x
2063,2,1800.271729,1.073089887,307.4578041,0.021964865,x
2063,2,1800.26062,0.2641636,366.5819258,0.023267152,x
2063,2,1800.21167,0.923732249,312.2396972,0.020106018,x
2063,2,1800.142578,2.189626916,232.2170062,0.022622047,x
2063,2,1800.06665,0.56210807,345.5785451,0.022667888,x
2063,2,1800.03833,1.002740184,315.3012029,0.02282284,x
2063,2,1800.02002,1.192929524,302.8047982,0.022985126,x
2063,2,1799.915649,0.230667772,368.9276669,0.02320861,x
2063,2,1799.905273,1.594148807,271.7453744,0.02221745,x
2063,2,1799.89856,0.417452457,357.059609,0.023927998,x
2063,2,1799.875977,0.624372456,340.9189279,0.022636902,x
2063,2,1799.872925,0.584668644,345.9336745,0.023960396,x
2063,2,1799.860962,0.475068569,351.2113685,0.022549338,x
2063,2,1799.819458,0.594889917,344.228492,0.023204727,x
2063,2,1799.79126,0.798598617,327.1041828,0.02189374,x
2063,2,1799.789063,0.500073431,350.1580024,0.022895193,x
2063,2,1799.750122,1.348383851,289.0818123,0.022222246,x
2063,2,1799.696289,0.333883378,361.6459548,0.023196847,x
2063,2,1799.591675,1.446518027,284.8340548,0.02278917,x
2063,2,1098.844727,0.80427122,338.3833589,0.026097729,x
2063,2,501.0286255,0.716208373,348.1943634,0.027754722,x
2063,2,299.5101929,0.781774753,342.1896319,0.026242347,x
2063,2,150.2579346,0.090783788,385.2152176,0.028324053,x
2063,2,49.24114609,0.73245118,352.7695032,0.030566553,x
2063,2,49.24114609,0.73245118,352.7695032,0.030566553,x
2063,3,1800.142456,23.96507104,254.9718695,0.302911387,x
2063,3,1799.126465,26.35370069,257.7981858,0.343605222,
2063,3,1101.018188,22.04858705,270.9948393,0.313465384,x
2063,3,1099.843018,24.66824896,277.0524399,0.373014952,
2063,3,499.2950439,16.82908419,319.0736279,0.395622134,
2063,3,498.6053467,15.83955439,306.7297498,0.316107039,x
2063,3,299.4406128,11.73429764,331.2629192,0.324357738,x
2063,3,298.3360901,12.58664852,337.2159904,0.38694539,
2063,3,151.5629578,6.021184339,361.3758319,0.314857589,x
2063,3,149.2454987,6.43182076,363.7264831,0.368597121,
2063,3,50.43112183,1.375087212,386.2754968,0.284942559,
2063,3,50.43112183,1.375087212,386.2754968,0.284942559,
2063,3,49.10346985,-1.006705915,399.4785862,0.331671939,x
2063,3,49.10346985,-1.006705915,399.4785862,0.331671939,x
2064,1,1800.054077,20.72738681,178.0871424,0.159661502,
2064,1,1100.693237,19.04289112,209.6154964,0.171336185,
2064,1,499.5556335,15.47296322,246.2516995,0.172990159,
2064,1,301.1356506,10.72306227,282.8478985,0.15915209,
2064,1,151.4788361,6.915901747,312.5441815,0.138435442,
2064,1,50.23657608,-0.490509429,400.6302335,0.124740955,
2064,1,50.23657608,-0.490509429,400.6302335,0.124740955,
2064,2,1800.592163,24.16199077,280.526798,0.382879363,
2064,2,1099.636353,23.34516454,294.5451032,0.417836492,
2064,2,502.1183777,17.38207243,324.2531732,0.444924834,
2064,2,301.8806152,13.43628448,341.5424496,0.452534344,
2064,2,149.1036224,6.904618895,367.9126617,0.455012347,
2064,2,50.99556732,1.654239754,388.7781121,0.444995843,
2064,2,50.99556732,1.654239754,388.7781121,0.444995843,
2064,3,1800.387573,23.21038039,216.7531735,0.220120245,
2064,3,1099.803955,20.6361003,244.5155438,0.231272464,
2064,3,499.1882935,15.34021366,283.8624948,0.231614861,
2064,3,301.2696228,10.0598045,322.690588,0.233017205,
2064,3,149.0013885,5.230106327,357.823266,0.234563292,
2064,3,51.12739563,-0.207607661,396.8740019,0.21674439,
2064,3,51.12739563,-0.207607661,396.8740019,0.21674439,
2066,1,1798.902954,23.17256759,192.006679,0.194151859,
2066,1,1101.295166,20.88897667,211.7321018,0.192676987,
2066,1,501.5825195,16.61768389,244.4731152,0.185218874,
2066,1,300.7049866,13.53142483,273.2948412,0.185761049,
2066,1,150.5179138,8.111839029,318.4020469,0.175589365,
2066,1,48.78955841,2.589246136,369.0683846,0.159588788,
2066,1,48.78955841,2.589246136,369.0683846,0.159588788,
2066,2,1799.920654,28.95638663,211.2962598,0.273019448,
2066,2,1101.553833,25.26034907,229.6425943,0.263571785,
2066,2,501.1737061,21.4482004,247.266848,0.247886434,
2066,2,298.2653198,14.59632809,291.0203692,0.23962178,
2066,2,148.5348663,7.05709846,341.1000283,0.225034933,
2066,2,48.32533264,2.024232549,377.2139945,0.199195597,
2066,2,48.32533264,2.024232549,377.2139945,0.199195597,
2066,3,1799.828613,19.63683498,232.2052797,0.211800465,
2066,3,1098.82019,18.220384,255.4887614,0.228376507,
2066,3,498.1382751,15.94234926,279.2737882,0.239720727,
2066,3,300.2919312,12.40992902,304.040557,0.238180135,
2066,3,149.4718475,7.157881822,338.2676974,0.222202284,
2066,3,50.41428375,2.610344677,370.6849833,0.197035258,
2066,3,50.41428375,2.610344677,370.6849833,0.197035258,
2067,1,1798.099731,23.17486258,238.2275766,0.261233938,
2067,1,1101.153931,20.79525777,259.6183516,0.271571451,
2067,1,499.3033142,14.55713983,298.5194523,0.266032074,
2067,1,301.5909424,11.532238,318.2108621,0.263211078,
2067,1,151.8231964,6.443012322,350.9404541,0.255502961,
2067,1,51.88229752,2.813670995,374.9923954,0.249436352,
2067,1,51.88229752,2.813670995,374.9923954,0.249436352,
2067,2,1798.793457,11.39306808,19.98721097,0.049645329,
2067,2,1098.962402,11.00392103,63.13393701,0.05415677,
2067,2,500.9759216,10.26373652,104.5810415,0.057590744,
2067,2,298.0466309,8.803133192,114.4698373,0.050919872,
2067,2,151.7303925,5.47500671,208.2202939,0.047592714,
2067,2,50.0259552,1.83932917,321.2485053,0.040581282,
2067,2,50.0259552,1.83932917,321.2485053,0.040581282,
2067,3,1799.272949,27.59738733,218.9198664,0.276147372,
2067,3,1099.558105,25.20975911,243.4742726,0.292746408,
2067,3,501.1283875,19.87060791,281.5135364,0.306708869,
2067,3,300.5111389,13.75193033,315.695143,0.303741333,
2067,3,151.8999481,7.611284258,350.158292,0.295391356,
2067,3,51.60155106,1.225622721,387.5545044,0.287621161,
2067,3,51.60155106,1.225622721,387.5545044,0.287621161,
2068,1,1801.664673,29.91782081,214.2631259,0.293853941,
2068,1,1097.660522,25.95650409,248.5074732,0.315706777,
2068,1,500.2551575,19.72010536,287.8993786,0.327666498,
2068,1,300.4868469,14.3491504,314.399739,0.31552065,
2068,1,151.9443054,7.589296164,348.9425322,0.291180889,
2068,1,51.7419281,1.871132154,380.4598827,0.23755024,
2068,1,51.7419281,1.871132154,380.4598827,0.23755024,
2068,2,1799.599121,26.04722804,250.0351803,0.317724661,
2068,2,1101.680786,23.05821385,274.5340733,0.337157384,
2068,2,498.3490906,17.12626901,311.6679859,0.36135156,
2068,2,300.7400208,11.78581635,336.2675278,0.35145406,
2068,2,150.7240143,5.784497319,364.6712927,0.332107179,
2068,2,49.76272583,0.43784109,392.3523738,0.288488056,
2068,2,49.76272583,0.43784109,392.3523738,0.288488056,
2068,3,1800.367065,29.48474236,231.1114928,0.320203489,
2068,3,1101.744263,26.90842841,250.5905474,0.331333064,
2068,3,499.1659546,19.88230795,284.9670144,0.317692229,
2068,3,301.089447,12.36245635,322.7523409,0.302568796,
2068,3,151.6194916,6.74821239,348.290704,0.255411336,
2068,3,48.14152908,2.868413033,371.0731432,0.207728719,
2068,3,48.14152908,2.868413033,371.0731432,0.207728719,
2069,1,1799.616333,18.05304744,264.2185648,0.238592241,
2069,1,1098.612915,14.281366,291.8435813,0.2394016,
2069,1,501.7407837,12.17922276,308.1927194,0.240924524,
2069,1,301.5849609,9.437379093,320.3050966,0.216120547,
2069,1,149.1061859,5.583109782,344.7440009,0.190732365,
2069,1,50.93016052,-0.498617719,398.2413605,0.152356493,
2069,1,50.93016052,-0.498617719,398.2413605,0.152356493,
2069,2,1798.738647,11.99776866,226.361662,0.121338675,
2069,2,1099.162842,10.59344687,254.8628715,0.128769216,
2069,2,501.587616,9.393981745,282.6251989,0.141923554,
2069,2,299.954895,6.826982505,313.6497505,0.14350195,
2069,2,150.1911774,4.785748307,334.0444289,0.134548654,
2069,2,49.50774384,0.232573206,389.7601032,0.128457537,
2069,2,49.50774384,0.232573206,389.7601032,0.128457537,
2069,3,1801.045898,14.28580038,237.4516665,0.155596679,
2069,3,1099.188477,13.42099805,251.5345326,0.159583467,
2069,3,501.4397888,9.86511048,289.5703758,0.160142659,
2069,3,298.5500793,7.40317701,310.1640487,0.150330585,
2069,3,147.9355927,4.334768528,341.4990522,0.142175722,
2069,3,50.76506042,1.109995652,377.1332693,0.123883268,
2069,3,50.76506042,1.109995652,377.1332693,0.123883268,
2070,1,1798.922241,16.39953668,227.7984611,0.170103013,
2070,1,1101.099365,14.97646986,247.6738386,0.175344436,
2070,1,500.509613,12.63530567,275.0907193,0.180676694,
2070,1,300.6732483,10.85852199,286.371906,0.170247128,
2070,1,148.1367493,5.88629527,332.3828084,0.161036311,
2070,1,50.47293854,1.60412498,375.2615014,0.142281385,
2070,1,50.47293854,1.60412498,375.2615014,0.142281385,
2070,2,1798.592529,16.09595284,168.4068675,0.121331505,
2070,2,1098.267334,15.18364759,195.8169043,0.130154223,
2070,2,498.2068481,12.55389078,238.5980955,0.137166355,
2070,2,300.5738831,9.893104867,268.4144415,0.133928533,
2070,2,150.6281586,6.250634328,310.0096955,0.12639742,
2070,2,49.24037552,1.299279175,372.3712476,0.110535605,
2070,2,49.24037552,1.299279175,372.3712476,0.110535605,
2070,3,1799.801636,21.26966913,191.5163775,0.176913211,
2070,3,1099.952515,19.36914992,221.4185796,0.18866501,
2070,3,499.0085449,15.94476077,262.1490176,0.203331569,
2070,3,301.9932251,13.49586108,277.3834723,0.192614599,
2070,3,151.617157,9.049396249,317.9256775,0.195841843,
2070,3,49.31478119,3.255544774,365.9053112,0.183186756,
2070,3,49.31478119,3.255544774,365.9053112,0.183186756,
2071,1,1798.42688,14.23294028,308.8383686,0.299890984,
2071,1,1101.577881,12.3019988,314.4680937,0.273506319,
2071,1,500.930603,10.69894633,320.5834175,0.252292942,
2071,1,300.6394653,7.736240714,333.9643891,0.223564975,
2071,1,148.1859894,5.790991285,344.1026112,0.200022875,
2071,1,50.48768234,1.95045045,374.506548,0.180712341,
2071,1,50.48768234,1.95045045,374.506548,0.180712341,
2071,2,1798.346313,15.15379791,268.2303698,0.210414202,
2071,2,1100.922241,13.05548135,273.6289222,0.186637339,
2071,2,501.8948975,10.05127941,292.3430724,0.169407993,
2071,2,300.2166138,8.426906739,299.9597048,0.153093751,
2071,2,150.1685944,5.522802985,326.0711011,0.140057443,
2071,2,49.32355499,1.054777337,376.9742523,0.127338804,
2071,2,49.32355499,1.054777337,376.9742523,0.127338804,
2072,1,1800.924805,14.16766329,284.217084,0.220840082,
2072,1,1099.925171,14.27757407,288.8583857,0.230356195,
2072,1,501.4642334,11.70789456,309.7385297,0.233131434,
2072,1,298.1308289,9.448866696,325.0507961,0.228370325,
2072,1,150.4578552,5.394044429,354.2539359,0.221692737,
2072,1,50.73894501,0.609473233,390.5897243,0.218047546,
2072,1,50.73894501,0.609473233,390.5897243,0.218047546,
2072,2,1798.005249,19.74883271,210.0758184,0.181873147,
2072,2,1099.317871,17.61553352,240.248182,0.194005784,
2072,2,499.4094849,13.08419073,284.6734033,0.202171386,
2072,2,298.4159851,10.83701664,301.8270482,0.197918285,
2072,2,149.6655273,5.259199016,347.3829182,0.189862876,
2072,2,49.3046608,1.139483042,383.9255346,0.191382794,
2072,2,49.3046608,1.139483042,383.9255346,0.191382794,
2072,3,1798.588867,23.72793324,231.5492051,0.251544994,
2072,3,1099.338745,22.17542407,250.0557426,0.264568669,
2072,3,498.5787354,16.38126413,288.4488401,0.265162151,
2072,3,300.4476929,12.13258243,309.7589952,0.243611957,
2072,3,149.3208618,6.930171224,340.3552222,0.215079028,
2072,3,50.36585999,2.881041076,366.8096669,0.172304264,
2072,3,50.36585999,2.881041076,366.8096669,0.172304264,
2073,3,1801.352783,13.2491725,179.6663695,0.103432153,
2073,3,1099.217651,12.21213299,197.9002812,0.103862948,
2073,3,499.9583435,10.54845021,221.8572458,0.101797594,
2073,3,300.3081665,9.593379406,225.9041166,0.094195212,
2073,3,151.3497467,3.966388007,310.0854716,0.080053159,
2073,3,51.26090622,2.021962758,323.978548,0.049067573,
2073,3,51.26090622,2.021962758,323.978548,0.049067573,
2074,1,1798.458008,12.55688612,129.9521067,0.078106662,
2074,1,1098.903076,11.03391769,163.0692794,0.078164019,
2074,1,499.3857117,9.816445167,184.6256472,0.076189055,
2074,1,298.5871887,9.650070553,165.5796325,0.068365554,
2074,1,149.832077,5.786286606,266.2169048,0.073140797,
2074,1,50.65399933,1.26881808,360.1998067,0.059519273,
2074,1,50.65399933,1.26881808,360.1998067,0.059519273,
2074,2,1797.585571,15.75949804,193.7285724,0.13318512,
2074,2,1099.453857,15.47024287,205.7869686,0.137981824,
2074,2,501.0392151,13.00644721,243.5934618,0.144584018,
2074,2,298.2424927,10.77509978,267.3065369,0.141588747,
2074,2,150.65065,7.039778494,309.7847783,0.1380107,
2074,2,51.06460571,2.761004253,359.3920921,0.130095096,
2074,2,51.06460571,2.761004253,359.3920921,0.130095096,
2074,3,1798.833984,2.482486439,255.1202934,0.030337733,x
2074,3,1099.653687,3.896042061,187.7619661,0.030861092,x
2074,3,501.1048584,2.392599837,270.1214536,0.031650008,x
2074,3,299.7960815,2.500925561,280.5261213,0.035964412,x
2074,3,149.2304535,2.526330421,279.3960816,0.035737785,x
2074,3,50.7867775,1.202960504,336.2785865,0.034036016,x
2074,3,50.7867775,1.202960504,336.2785865,0.034036016,x
2075,1,1800.852051,1.895261784,323.9876626,0.047413435,
2075,1,1101.804443,2.852885375,294.1366889,0.048063318,
2075,1,499.2385254,1.744143419,328.5735054,0.045304079,
2075,1,300.8068848,1.081350028,353.1119471,0.046561629,
2075,1,149.5504761,0.35405853,377.7130616,0.044795043,
2075,1,48.30920029,-0.51868816,408.5677831,0.045899044,
2075,1,48.30920029,-0.51868816,408.5677831,0.045899044,
2075,2,1799.708618,4.475492718,308.4961263,0.095597509,
2075,2,1099.579956,4.353021458,314.4868388,0.098370968,
2075,2,499.0911865,3.452444003,332.2524388,0.101195413,
2075,2,300.9141541,2.904811078,343.0317267,0.104704258,
2075,2,149.0056915,1.258227274,368.4080155,0.102272456,
2075,2,51.31838989,-0.511669982,397.7403825,0.092398194,
2075,2,51.31838989,-0.511669982,397.7403825,0.092398194,
2075,3,1801.697998,31.90930741,235.5460736,0.353230641,
2075,3,1099.71228,29.12538816,257.4629687,0.372949146,
2075,3,500.1286011,21.34934381,296.5911976,0.380534783,
2075,3,301.9727173,14.95566095,324.0383624,0.368639519,
2075,3,148.4199219,9.167098466,351.9769155,0.365516428,
2075,3,48.45254898,0.295677131,393.6913497,0.347762346,
2075,3,48.45254898,0.295677131,393.6913497,0.347762346,
2076,1,1801.035767,20.98937776,220.6849803,0.208031245,
2076,1,1100.785889,19.40279824,246.495856,0.22467654,
2076,1,501.8557129,14.95023216,285.9751103,0.235227653,
2076,1,301.3604126,9.911014894,325.269107,0.244762142,
2076,1,148.3570557,5.416036944,356.3612972,0.240926983,
2076,1,52.013134,1.627404888,382.7704753,0.227207755,
2076,1,52.013134,1.627404888,382.7704753,0.227207755,
2076,2,1799.580444,7.870610821,211.0622059,0.072567827,
2076,2,1099.540405,7.448143547,230.355944,0.076559142,
2076,2,501.4490662,6.905612769,247.2757913,0.078622264,
2076,2,298.2227173,5.573006752,270.1436596,0.074957078,
2076,2,151.9166412,2.138408341,340.7253643,0.068910428,
2076,2,50.33272934,0.235024736,384.0874962,0.057842506,
2076,2,50.33272934,0.235024736,384.0874962,0.057842506,
2076,3,1801.650879,26.36276414,240.6378037,0.305117907,
2076,3,1101.335327,25.06692549,254.2763481,0.315936285,
2076,3,499.9295654,17.76597973,296.6638178,0.320197352,
2076,3,301.3105164,13.06989915,322.2544061,0.317822802,
2076,3,149.0946045,7.295765714,354.2019548,0.318755469,
2076,3,50.95711899,1.948754179,383.0811082,0.300912633,
2076,3,50.95711899,1.948754179,383.0811082,0.300912633,
2077,1,1800.751099,8.069227352,207.2017931,0.07757324,
2077,1,1100.23877,7.846757674,243.0927487,0.093926154,
2077,1,500.2401733,5.86581398,295.893388,0.109588585,
2077,1,302.192688,4.272158785,320.1297183,0.106441288,
2077,1,150.8573914,3.254735478,332.1307556,0.095778862,
2077,1,50.05980301,1.247911984,366.8680381,0.088991462,
2077,1,50.05980301,1.247911984,366.8680381,0.088991462,
2078,1,1801.246216,2.837252555,309.8768533,0.059328635,x
2078,1,1100.016357,1.201040232,358.3678994,0.06398508,x
2078,1,500.8701477,2.064485893,341.8890527,0.06835398,x
2078,1,298.3539429,0.911052011,370.2063792,0.070589464,x
2078,1,150.1316223,1.385265725,360.0776458,0.071730108,x
2078,1,48.35362625,0.175586258,388.1553033,0.076223071,x
2078,1,48.35362625,0.175586258,388.1553033,0.076223071,x
2078,2,1800.0896,25.02008608,202.6420615,0.220063236,
2078,2,1100.894653,20.69368071,228.1291872,0.208837929,
2078,2,501.2803345,15.75376281,253.2799802,0.18573808,
2078,2,298.3753662,11.1747132,281.0443431,0.162820946,
2078,2,148.5180054,6.528058708,322.0989732,0.148431729,
2078,2,48.39287949,1.331428607,377.4155261,0.129704025,
2078,2,48.39287949,1.331428607,377.4155261,0.129704025,
2081,1,1800.205811,15.80528515,NA,0.14956752,
2081,1,1798.513184,4.176725286,NA,0.040595791,x
2081,1,1101.521484,4.871666039,NA,0.039068833,x
2081,1,1099.338257,15.08041093,NA,0.147553479,
2081,1,501.1030273,4.136385035,NA,0.034822506,x
2081,1,499.1138611,13.47691522,NA,0.12479439,
2081,1,300.0534363,11.07578431,NA,0.121389379,
2081,1,299.5864258,3.618380878,NA,0.042609928,x
2081,1,151.0865479,7.053575069,NA,0.099752594,
2081,1,150.853363,3.356539283,NA,0.036878545,x
2081,1,49.18872452,3.238557295,NA,0.090033488,
2081,1,49.18872452,3.238557295,NA,0.090033488,
2081,1,48.91032791,1.270791997,NA,0.032701902,x
2081,1,48.91032791,1.270791997,NA,0.032701902,x
2081,2,1801.006348,3.712669232,278.1150504,0.054013227,
2081,2,1100.629395,4.064791508,285.5117988,0.062459599,
2081,2,499.6281433,3.894488322,296.1080953,0.06541959,
2081,2,301.2533264,3.533243668,311.6541554,0.070624482,
2081,2,150.055954,2.691407868,332.805018,0.072356409,
2081,2,51.06216812,-0.154258895,397.0325105,0.066593225,
2081,2,51.06216812,-0.154258895,397.0325105,0.066593225,
2081,3,1799.469604,11.70652984,338.749513,0.370668227,
2081,3,1099.52356,11.45238098,346.436633,0.413512921,
2081,3,501.7556458,7.382115864,366.2454749,0.443919169,
2081,3,298.9045715,6.582474878,372.2906635,0.491393315,
2081,3,151.3350677,2.909026637,385.3309159,0.489892877,
2081,3,48.19927597,-0.205470065,397.0412303,0.476920559,
2081,3,48.19927597,-0.205470065,397.0412303,0.476920559,
2082,1,1801.274902,8.107497623,260.123555,0.101533325,
2082,1,1098.682495,8.209247527,260.7294392,0.102094988,
2082,1,501.1045227,6.122978721,287.6566012,0.094813364,
2082,1,298.0250854,6.443439437,275.5973885,0.088895761,
2082,1,150.5207062,3.8073291,326.2897436,0.092161848,
2082,1,51.15200043,1.501551685,363.3182002,0.080809111,
2082,1,51.15200043,1.501551685,363.3182002,0.080809111,
2082,2,1800.051147,21.98236186,164.9815518,0.161030889,
2082,2,1098.89563,20.8706685,195.1201784,0.175725945,
2082,2,501.3682251,17.38970151,239.3635439,0.187316482,
2082,2,299.5809937,13.91812924,269.3752895,0.185349417,
2082,2,150.2108765,8.250639561,321.1845188,0.186628435,
2082,2,49.26485825,1.14901802,384.3517442,0.183685287,
2082,2,49.26485825,1.14901802,384.3517442,0.183685287,
2082,3,1800.91272,5.290757676,1722.459036,-0.006246655,
2082,3,1101.564697,5.350125733,900.3487072,-0.016582233,
2082,3,498.3686523,5.752769838,804.1324345,-0.022169019,
2082,3,302.1060181,4.978069632,807.168018,-0.019099481,
2082,3,151.1907959,4.684648356,708.3877344,-0.023693357,
2082,3,49.008358,3.364912961,564.7862262,-0.031462366,
2082,3,49.008358,3.364912961,564.7862262,-0.031462366,
2083,2,1798.99939,21.26519597,264.5184965,0.278768239,
2083,2,1098.028809,21.67387892,276.629413,0.31111316,
2083,2,500.6032104,14.35993105,323.5981666,0.342342033,
2083,2,299.1624756,14.0099987,325.6838166,0.33754912,
2083,2,148.5029449,7.139073652,359.535081,0.328866711,
2083,2,49.98591614,1.929350426,385.1435084,0.293905676,
2083,2,49.98591614,1.929350426,385.1435084,0.293905676,
2083,3,1802.078857,21.42296771,251.6761357,0.256774388,
2083,3,1101.147705,18.71881369,274.2846691,0.265327451,
2083,3,499.5067139,14.91508772,297.9609821,0.260377897,
2083,3,300.1159668,10.37746371,326.9310323,0.257523141,
2083,3,147.9421692,4.76877586,362.5771642,0.249127298,
2083,3,50.54390335,2.693764424,376.0072432,0.23517109,
2083,3,50.54390335,2.693764424,376.0072432,0.23517109,
2084,1,1799.036987,25.99270905,260.9550365,0.340943308,
2084,1,1101.061157,22.93307953,280.8188716,0.351380163,
2084,1,500.5127258,18.48853226,306.3423699,0.362864524,
2084,1,299.4779053,12.40906156,333.0462019,0.347085299,
2084,1,150.0688019,6.520220828,361.4299873,0.33424314,
2084,1,51.34952164,-0.542049617,397.8467342,0.318473716,
2084,1,51.34952164,-0.542049617,397.8467342,0.318473716,
2084,2,1800.197021,24.16342061,254.1022609,0.304771428,
2084,2,1101.65271,23.09118969,268.8500223,0.323649248,
2084,2,499.7867432,17.65976624,302.0704438,0.337114443,
2084,2,300.0720215,11.49870597,331.747378,0.327401904,
2084,2,151.6453705,6.971679519,352.7749221,0.30047172,
2084,2,51.45222855,0.513391882,388.8328192,0.268017949,
2084,2,51.45222855,0.513391882,388.8328192,0.268017949,
2084,3,1798.279297,25.6298625,314.1856992,0.587102903,
2084,3,1100.929443,23.84426564,315.223787,0.545089734,
2084,3,498.1784668,17.85439097,326.425611,0.466368894,
2084,3,302.1592407,13.80962886,334.0120548,0.398941386,
2084,3,151.7736053,6.80566407,360.7779571,0.350895768,
2084,3,49.4511261,0.679943632,390.2843605,0.288644987,
2084,3,49.4511261,0.679943632,390.2843605,0.288644987,
2085,1,1798.586548,21.22041084,84.78676406,0.112885437,
2085,1,1098.327026,18.89127065,121.7854399,0.114062434,
2085,1,500.1806335,15.6171176,137.1369538,0.09936828,
2085,1,299.6524353,12.84447545,163.950843,0.091044805,
2085,1,149.9105072,7.532685878,234.5809717,0.077077532,
2085,1,48.16413879,4.289576264,278.7954232,0.060628809,
2085,1,48.16413879,4.289576264,278.7954232,0.060628809,
2085,2,1799.122314,12.43488042,168.8097777,0.091133996,
2085,2,1099.179321,11.80493308,189.8125723,0.095223626,
2085,2,499.723999,9.907606737,208.3713852,0.087418576,
2085,2,298.5897217,10.11549424,175.3449257,0.075168024,
2085,2,149.8573303,5.564004236,245.980997,0.061298084,
2085,2,50.34167862,1.021129486,347.420456,0.036940967,
2085,2,50.34167862,1.021129486,347.420456,0.036940967,
2085,3,1798.26709,7.634811247,286.580879,0.12139082,
2085,3,1099.427612,7.899735449,299.3961464,0.140266521,
2085,3,500.6682739,5.554482335,335.9896097,0.160440806,
2085,3,300.9223328,3.011604997,363.4467607,0.166278905,
2085,3,148.1395721,0.234697479,390.9261999,0.161247791,
2085,3,51.97542572,-2.331551956,418.4622243,0.154295019,
2085,3,51.97542572,-2.331551956,418.4622243,0.154295019,
2086,1,1799.540894,17.34439233,251.4486742,0.205927442,
2086,1,1097.831421,15.0643345,275.2906076,0.21332814,
2086,1,498.380127,11.30771802,303.7919526,0.208266835,
2086,1,299.3057251,10.07255777,313.0720605,0.204749102,
2086,1,148.6686249,5.662184702,347.9488695,0.198241531,
2086,1,50.69151306,1.725225429,381.6388898,0.200494271,
2086,1,50.69151306,1.725225429,381.6388898,0.200494271,
2086,2,1802.144653,5.176919336,170.358505,0.0376206,
2086,2,1102.425171,5.804931326,150.3289758,0.038357656,
2086,2,497.052887,4.51641794,235.5046402,0.045704796,
2086,2,297.3726196,3.445715807,276.4417032,0.046796845,
2086,2,151.0643616,2.381559421,317.600663,0.049271643,
2086,2,51.91518402,0.105566761,392.1278244,0.047411155,
2086,2,51.91518402,0.105566761,392.1278244,0.047411155,
2086,3,1801.330933,13.48160686,245.8134364,0.152959543,
2086,3,1098.793823,13.25846681,249.2283912,0.152614979,
2086,3,499.5142517,13.05874955,251.6100499,0.151201366,
2086,3,298.7210388,9.984459855,278.1938484,0.141214565,
2086,3,149.8388672,5.392502104,327.3507619,0.131099431,
2086,3,51.16946411,1.295848469,375.7610263,0.110793818,
2086,3,51.16946411,1.295848469,375.7610263,0.110793818,
2087,1,1798.921753,15.7400604,214.2975119,0.14733977,
2087,1,1101.974121,14.61189825,222.2646052,0.142166043,
2087,1,500.0621643,11.84338875,250.7435227,0.137358098,
2087,1,301.7389832,10.89836495,256.0205711,0.130154201,
2087,1,149.936615,6.705546475,298.7115829,0.115683844,
2087,1,50.63035965,4.035430466,337.4845746,0.116601789,
2087,1,50.63035965,4.035430466,337.4845746,0.116601789,
2087,2,1799.406494,14.74833573,269.54246,0.203383697,
2087,2,1100.841553,14.4600199,271.1971329,0.200441336,
2087,2,501.6915283,12.0682116,291.7641892,0.199469811,
2087,2,298.296875,8.977403204,314.3489644,0.190304314,
2087,2,150.5841064,5.831865554,341.2943046,0.186105344,
2087,2,51.17777252,0.469042865,389.01998,0.168253021,
2087,2,51.17777252,0.469042865,389.01998,0.168253021,
2087,3,1799.249512,11.9209177,185.2683424,0.094630372,
2087,3,1100.775269,10.50956892,206.3877965,0.092299789,
2087,3,500.1824036,9.226491062,225.2189805,0.089539116,
2087,3,299.336731,8.378403997,227.076572,0.0817759,
2087,3,149.830368,5.549168872,274.527991,0.075040685,
2087,3,49.455616,2.323057592,342.8292658,0.071696112,
2087,3,49.455616,2.323057592,342.8292658,0.071696112,
2088,1,1798.656982,19.72090227,225.8470827,0.199756589,
2088,1,1098.641235,18.88067267,240.6988208,0.208636452,
2088,1,501.4259033,15.33171074,272.5839734,0.212934278,
2088,1,298.7110291,12.43444896,289.0954426,0.199395238,
2088,1,151.2365112,7.746310217,324.1886531,0.186849832,
2088,1,50.09765625,1.23787352,380.2075345,0.164008262,
2088,1,50.09765625,1.23787352,380.2075345,0.164008262,
2088,2,1800.638184,19.6522105,166.8549262,0.14338724,
2088,2,1100.662476,17.00693338,186.3936515,0.134919772,
2088,2,500.7340393,12.44667603,218.391597,0.115713592,
2088,2,300.71875,9.423532688,248.2389761,0.105143547,
2088,2,149.1901093,4.916397609,312.0195508,0.097013484,
2088,2,48.5469017,0.944452803,378.1703559,0.093408925,
2088,2,48.5469017,0.944452803,378.1703559,0.093408925,
2088,3,1798.449585,16.61683194,161.3559833,0.118863239,
2088,3,1097.739746,16.26138921,166.8781637,0.118775628,
2088,3,499.2663879,12.96576132,204.947418,0.113312902,
2088,3,300.3964844,12.09582418,212.9519942,0.109912299,
2088,3,149.713623,8.003025076,260.0996624,0.097711562,
2088,3,50.88205338,2.597964249,348.0172592,0.092636301,
2088,3,50.88205338,2.597964249,348.0172592,0.092636301,
2089,1,1799.422241,23.05877758,243.8166172,0.257805443,
2089,1,1100.745972,24.74135852,242.7384381,0.272370119,
2089,1,499.3692322,19.20218409,277.8667884,0.272995597,
2089,1,297.7878418,15.13072306,297.2589634,0.256714804,
2089,1,151.6720123,9.79167259,332.6154597,0.258805479,
2089,1,49.26168823,4.980761789,362.9026837,0.24583062,
2089,1,49.26168823,4.980761789,362.9026837,0.24583062,
2089,2,1801.560425,14.49528645,234.2398122,0.157554873,
2089,2,1099.6427,12.69602283,262.1916752,0.167266517,
2089,2,499.0699158,10.92720879,287.4179098,0.176882415,
2089,2,299.9274292,7.032226595,324.2924102,0.176594586,
2089,2,151.6132813,3.922304291,353.2271533,0.171479338,
2089,2,51.82667542,0.261093126,389.0632477,0.164057732,
2089,2,51.82667542,0.261093126,389.0632477,0.164057732,
2089,3,1800.534912,19.261217,245.2684314,0.221529905,
2089,3,1100.528198,17.98755109,260.6039139,0.229710382,
2089,3,498.1369629,14.74002726,285.0224562,0.228920152,
2089,3,300.5906982,13.9767993,287.0075617,0.219173419,
2089,3,150.9279785,8.039248016,329.4489718,0.209158642,
2089,3,49.66851807,2.512288006,372.4411067,0.200341574,
2089,3,49.66851807,3.716954547,372.9762301,0.30430881,
2090,1,1802.02417,19.59524048,237.0064399,0.21998963,
2090,1,1099.878784,19.10818701,255.7510646,0.243301839,
2090,1,499.5511475,14.94549157,293.5687014,0.262163177,
2090,1,298.6474304,11.14736456,320.7315022,0.268973695,
2090,1,149.2511902,6.407280295,351.2820559,0.266956121,
2090,1,49.07801437,0.588239468,388.6986561,0.255087535,
2090,1,49.07801437,0.588239468,388.6986561,0.255087535,
2090,2,1802.661499,22.8711953,215.7655667,0.225121118,
2090,2,1097.614502,20.90933255,242.8403951,0.242511097,
2090,2,498.3240356,16.43758546,282.1167014,0.258269207,
2090,2,300.9762878,12.30562084,310.9664195,0.260991714,
2090,2,149.3951416,7.724413629,341.0612756,0.257035745,
2090,2,51.21776199,1.886764999,379.4980883,0.244133372,
2090,2,51.21776199,1.886764999,379.4980883,0.244133372,
2090,3,1800.56604,15.54667377,204.3582137,0.138593491,
2090,3,1100.638672,13.36592384,239.1726615,0.145736425,
2090,3,498.1618652,11.43991307,264.1833564,0.147774992,
2090,3,299.3093872,8.907075458,292.9030981,0.14731456,
2090,3,151.6162109,4.455998954,342.6952593,0.145926488,
2090,3,50.34191132,0.863735487,383.9305534,0.138135525,
2090,3,50.34191132,0.863735487,383.9305534,0.138135525,
2091,1,1798.331787,24.50033375,214.6626122,0.239078975,
2091,1,1099.825317,22.59022054,245.4405238,0.265929019,
2091,1,501.0907593,17.14037318,292.6420218,0.295032184,
2091,1,301.9470825,11.18802919,325.1639699,0.282291439,
2091,1,150.1636505,6.908404922,350.1220356,0.267096822,
2091,1,50.91378784,2.307183305,379.0390029,0.245526078,
2091,1,50.91378784,2.307183305,379.0390029,0.245526078,
2091,2,1800.879395,15.61467103,196.9831192,0.135385592,
2091,2,1101.192261,14.6124219,227.2581227,0.149568964,
2091,2,498.6221619,12.80613603,258.9343707,0.161357819,
2091,2,299.6112976,10.74515983,270.6806562,0.147328154,
2091,2,151.7590027,6.199421464,317.9264861,0.138137002,
2091,2,50.39235687,2.732439379,351.9262395,0.109569902,
2091,2,50.39235687,2.732439379,351.9262395,0.109569902,
2091,3,1799.681396,1.26365548,207.5099359,0.011079304,x
2091,3,1099.221436,1.960500309,49.54637355,0.009128091,x
2091,3,499.8479004,2.185776446,60.2998044,0.010491429,x
2091,3,301.2876282,1.435094978,193.4886957,0.011537019,x
2091,3,151.820816,1.38640031,70.41071596,0.006853149,x
2091,3,49.11782455,0.816403126,244.1383077,0.008793012,x
2091,3,49.11782455,0.816403126,244.1383077,0.008793012,x
2092,1,1802.163452,27.54924619,180.7861004,0.223511419,
2092,1,1098.320557,25.61687742,221.4427442,0.257677419,
2092,1,501.7736511,18.78710303,281.7182158,0.291512022,
2092,1,297.111145,13.7101111,317.7535012,0.311262172,
2092,1,192.6463776,6.730119755,358.4559305,0.328901545,
2092,1,192.358963,9.077571597,346.4402328,0.327944905,
2092,1,192.358963,9.077571597,346.4402328,0.327944905,
2092,2,1791.626831,28.33097047,251.1526905,0.357474427,
2092,2,1093.208008,24.81270039,281.2404487,0.398574445,
2092,2,491.0291443,17.40380457,321.7488851,0.434137236,
2092,2,290.9931641,10.20228362,352.9440475,0.448295323,
2092,2,190.3410187,6.471846636,370.0268061,0.47542617,
2092,2,190.3410187,6.471846636,370.0268061,0.47542617,
2092,2,190.2190704,5.642820658,372.6679956,0.471757088,
2092,3,1800.521484,33.32334576,267.2902271,0.485114441,
2092,3,1099.567139,33.10008068,273.3375134,0.499084799,
2092,3,500.0062561,21.19818058,323.5334799,0.54620999,
2092,3,301.6790466,15.21931032,343.0388934,0.533650536,
2092,3,150.6159973,7.99668958,368.1833385,0.529645386,
2092,3,49.93663788,2.054244545,388.3879575,0.485256738,
2092,3,49.93663788,2.054244545,388.3879575,0.485256738,
2093,1,1801.226318,10.89776207,NA,0.255337349,
2093,1,1100.865479,8.206528414,NA,0.256285029,
2093,1,498.8383789,6.870450467,NA,0.27472038,
2093,1,300.752594,6.042062967,NA,0.255310187,
2093,1,151.4259644,4.953360297,NA,0.25705216,
2093,1,49.23787308,1.855583629,NA,0.249729968,
2093,1,49.23787308,1.855583629,NA,0.249729968,
2093,2,1800.592407,11.42089338,268.4011935,0.153360804,x
2093,2,1800.184082,11.69726743,264.5998142,0.152200334,
2093,2,1098.366089,10.2946607,262.4700095,0.130942136,
2093,2,501.5826416,8.373821034,267.5366132,0.110038613,
2093,2,297.9387207,7.068165748,275.1836974,0.09873982,
2093,2,146.5776367,4.844593207,299.9557287,0.08559427,
2093,2,49.91970062,2.176239403,340.1754524,0.068310808,
2093,3,1798.825806,12.03223372,187.3923769,0.096739342,
2093,3,1102.201172,11.38698423,196.714455,0.095209955,
2093,3,500.5321045,10.75071763,205.8841357,0.093341623,
2093,3,302.1213379,8.313861449,251.3196289,0.094963047,
2093,3,151.9665985,5.659956907,286.4101937,0.085245106,
2093,3,50.28387451,1.283683951,368.1970566,0.07845627,
2093,3,50.28387451,1.283683951,368.1970566,0.07845627,
2094,2,1801.961548,9.511384052,221.8255988,0.092351208,
2094,2,1097.061035,8.159895742,243.280352,0.089840616,
2094,2,497.7572021,5.35838185,291.2700266,0.086615728,
2094,2,300.2905579,4.938237152,294.9441744,0.082466251,
2094,2,148.7194824,2.342140923,341.8594213,0.075680612,
2094,2,51.34115219,0.164631348,388.0932892,0.070732386,
2094,2,51.34115219,0.164631348,388.0932892,0.070732386,
2094,3,1800.439453,14.01223654,247.4897502,0.163767892,
2094,3,1103.224365,12.56075953,268.4957151,0.170931058,
2094,3,497.5561829,9.752613213,300.3245133,0.177412781,
2094,3,299.9221802,8.851358866,310.3082119,0.179602224,
2094,3,148.5663757,5.447021243,340.8254191,0.175609446,
2094,3,51.03702164,2.376831924,368.4957211,0.163808258,
2094,3,51.03702164,2.376831924,368.4957211,0.163808258,
2095,1,1801.817871,20.90135098,226.4052238,0.212778151,
2095,1,1100.810547,20.21707007,238.5376542,0.220767608,
2095,1,498.3959351,16.3779114,273.5350929,0.23004219,
2095,1,302.1226501,12.20723616,301.7387416,0.223476938,
2095,1,149.1958466,10.11924208,313.5310544,0.208822834,
2095,1,51.11165619,1.610516272,379.0911127,0.18097929,
2095,1,51.11165619,1.610516272,379.0911127,0.18097929,
2095,2,1798.71814,20.38058551,257.2574691,0.257534025,
2095,2,1100.728882,20.4229612,269.3170798,0.280018693,
2095,2,499.5140381,15.23330891,310.6252667,0.310391057,
2095,2,298.75,10.07933806,339.6106216,0.313043329,
2095,2,149.3090515,5.015717239,367.2183705,0.30788155,
2095,2,49.15645599,-0.326677168,397.2373084,0.291929767,
2095,2,49.15645599,-0.326677168,397.2373084,0.291929767,
2095,3,1800.505615,14.70770206,206.9503395,0.13137906,
2095,3,1098.647827,12.00643873,250.0055404,0.13960155,
2095,3,499.9914551,10.41169717,255.7604202,0.124192237,
2095,3,299.008728,8.942233296,278.3186932,0.127028304,
2095,3,149.0975342,5.831842275,312.8193415,0.116824747,
2095,3,48.94047928,1.414230131,373.3725277,0.111819308,
2095,3,48.94047928,1.414230131,373.3725277,0.111819308,
2096,1,1801.255737,25.10496222,234.227389,0.273989404,
2096,1,1099.540771,20.8806409,254.2590056,0.257915602,
2096,1,501.3139954,14.4343876,296.6235927,0.255097338,
2096,1,300.9338684,14.78384025,298.6683273,0.263216785,
2096,1,148.8713684,3.344607987,370.3202334,0.245342168,
2096,1,51.08177185,3.224035901,371.8022742,0.238554802,
2096,1,51.08177185,3.224035901,371.8022742,0.238554802,
2096,2,1800.70813,21.82393585,187.6301924,0.17956784,
2096,2,1099.152832,20.24177877,212.4537095,0.188819395,
2096,2,499.7579956,17.50224481,248.9295487,0.204058938,
2096,2,298.787323,12.40260833,280.4685212,0.18352797,
2096,2,149.6928101,7.573006642,320.3314775,0.171227681,
2096,2,51.10614395,3.092878769,356.499962,0.136324583,
2096,2,51.10614395,3.092878769,356.499962,0.136324583,
2096,3,1801.090088,8.417109219,107.8191197,0.04792294,
2096,3,1101.550903,8.576599414,111.2101356,0.049219528,
2096,3,499.256897,7.574567435,127.0776244,0.045806185,
2096,3,299.8646851,6.357858757,182.218208,0.048507019,
2096,3,149.4329834,6.004714068,173.9100643,0.043836674,
2096,3,48.8770256,1.454516916,328.086876,0.035391478,
2096,3,48.8770256,1.454516916,328.086876,0.035391478,
2097,1,1796.750732,20.20768815,261.2839319,0.278361784,
2097,1,1102.381836,18.08792035,274.6103547,0.276940019,
2097,1,498.8569946,13.8078214,296.5712854,0.25796234,
2097,1,302.3515625,9.501979204,316.0810987,0.223072603,
2097,1,151.567688,4.774736931,343.9303022,0.180296583,
2097,1,49.95230103,1.626996588,367.3907374,0.127039057,
2097,1,49.95230103,1.626996588,367.3907374,0.127039057,
2097,2,1800.299927,16.19553639,253.9838321,0.203159373,
2097,2,1101.550049,15.71136611,272.9404989,0.22736775,
2097,2,499.040863,13.47838057,299.4297046,0.248717992,
2097,2,300.8742981,9.471988807,329.4429493,0.257917985,
2097,2,149.7459717,4.870186788,360.064198,0.256187344,
2097,2,50.95527267,-0.587198082,396.7354385,0.248468679,
2097,2,50.95527267,-0.587198082,396.7354385,0.248468679,
2097,3,1800.088013,15.67054638,249.7081357,0.188709921,
2097,3,1099.863525,14.81784604,268.6437017,0.204269098,
2097,3,501.9601135,11.82725765,301.0610881,0.219446254,
2097,3,298.7414246,8.908017943,322.9317683,0.21614863,
2097,3,151.5340271,6.675931929,340.9024444,0.213557437,
2097,3,50.2678299,0.994920782,385.6094971,0.205414676,
2097,3,50.2678299,0.994920782,385.6094971,0.205414676,
2099,1,1802.25293,19.74929828,276.8330121,0.291354045,
2099,1,1098.174927,18.69472557,295.8115547,0.327005522,
2099,1,498.6545105,15.44918612,320.3400268,0.355364753,
2099,1,299.315979,10.33849241,347.5015944,0.372213051,
2099,1,151.2389679,6.168603086,367.1512488,0.371476044,
2099,1,51.59414673,1.836804227,387.3566542,0.366947819,
2099,1,51.59414673,1.836804227,387.3566542,0.366947819,
2099,2,1801.555298,31.84942085,238.6519269,0.362192337,
2099,2,1100.204834,28.59878879,255.2480882,0.362898669,
2099,2,498.3296509,22.44934286,282.0912611,0.352708864,
2099,2,300.3843384,16.53303774,303.7671688,0.322716331,
2099,2,151.3387146,8.982263288,337.6640882,0.287867083,
2099,2,51.58021545,1.044296037,382.5756134,0.247188071,
2099,2,51.58021545,1.044296037,382.5756134,0.247188071,
2099,3,1802.024414,19.27830415,229.021082,0.19746426,x
2099,3,1801.886963,19.7307788,223.2632743,0.194918577,x
2099,3,1801.758545,22.14527555,259.6587181,0.285385172,x
2099,3,1801.738892,19.57491716,226.5175579,0.197433067,x
2099,3,1801.681396,24.90195627,245.7113375,0.288847685,x
2099,3,1801.63208,19.47114506,230.087517,0.201074732,x
2099,3,1801.509399,19.11473607,235.9363409,0.205150806,x
2099,3,1801.22229,19.29376367,238.9700101,0.211996016,x
2099,3,1801.213379,21.15699334,223.4111252,0.209775175,x
2099,3,1801.19751,21.75586376,263.4317345,0.289045725,x
2099,3,1801.143921,24.88893134,245.4736799,0.288118721,x
2099,3,1801.113037,24.96386986,243.1433262,0.284769349,x
2099,3,1801.09082,24.76900663,245.3089927,0.287035978,x
2099,3,1801.07605,23.99889579,250.6684982,0.288797074,x
2099,3,1801.072021,23.37246617,251.7589471,0.283289267,x
2099,3,1801.054688,22.66663735,257.9885975,0.288104151,x
2099,3,1800.97998,22.14167508,225.7225833,0.223002975,x
2099,3,1800.973511,25.5172035,240.2542517,0.284950912,x
2099,3,1800.937256,22.15783938,226.3899107,0.224083765,x
2099,3,1800.9198,21.72087365,226.1707849,0.219604583,x
2099,3,1800.9021,24.22962765,224.4469287,0.243128819,x
2099,3,1800.889893,21.96981631,237.468655,0.239699768,x
2099,3,1800.88501,22.09236536,234.3118815,0.23601404,x
2099,3,1800.841431,22.90071067,237.8721436,0.250607143,x
2099,3,1800.774048,22.40502014,239.5749761,0.24774838,x
2099,3,1800.753906,23.79415801,249.640353,0.284127414,x
2099,3,1800.728271,21.31236929,234.9933866,0.228381979,x
2099,3,1800.717285,21.94813576,234.1793708,0.234007373,x
2099,3,1800.711182,23.73719527,250.243366,0.284337151,x
2099,3,1800.699829,23.86067481,233.4183576,0.253731134,x
2099,3,1800.698975,24.5601491,245.3180643,0.284337148,x
2099,3,1800.651245,24.71128486,241.1244561,0.277664007,x
2099,3,1800.609253,22.68625708,242.5549529,0.256748225,x
2099,3,1800.536987,22.90809957,244.9586935,0.264071375,x
2099,3,1800.528809,23.08137086,251.29528,0.278972735,x
2099,3,1800.509521,23.57638547,248.5084877,0.279181708,x
2099,3,1800.505615,23.22812503,252.6538359,0.283736455,x
2099,3,1800.436523,21.22123968,256.1753771,0.265342941,x
2099,3,1800.435669,22.46987668,250.3772807,0.268983754,x
2099,3,1800.424438,23.74749368,246.4362218,0.276898063,x
2099,3,1800.39502,23.43897589,245.3161813,0.270726621,x
2099,3,1800.368042,23.9851741,243.5069411,0.274194956,
2099,3,1101.013916,21.40123693,261.275039,0.276010311,
2099,3,499.1951599,15.47502703,290.9428434,0.256256384,
2099,3,299.8166504,9.790217541,322.478416,0.233614903,
2099,3,151.8779144,1.544528215,379.0463441,0.202447004,
2099,3,50.37764359,0.500223865,387.2900604,0.169211081,
2099,3,50.37764359,0.500223865,387.2900604,0.169211081,
2100,1,1801.996704,19.95658106,215.6993176,0.192081542,
2100,1,1100.97937,19.02097236,239.8433647,0.211278491,
2100,1,497.8416748,15.19009049,280.765962,0.229348721,
2100,1,300.3626099,12.18838708,302.967245,0.227825768,
2100,1,150.2681885,5.865045927,348.1611642,0.215994368,
2100,1,49.58693314,1.320804546,383.1229603,0.196693235,
2100,1,49.58693314,1.320804546,383.1229603,0.196693235,
2100,2,1797.72168,26.77696029,213.0078241,0.254756882,
2100,2,1099.459473,24.2279475,242.0184582,0.274507824,
2100,2,503.2485352,18.69365554,285.4846928,0.295211946,
2100,2,297.6011963,13.87774235,314.0414871,0.293465402,
2100,2,150.9997406,7.344647225,351.5143535,0.286784839,
2100,2,52.42812729,2.154954792,381.114211,0.257653787,
2100,2,52.42812729,2.154954792,381.114211,0.257653787,
2100,3,1799.152466,21.39087174,232.6134949,0.229967002,
2100,3,1101.023315,20.38039696,254.4125589,0.252743871,
2100,3,502.3025513,13.85865674,307.3648301,0.277803342,
2100,3,300.2896423,11.3689893,325.7428786,0.287419367,
2100,3,150.2910309,5.402251279,361.9710099,0.288590592,
2100,3,49.49898911,2.547788348,379.3442537,0.272839763,
2100,3,49.49898911,2.547788348,379.3442537,0.272839763,
2101,1,1799.407593,23.10977763,265.6881007,0.32925136,
2101,1,1101.467773,21.26432514,280.0502895,0.339613328,
2101,1,500.9117126,17.08326007,305.1877691,0.348019644,
2101,1,300.809021,12.03027027,329.6847172,0.340410137,
2101,1,148.4191589,6.07465208,359.0019412,0.322156286,
2101,1,50.59067154,1.365450218,384.4713505,0.293799726,
2101,1,50.59067154,1.365450218,384.4713505,0.293799726,
2101,2,1800.149902,19.71582994,241.5432915,0.227718777,
2101,2,1101.605103,17.76127962,253.3343612,0.220375888,
2101,2,498.5952148,14.75092599,270.5667509,0.206471103,
2101,2,298.1186218,9.630698053,302.5229556,0.183157349,
2101,2,149.2789154,5.754736328,329.7469812,0.156589373,
2101,2,51.02696609,-0.060316073,391.3305464,0.133089663,
2101,2,51.02696609,-0.060316073,391.3305464,0.133089663,
2101,3,1800.972046,7.941127884,286.0819939,0.129120057,
2101,3,1099.21521,7.206706147,296.8306508,0.129639819,
2101,3,500.8567505,6.357959566,304.9103657,0.122830682,
2101,3,302.7636414,4.252935048,326.2339014,0.108422033,
2101,3,150.2129059,1.925360068,357.3391418,0.0934957,
2101,3,51.46815491,-0.723214047,405.8782649,0.077711063,
2101,3,51.46815491,-0.723214047,405.8782649,0.077711063,
2102,1,1801.33252,20.06273458,9.086946419,0.084870543,
2102,1,1097.818481,16.91953374,39.82067626,0.077556882,
2102,1,497.1836243,16.27366497,37.32954165,0.073580045,
2102,1,301.6973877,11.06222268,131.680707,0.067956137,
2102,1,150.9804688,8.371402567,154.4867069,0.056013729,
2102,1,49.03548813,3.050547047,251.9179137,0.034047564,
2102,1,49.03548813,3.050547047,251.9179137,0.034047564,
2102,2,1799.669678,18.87453265,254.385371,0.231850585,
2102,2,1098.649658,16.10137045,284.8852143,0.252357712,
2102,2,498.2306519,12.27881947,316.5323448,0.268655912,
2102,2,301.3993835,10.11780175,331.3022741,0.270892246,
2102,2,151.1662598,4.796124622,364.2609188,0.265842896,
2102,2,48.83450699,1.573688275,384.6848871,0.258421625,
2102,2,48.83450699,1.573688275,384.6848871,0.258421625,
2102,3,1799.544434,31.31209131,166.860331,0.235537341,
2102,3,1098.666138,28.6773047,207.005375,0.261932521,
2102,3,499.0660706,21.30134481,259.4549909,0.268364311,
2102,3,298.3755493,14.84641496,299.9642019,0.265947857,
2102,3,148.4384766,8.135821916,339.2058782,0.245192328,
2102,3,50.41212845,1.782636161,380.699947,0.196630664,
2102,3,50.41212845,1.782636161,380.699947,0.196630664,
2103,1,1800.831665,0.556931783,370.5470609,0.045794054,x
2103,1,1101.684082,3.11853951,266.6265932,0.039896901,x
2103,1,498.0467224,0.460465671,372.9791889,0.039156979,x
2103,1,300.3295898,-0.496067615,411.5136033,0.040230262,x
2103,1,150.723526,-1.558320199,455.6721622,0.039010228,x
2103,1,49.58075714,1.546969689,330.8160885,0.039654089,x
2103,1,49.58075714,1.546969689,330.8160885,0.039654089,x
2103,2,1799.79895,17.27512271,241.2668694,0.19954325,
2103,2,1100.709717,17.99863682,237.5324063,0.200101615,
2103,2,498.5594177,14.31813466,258.5711659,0.183347353,
2103,2,300.5605774,10.32364388,276.4153093,0.15214489,
2103,2,151.3896637,6.455847488,292.9408612,0.109977926,
2103,2,51.58116913,1.786465251,344.7986884,0.065763625,
2103,2,51.58116913,1.786465251,344.7986884,0.065763625,
2103,3,1800.526855,19.27697494,251.8806233,0.23388894,
2103,3,1800.354004,14.67116575,195.2330459,0.122696053,x
2103,3,1101.688477,15.01016331,198.6446926,0.126674638,x
2103,3,1099.984497,15.68040571,293.9216461,0.272261485,
2103,3,500.8809509,13.96128057,312.4396516,0.291835233,
2103,3,500.3111877,11.79548754,242.9525406,0.128617794,x
2103,3,301.0645142,12.79155062,328.3702311,0.328433272,
2103,3,298.9056396,9.245119466,263.8782162,0.116295398,x
2103,3,151.3091888,5.596321401,363.1747769,0.299708293,
2103,3,149.7028961,5.272122586,314.6464409,0.109190383,x
2103,3,49.15070343,1.150375877,387.2876149,0.249683025,
2103,3,49.15070343,1.150375877,387.2876149,0.249683025,
2103,3,48.84117508,1.004081511,370.7958038,0.072576941,x
2103,3,48.84117508,1.004081511,370.7958038,0.072576941,x
2104,1,1798.916504,28.77538001,254.1427002,0.366309586,
2104,1,1098.189331,25.4441718,276.7887565,0.385312764,
2104,1,500.3908691,18.4732786,311.3216853,0.393893173,
2104,1,298.5930786,11.88810097,339.1000323,0.380166427,
2104,1,149.511261,6.973048042,360.8887676,0.361436056,
2104,1,48.68455124,1.2111349,388.2006065,0.339904245,
2104,1,48.68455124,1.2111349,388.2006065,0.339904245,
2104,2,1798.706909,36.86232141,110.6313108,0.223229669,
2104,2,1100.146973,33.56791468,130.1149632,0.216757016,
2104,2,498.3032532,25.78710269,165.9630036,0.190221077,
2104,2,302.5147705,19.48259124,203.6385469,0.170839851,
2104,2,151.5128326,13.1182191,218.6218642,0.122828009,
2104,2,49.49794769,7.571731581,253.044181,0.086781381,
2104,2,49.49794769,7.571731581,253.044181,0.086781381,
2104,3,1800.368042,23.98996362,219.4246155,0.240655659,
2104,3,1099.276367,21.78596956,241.8338557,0.249774354,
2104,3,500.2740479,15.29104965,284.3383934,0.243008594,
2104,3,298.2492371,12.68072261,299.0228632,0.230629199,
2104,3,148.6405334,6.821609565,336.3872608,0.205016917,
2104,3,51.51927185,2.277698885,371.0088896,0.176183324,
2104,3,51.51927185,2.277698885,371.0088896,0.176183324,
2105,2,1799.239746,0.959399997,-93.12976321,0.003142052,x
2105,2,1100.81543,1.828865959,816.7806856,-0.006791499,x
2105,2,499.4156799,1.02158179,487.8339961,-0.017050818,x
2105,2,297.6656494,0.836668125,489.1960043,-0.013891586,x
2105,2,151.5736237,0.116258638,404.4718135,-0.017918832,x
2105,2,49.33957291,0.371237655,425.0820941,-0.019434651,x
2105,2,49.33957291,0.371237655,425.0820941,-0.019434651,x
2105,3,1799.783081,8.805433383,263.3680008,0.113540046,
2105,3,1100.243652,8.950384227,264.6228144,0.114873098,
2105,3,501.7817688,5.975453224,306.5070527,0.112764423,
2105,3,298.5896606,4.209525777,326.86637,0.102937154,
2105,3,148.0397034,1.618602799,363.5035728,0.086709454,
2105,3,50.65533829,-1.389811578,425.7525885,0.071704273,
2105,3,50.65533829,-1.389811578,425.7525885,0.071704273,
2106,1,1798.250488,22.34906658,218.500083,0.219409497,
2106,1,1100.344727,20.49763766,232.4380631,0.217554648,
2106,1,498.3138733,14.12774758,270.601524,0.195973643,
2106,1,302.0465698,9.571501218,295.797095,0.166961159,
2106,1,148.9428711,2.991354324,353.4555251,0.13457675,
2106,1,48.7084465,-0.637658525,401.1390436,0.092808529,
2106,1,48.7084465,-0.637658525,401.1390436,0.092808529,
2106,2,1799.478027,10.87454952,234.2906657,0.113286979,
2106,2,1100.608521,9.264375734,250.1120895,0.106531274,
2106,2,498.3720703,5.337915861,296.9861411,0.090859274,
2106,2,300.6863708,3.191104349,320.8501859,0.07237892,
2106,2,150.1899719,2.620483075,307.5233076,0.049312407,
2106,2,49.72110367,-0.657266939,430.143603,0.028012735,
2106,2,49.72110367,-0.657266939,430.143603,0.028012735,
2106,3,1801.379028,14.77389473,235.8432972,0.158784136,
2106,3,1099.390015,13.42726627,251.4828675,0.159177879,
2106,3,498.5074158,9.73797259,292.0489077,0.161839054,
2106,3,299.1631165,7.079407616,307.8717334,0.137862127,
2106,3,150.2114105,2.176858334,362.4020027,0.121077596,
2106,3,49.22174072,-0.952927614,408.0310635,0.096493011,
2106,3,49.22174072,-0.952927614,408.0310635,0.096493011,
2107,1,1798.926147,9.78044549,154.642069,0.067664569,
2107,1,1100.498413,9.445559507,181.9038697,0.073487429,
2107,1,501.3279114,8.67898817,203.1164658,0.074555516,
2107,1,298.1535645,7.357629763,225.2172105,0.071210524,
2107,1,151.3301849,5.593677375,258.1202768,0.066833115,
2107,1,49.92363358,1.055677917,363.5714305,0.055480205,
2107,1,49.92363358,1.055677917,363.5714305,0.055480205,
2107,2,1800.288818,15.91644037,249.4239231,0.192414512,
2107,2,1101.579834,15.11533806,266.5455432,0.206028111,
2107,2,502.191925,12.67254368,293.2353688,0.216995544,
2107,2,300.1851807,10.12572431,313.5943723,0.216326503,
2107,2,150.2467651,5.974567108,345.8275832,0.210304656,
2107,2,49.28479385,1.786510554,380.5185646,0.209496833,
2107,2,49.28479385,1.786510554,380.5185646,0.209496833,
2107,3,1799.504639,22.74920159,210.5590262,0.214733167,
2107,3,1100.782959,20.55841177,231.6489936,0.218381089,
2107,3,499.7443542,17.10624237,267.5708729,0.232257423,
2107,3,301.3135681,13.30580864,295.2506807,0.230874172,
2107,3,149.9190979,8.142679662,332.5242497,0.22446206,
2107,3,50.58546829,3.072549758,370.3271905,0.212593218,
2107,3,50.58546829,3.072549758,370.3271905,0.212593218,
2108,1,1801.170166,8.836005656,144.515513,0.058219956,
2108,1,1098.480225,7.952647834,176.2889311,0.059909688,
2108,1,499.0608521,5.18323394,250.0076138,0.059053182,
2108,1,301.1344604,3.623055532,291.8511552,0.058084257,
2108,1,151.4438477,1.417035066,349.2955222,0.05146519,
2108,1,49.88022614,-1.45547766,446.5482529,0.044302795,
2108,1,49.88022614,-1.45547766,446.5482529,0.044302795,
2108,2,1799.651978,25.4249765,242.0226948,0.295503922,
2108,2,1101.915649,24.00683721,249.5541316,0.290494984,
2108,2,501.1236572,17.28120306,291.4611754,0.292789629,
2108,2,301.118103,12.42034878,321.1460303,0.29411208,
2108,2,148.4112396,7.024512968,352.7127682,0.286915831,
2108,2,50.52721405,1.564007362,385.6265551,0.273705282,
2108,2,50.52721405,1.564007362,385.6265551,0.273705282,
2108,3,1800.318604,27.67993075,224.1151797,0.282436267,
2108,3,1098.818481,26.85178819,240.9406102,0.302324111,
2108,3,500.7008362,19.36213024,284.3536279,0.302990368,
2108,3,298.9458618,16.26271726,301.0307872,0.295793239,
2108,3,148.0838776,8.591264872,347.860368,0.309457336,
2108,3,49.69509506,2.945180807,378.1849458,0.283438134,
2108,3,49.69509506,2.945180807,378.1849458,0.283438134,
2109,1,1801.211182,17.11762145,185.2327028,0.138931766,
2109,1,1099.713379,16.9910578,201.4304117,0.14872074,
2109,1,501.0348511,14.4161438,242.8361375,0.160608844,
2109,1,299.6146545,10.23108404,281.1140663,0.152551978,
2109,1,149.8543091,4.971992177,332.274484,0.136489454,
2109,1,49.26632309,1.007525814,376.5904342,0.100507702,
2109,1,49.26632309,1.007525814,376.5904342,0.100507702,
2109,2,1802.425537,23.73861101,181.2467402,0.192028983,
2109,2,1096.92688,19.96438405,240.1698412,0.225252723,
2109,2,497.5733643,15.32543934,289.9142887,0.255879922,
2109,2,299.6215515,11.64388749,317.5862089,0.263359453,
2109,2,148.3102417,5.316720447,358.6536568,0.259083991,
2109,2,50.73473358,1.535275193,384.0122526,0.244188471,
2109,2,50.73473358,1.535275193,384.0122526,0.244188471,
2109,3,1799.077637,10.40801066,210.6810258,0.09402378,
2109,3,1101.700195,10.44457423,198.6661643,0.087811436,
2109,3,500.5845947,6.203072126,261.3175617,0.076547326,
2109,3,300.8289795,5.970220865,260.9228968,0.073053766,
2109,3,148.4306793,2.713498986,322.4945499,0.06148774,
2109,3,48.69568634,0.590630161,376.1024469,0.053130471,
2109,3,48.69568634,0.590630161,376.1024469,0.053130471,
2110,1,1797.757813,23.18550838,183.3800859,0.186901693,
2110,1,1097.241699,22.21963569,203.4767327,0.197448265,
2110,1,500.629425,16.99440428,251.0355855,0.20133705,
2110,1,297.512207,12.95274386,277.225314,0.187486568,
2110,1,152.9047241,7.963347833,309.8303685,0.160080956,
2110,1,49.98192978,1.503069726,371.1528467,0.121545355,
2110,1,49.98192978,1.503069726,371.1528467,0.121545355,
2110,2,1799.753906,18.36483956,250.0235471,0.217412226,
2110,2,1100.00708,17.70338992,265.0351808,0.232271144,
2110,2,501.2337952,14.28477982,294.3517319,0.241423339,
2110,2,297.9676208,12.390418,305.966206,0.23663686,
2110,2,150.4348297,7.218911578,340.2096652,0.224844562,
2110,2,50.88520813,2.95101239,373.2073565,0.229112185,
2110,2,50.88520813,2.95101239,373.2073565,0.229112185,
2110,3,1795.144409,24.64302927,217.8896267,0.246362545,
2110,3,1094.28479,22.85257557,246.0722138,0.272283252,
2110,3,496.0482483,16.69494111,291.6626308,0.287983753,
2110,3,293.6307373,11.61678824,325.1892783,0.299483786,
2110,3,191.2913208,6.751991643,354.025153,0.303956278,
2110,3,191.2351837,7.118718912,351.7979306,0.303397302,
2110,3,191.2351837,7.118718912,351.7979306,0.303397302,
2111,1,1801.026978,31.09195578,261.1870153,0.413394771,
2111,1,1099.359497,26.16525173,284.0453076,0.418498929,
2111,1,496.9900818,17.79272149,321.3011751,0.426325909,
2111,1,298.6322327,15.12311633,337.1660403,0.460894724,
2111,1,152.5072021,9.565130562,354.7890368,0.411281164,
2111,1,47.35729218,1.186581545,390.1149545,0.395194279,
2111,1,47.35729218,1.186581545,390.1149545,0.395194279,
2111,2,1798.402588,26.09353048,268.6791769,0.3665721,
2111,2,1100.224243,22.78782896,287.6749058,0.376291154,
2111,2,499.6161499,16.44012867,317.0996659,0.372919535,
2111,2,300.296051,11.73197405,337.4206008,0.358826544,
2111,2,151.8695984,6.781975538,359.4883867,0.335345231,
2111,2,52.09587097,2.004331914,382.8550778,0.298858144,
2111,2,52.09587097,2.004331914,382.8550778,0.298858144,
2111,3,1801.55481,17.49939259,201.4931272,0.153025305,
2111,3,1099.455811,16.41686443,226.2807308,0.164601979,
2111,3,498.9807739,14.61036667,242.7064273,0.160941345,
2111,3,299.5196838,9.542376749,277.58132,0.135610387,
2111,3,151.7833405,4.832590304,326.1001102,0.117527424,
2111,3,50.30291748,0.368128933,386.8856717,0.089302917,
2111,3,50.30291748,0.368128933,386.8856717,0.089302917,
2112,1,1798.462402,30.38257318,217.385237,0.299421704,
2112,1,1100.043335,25.62080882,249.921989,0.31059159,
2112,1,498.6773682,20.44112461,280.3684802,0.311942676,
2112,1,300.6786804,14.90046372,308.7484202,0.301748479,
2112,1,151.5239258,7.877756091,348.5167902,0.298760681,
2112,1,48.0459938,1.394016214,385.1950128,0.279114242,
2112,1,48.0459938,1.394016214,385.1950128,0.279114242,
2112,2,1798.099609,24.41433533,277.0500992,0.364498856,
2112,2,1099.631836,23.07312243,286.0617155,0.3690121,
2112,2,501.1152954,15.68330309,323.5432926,0.383315599,
2112,2,298.7834167,12.37799083,339.3101268,0.383965475,
2112,2,148.1680603,7.079946043,363.2595259,0.380761934,
2112,2,49.59326553,2.774795569,382.2792692,0.353967876,
2112,2,49.59326553,2.774795569,382.2792692,0.353967876,
2112,3,1800.205566,7.07288825,-635.9897958,0.010906603,
2112,3,1100.709351,6.557779176,-2017.783978,0.004302255,
2112,3,499.93927,4.702199174,1233.621359,-0.008806148,
2112,3,300.537323,3.182554652,697.2118099,-0.016431302,
2112,3,151.9372711,1.972212383,537.1523082,-0.021531425,
2112,3,51.64486694,1.11027508,465.5701455,-0.024239819,
2112,3,51.64486694,1.11027508,465.5701455,-0.024239819,
2113,1,1798.422363,17.27196045,230.79608,0.181369467,
2113,1,1101.408325,14.92604333,255.9878683,0.185599941,
2113,1,500.8650208,11.81998244,285.2623161,0.186055969,
2113,1,299.4230347,9.299466604,305.4368464,0.180050206,
2113,1,150.3691406,6.359219398,334.5028236,0.184284992,
2113,1,50.96417236,1.307842031,379.2941049,0.171962552,
2113,1,50.96417236,1.307842031,379.2941049,0.171962552,
2113,2,1798.555908,20.76626348,265.5718871,0.280589733,
2113,2,1097.933838,20.64408662,270.1855314,0.287201872,
2113,2,501.5686035,16.22751968,299.5240104,0.293927984,
2113,2,298.7555847,11.9532091,322.4713723,0.284517318,
2113,2,151.4055176,7.946680571,345.0097044,0.273015725,
2113,2,50.27755356,2.433572126,378.1191859,0.252400222,
2113,2,50.27755356,2.433572126,378.1191859,0.252400222,
2113,3,1801.96521,13.35418484,275.4290704,0.18852056,
2113,3,1097.13623,12.83643247,268.9527491,0.170386069,
2113,3,502.9660645,10.99757225,278.9700176,0.158110111,
2113,3,300.9862671,9.858951472,283.9304893,0.147551709,
2113,3,150.3681335,6.798130061,315.9938939,0.14337192,
2113,3,48.20482635,4.068023172,342.1191541,0.128228529,
2113,3,48.20482635,4.068023172,342.1191541,0.128228529,
2114,1,1800.807251,23.88364507,229.5990757,0.255915138,
2114,1,1102.250732,22.30918196,250.8748277,0.274435889,
2114,1,501.2996826,18.66158851,275.4049528,0.276049456,
2114,1,297.0784912,15.48066075,292.6422194,0.264515958,
2114,1,151.1786804,8.257841329,334.9292671,0.246779722,
2114,1,47.45118332,3.236592795,366.4366365,0.209387624,
2114,1,47.45118332,3.236592795,366.4366365,0.209387624,
2114,2,1799.136353,11.39808055,225.9224343,0.114271993,
2114,2,1100.331421,9.991634162,250.1164784,0.11668939,
2114,2,501.704834,8.98887532,266.0876722,0.116818932,
2114,2,298.2136841,7.374270364,288.0801643,0.115128903,
2114,2,151.9855804,4.500040827,323.9511238,0.105635232,
2114,2,50.42842102,1.539917684,368.0845699,0.095465826,
2114,2,50.42842102,1.539917684,368.0845699,0.095465826,
2114,3,1799.292847,21.04948447,253.1940713,0.260836864,
2114,3,1099.358643,19.09895411,268.2449402,0.263182769,
2114,3,498.1143494,17.756887,279.9754471,0.266245553,
2114,3,299.1397095,12.6777037,308.7974255,0.253034816,
2114,3,149.0245056,7.222077187,344.107015,0.242509494,
2114,3,48.7202034,2.111053371,379.0148743,0.219841085,
2114,3,48.7202034,2.111053371,379.0148743,0.219841085,
2115,1,1803.807617,38.19614428,182.3143864,0.307690324,
2115,1,1098.206177,35.41716092,202.8322159,0.314138312,
2115,1,497.5591125,28.21910931,248.4798081,0.326461638,
2115,1,299.7297974,22.66619123,271.5407268,0.30855576,
2115,1,148.1168976,14.06134666,316.5835751,0.297905462,
2115,1,50.3490448,5.853518141,361.5957838,0.281424451,
2115,1,50.3490448,5.853518141,361.5957838,0.281424451,
2115,2,1798.453125,25.87466431,233.4888786,0.273789315,
2115,2,1098.997681,26.83381036,232.5589191,0.279710229,
2115,2,499.9287109,20.20700484,270.0573531,0.272500392,
2115,2,301.6231384,18.13076781,267.7314186,0.236853758,
2115,2,151.9637146,9.002524679,327.2341749,0.220630922,
2115,2,48.2448616,2.916916907,365.0913987,0.160372198,
2115,2,48.2448616,2.916916907,365.0913987,0.160372198,
2115,3,1799.966675,18.27997034,161.9647498,0.131519786,
2115,3,1102.011719,17.44872529,186.2254024,0.139839184,
2115,3,500.7301025,13.60341515,235.9923034,0.142842588,
2115,3,297.8534546,11.04138015,247.8114142,0.123903267,
2115,3,152.1925354,6.181467663,296.2318809,0.102715848,
2115,3,50.4246788,1.149075051,369.5805507,0.07530661,
2115,3,50.4246788,1.149075051,369.5805507,0.07530661,
2116,1,1800.775757,20.02565262,246.165706,0.232523661,
2116,1,1100.999146,17.43718521,270.772802,0.242904575,
2116,1,500.7061462,14.79550139,286.8868022,0.235946746,
2116,1,301.9032288,14.26794375,285.3889402,0.221949084,
2116,1,148.3790741,9.052794906,316.2355879,0.196142381,
2116,1,48.30682755,2.243595558,370.3798419,0.16657772,
2116,1,48.30682755,2.243595558,370.3798419,0.16657772,
2116,2,1798.862061,23.72597752,276.9397371,0.359185126,
2116,2,1099.40686,21.66620018,296.2672172,0.391147648,
2116,2,499.0395813,15.78772043,328.8931922,0.423845743,
2116,2,298.7418518,10.78912854,351.5894687,0.439414428,
2116,2,193.1492767,7.369513943,365.9221714,0.441326075,
2116,2,193.1492767,7.369513943,365.9221714,0.441326075,
2116,2,192.9684753,6.012143625,371.1811165,0.441710258,
2116,3,1798.60022,28.06086458,265.0038064,0.383053564,
2116,3,1098.701904,25.40700179,281.4287,0.394390221,
2116,3,499.4636841,19.88993035,307.6512924,0.397180278,
2116,3,298.7470093,15.74185056,326.0125016,0.397988698,
2116,3,149.6759491,8.614134934,355.7983875,0.378462449,
2116,3,51.32235718,1.250175409,389.0286209,0.345263805,
2116,3,51.32235718,1.250175409,389.0286209,0.345263805,
2117,1,1800.05835,7.690806529,242.7149805,0.086336476,
2117,1,1099.68396,6.070080733,275.7249822,0.087380699,
2117,1,499.164093,5.664374399,286.9705528,0.088957551,
2117,1,301.2390747,5.154553191,295.3835823,0.08737448,
2117,1,151.1993408,2.930279366,335.7017551,0.085498878,
2117,1,49.86994553,1.704005326,358.0921346,0.082116076,
2117,1,49.86994553,1.704005326,358.0921346,0.082116076,
2117,2,1800.085449,6.647244565,209.9564852,0.060946159,
2117,2,1100.036987,6.969924615,207.7960122,0.062422316,
2117,2,501.555481,6.806250539,215.0956742,0.062870898,
2117,2,299.658783,6.064774898,227.2116963,0.059920415,
2117,2,150.2271576,4.623497041,256.9816806,0.05564849,
2117,2,49.52104187,1.787906671,331.9807105,0.048906079,
2117,2,49.52104187,1.787906671,331.9807105,0.048906079,
2118,1,1799.900024,21.43813989,188.3335827,0.179263104,
2118,1,1099.382446,20.473052,212.6625189,0.193501863,
2118,1,498.963623,15.25471594,269.2560262,0.209559068,
2118,1,299.5577087,11.1502669,300.7441603,0.20410499,
2118,1,151.3952179,6.015970296,343.6977215,0.202581148,
2118,1,51.47001266,0.99398521,385.2748634,0.184655971,
2118,1,51.47001266,0.99398521,385.2748634,0.184655971,
2118,3,1801.354248,21.83964085,301.4789191,0.423550413,
2118,3,1100.615234,20.07792061,295.7283404,0.358285162,
2118,3,498.8871765,15.36915556,314.9374139,0.336442546,
2118,3,301.7643433,12.04913035,324.3892616,0.293887018,
2118,3,151.2785492,6.482159836,354.5292304,0.27045668,
2118,3,48.98680115,2.117368141,381.0992002,0.237320522,
2118,3,48.98680115,2.117368141,381.0992002,0.237320522,
2119,1,1799.499268,6.286262479,187.0433564,0.049409402,
2119,1,1101.144531,4.717743886,239.6360646,0.049469962,
2119,1,499.493988,4.561239661,246.0429629,0.049580957,
2119,1,298.1097717,4.305100757,264.625449,0.053414597,
2119,1,151.8955536,3.592538116,270.7432505,0.046538871,
2119,1,49.48194504,0.595447667,374.6801436,0.046305093,
2119,1,49.48194504,0.595447667,374.6801436,0.046305093,
2119,2,1801.602661,17.51050128,188.3210382,0.142480469,
2119,2,1102.047119,16.75450146,199.4900617,0.143709682,
2119,2,498.0925598,14.19771008,228.1477514,0.141767872,
2119,2,300.3929138,11.03776814,262.7705221,0.139667665,
2119,2,150.9129791,7.510739857,298.1163953,0.130232657,
2119,2,49.51792908,0.978281768,377.1710292,0.112736413,
2119,2,49.51792908,0.978281768,377.1710292,0.112736413,
2119,3,1801.772095,20.24871443,218.7312293,0.198668024,
2119,3,1100.70459,18.65161289,237.8230995,0.204516384,
2119,3,502.0639954,15.27414366,265.7878213,0.203382034,
2119,3,300.2653503,11.93673971,288.5404201,0.192557269,
2119,3,150.4766083,7.224471308,323.0507468,0.173730775,
2119,3,49.33722687,0.623780556,384.3153092,0.146756821,
2119,3,49.33722687,0.623780556,384.3153092,0.146756821,
2120,1,1801.940186,12.98520197,152.7593232,0.089757633,
2120,1,1098.184814,12.66369016,172.1534034,0.094727534,
2120,1,501.0184937,9.92436673,230.0746026,0.100559988,
2120,1,299.7880859,8.709575587,240.8658379,0.093823913,
2120,1,150.1452026,3.642696804,318.9167759,0.080483603,
2120,1,49.47364426,0.865659268,367.9609669,0.055911978,
2120,1,49.47364426,0.865659268,367.9609669,0.055911978,
2120,2,1798.826538,9.610788976,182.2528233,0.074601538,
2120,2,1100.215088,9.915922816,187.0414149,0.078331331,
2120,2,499.4246826,10.12312018,197.826319,0.083902408,
2120,2,301.369873,9.143967648,238.0723282,0.095424748,
2120,2,148.2111969,4.743927618,299.9867564,0.081900619,
2120,2,48.34062195,1.125607197,365.4091715,0.062879312,
2120,2,48.34062195,1.125607197,365.4091715,0.062879312,
2120,3,1800.75415,25.96456222,240.2720222,0.28954381,
2120,3,1098.189819,23.891218,257.4565761,0.297828853,
2120,3,500.9728394,16.66656855,299.2049144,0.296406105,
2120,3,298.0722656,12.43875434,324.9241403,0.301226574,
2120,3,152.0433807,5.759724362,360.9515271,0.283572238,
2120,3,50.28104019,1.898338504,384.2073448,0.274543993,
2120,3,50.28104019,1.898338504,384.2073448,0.274543993,
2121,1,1798.710205,13.93146832,334.6037818,0.412287546,
2121,1,1099.996216,14.13052389,326.5650157,0.362609671,
2121,1,499.0236511,11.10521956,329.8631434,0.295185878,
2121,1,300.8434753,9.65453262,335.581834,0.278516467,
2121,1,149.3141785,5.693675261,356.9516459,0.256128363,
2121,1,50.09101486,1.50072976,383.4539864,0.227730981,
2121,1,50.09101486,1.50072976,383.4539864,0.227730981,
2121,2,1800.846191,11.95161497,209.9721585,0.108325757,
2121,2,1098.614014,8.992253244,253.7511533,0.106679294,
2121,2,500.9969788,7.14380483,276.8187243,0.099778627,
2121,2,300.522522,5.019050579,303.1423338,0.090477698,
2121,2,151.8598328,1.870774919,355.7355992,0.080571968,
2121,2,50.06596756,0.132718042,390.9050942,0.069601844,
2121,2,50.06596756,0.132718042,390.9050942,0.069601844,
2121,3,1800.178955,15.232884,308.1060489,0.303759084,
2121,3,1100.895996,14.05834642,306.2920269,0.272801993,
2121,3,499.5568542,10.58287024,318.2895606,0.235981894,
2121,3,301.1641541,7.94803794,332.3899914,0.215242485,
2121,3,149.6142578,3.232561626,367.1050496,0.199512486,
2121,3,50.44153214,2.250099206,373.8938676,0.176848448,
2121,3,50.44153214,2.250099206,373.8938676,0.176848448,
2122,1,1801.395874,5.105145356,315.9264927,0.113538707,
2122,1,1098.669434,5.858419302,313.7220631,0.123118956,
2122,1,499.0985718,4.485781226,341.1161719,0.141603014,
2122,1,301.2589417,3.486187418,354.9766868,0.147634504,
2122,1,150.7688446,2.241362816,370.9825625,0.157798549,
2122,1,49.63498306,-1.280052108,407.3018561,0.165837641,
2122,1,49.63498306,-1.280052108,407.3018561,0.165837641,
2122,2,1798.78418,19.76828966,229.3648436,0.203179438,
2122,2,1101.641846,18.35565411,241.9958605,0.202472006,
2122,2,500.7714844,15.22057314,262.4248627,0.192040311,
2122,2,299.4746094,11.6468531,288.8736651,0.182166411,
2122,2,150.4775238,7.110149153,321.7256979,0.159467717,
2122,2,50.89065933,3.01638948,360.8932545,0.14306579,
2122,2,50.89065933,3.01638948,360.8932545,0.14306579,
2122,3,1800.230835,17.97265577,145.1382985,0.118838571,
2122,3,1100.844482,18.914093,159.812427,0.132442477,
2122,3,501.6470337,14.18304891,213.4902709,0.12821944,
2122,3,300.6603699,11.85967829,233.1633099,0.119670932,
2122,3,150.8781891,6.948410037,306.3585319,0.128432201,
2122,3,48.91793823,2.794362969,351.7830382,0.104247061,
2122,3,48.91793823,2.794362969,351.7830382,0.104247061,
2123,2,1800.674683,18.64921183,287.9803653,0.30187213,
2123,2,1099.313477,20.02503076,285.731887,0.312934786,
2123,2,500.6448975,13.13988447,326.1156759,0.326375261,
2123,2,302.0914917,7.999866357,353.0196324,0.329486774,
2123,2,152.098053,3.50726182,377.0662146,0.335435589,
2123,2,50.26724243,0.634861645,391.7508259,0.321077488,
2123,2,50.26724243,0.634861645,391.7508259,0.321077488,
2124,1,1799.9198,20.18869929,157.2163319,0.143204788,
2124,1,1099.764893,18.22060669,176.0011405,0.139521418,
2124,1,499.7001038,13.98556945,207.9749386,0.124583037,
2124,1,301.4542542,11.37674001,215.0618889,0.104026722,
2124,1,151.4602814,6.79413146,265.0352802,0.085746516,
2124,1,50.1252594,3.347000144,314.4898037,0.067290471,
2124,1,50.1252594,3.347000144,314.4898037,0.067290471,
2124,3,1799.492065,12.34928494,189.2738349,0.10035031,
2124,3,1098.02478,12.31384817,188.8826363,0.09903727,
2124,3,498.3556824,10.07450162,207.3630692,0.088352493,
2124,3,300.3121643,8.170961017,228.6563625,0.080521289,
2124,3,149.3566895,5.024704689,281.4478287,0.072427075,
2124,3,50.34284973,0.854819925,365.2382833,0.048064711,
2124,3,50.34284973,0.854819925,365.2382833,0.048064711,
2125,1,1800.526733,28.61397333,226.4188222,0.303768459,
2125,1,1101.365479,24.21618814,261.2139014,0.325419521,
2125,1,498.9534912,16.7137941,306.1012892,0.339453432,
2125,1,303.2322693,10.90576869,335.0844811,0.332803845,
2125,1,152.1910553,5.652959541,360.9457815,0.310796426,
2125,1,49.8047142,1.504164162,383.7797782,0.276872196,
2125,1,49.8047142,1.504164162,383.7797782,0.276872196,
2125,2,1802.022095,10.3175192,256.9937008,0.128345545,
2125,2,1097.860229,9.828969991,276.3454195,0.141151231,
2125,2,502.5352478,7.750611489,308.4897777,0.152555184,
2125,2,296.8701172,5.501994958,335.2314459,0.157855613,
2125,2,150.6021881,4.372480817,348.5949185,0.16045768,
2125,2,52.02608109,0.102386325,392.3872941,0.160223714,
2125,2,52.02608109,0.102386325,392.3872941,0.160223714,
2125,3,1800.701416,6.430836666,177.0121151,0.049180348,x
2125,3,1800.279419,5.434985062,180.5296718,0.042182166,x
2125,3,1800.241577,5.675485567,162.1481408,0.040406935,x
2125,3,1800.171387,5.627877631,171.9661013,0.041906388,x
2125,3,1800.16333,5.50588656,173.8680221,0.04139501,x
2125,3,1800.137451,6.935975658,161.7370924,0.049379679,x
2125,3,1800.134399,4.761949241,202.3565355,0.041404986,x
2125,3,1800.134277,4.45969487,221.9705667,0.043526122,x
2125,3,1800.123291,4.863481458,201.8082533,0.042203225,x
2125,3,1800.073242,5.182318249,190.4257679,0.042315209,x
2125,3,1800.050293,5.233575367,193.0777164,0.043341997,x
2125,3,1800.028931,5.753937991,159.3968347,0.040466639,x
2125,3,1800.028687,4.9502997,198.9454579,0.042278985,x
2125,3,1800.019531,4.741111133,206.1857405,0.042111687,x
2125,3,1799.976807,5.21938356,186.2317838,0.041722911,x
2125,3,1799.905884,5.091442365,201.1964966,0.043995934,x
2125,3,1799.779175,5.740873128,179.428035,0.044372098,x
2125,3,1799.766235,5.348389886,189.9588345,0.043560533,x
2125,3,1799.672974,5.079980302,206.1229845,0.045140878,x
2125,3,1799.530762,6.222232896,166.1288139,0.045140812,x
2125,3,1799.49353,7.299300159,150.7697852,0.049567753,x
2125,3,1799.492554,5.743413155,184.1099422,0.045539457,x
2125,3,1799.324585,6.242342227,171.1654916,0.046408563,x
2125,3,1799.31543,5.89255993,189.2915992,0.04798293,x
2125,3,1799.290405,6.281568499,179.565839,0.048711552,x
2125,3,1799.277344,5.421856327,201.3985719,0.047007255,x
2125,3,1799.265747,5.911709946,185.4716914,0.047164356,x
2125,3,1799.224976,6.045562654,184.3380687,0.047982561,x
2125,3,1799.209229,5.773262662,188.6664302,0.046761662,x
2125,3,1799.178589,5.07424629,208.4734359,0.045763137,x
2125,3,1799.17688,6.115743454,176.6649957,0.046672449,x
2125,3,1799.169189,6.178773738,181.3958165,0.048343101,x
2125,3,1799.156982,5.143939841,207.3600514,0.046079329,x
2125,3,1799.150879,5.941068517,182.1896076,0.046565519,x
2125,3,1799.144775,6.78672835,161.87767,0.048401604,x
2125,3,1799.061279,5.983060579,193.9323218,0.049863521,x
2125,3,1799.054688,5.589961024,201.3637106,0.048510798,x
2125,3,1799.027832,6.123095761,172.9524999,0.045944778,x
2125,3,1798.951416,6.963296278,162.2669002,0.049766558,x
2125,3,1798.948486,6.545226314,172.0343112,0.048954658,x
2125,3,1798.92749,6.521033412,173.4583561,0.04904969,x
2125,3,1798.925537,6.155733661,178.2392416,0.047419997,
2125,3,1102.025757,6.510502333,183.2568052,0.051006651,
2125,3,500.6137695,4.890892117,244.7127687,0.054254936,
2125,3,299.2913513,4.572517466,258.8641614,0.055892708,
2125,3,150.0182343,1.702763618,342.9042083,0.057554984,
2125,3,49.21943665,-0.627362981,408.8434396,0.05646458,
2125,3,49.21943665,-0.627362981,408.8434396,0.05646458,
2126,1,1800.233032,14.19910319,276.4397496,0.206194037,
2126,1,1100.394043,12.92872026,286.3759473,0.202789729,
2126,1,498.6167297,10.14102298,301.7465277,0.183367619,
2126,1,300.7665405,7.723733347,327.247874,0.193677081,
2126,1,151.4013062,6.477868897,334.335158,0.179600778,
2126,1,51.86891174,-0.355192363,396.5026872,0.175270112,
2126,1,51.86891174,-0.355192363,396.5026872,0.175270112,
2126,2,1799.469971,9.395998094,195.4264418,0.07801776,
2126,2,1099.22168,8.342061965,209.4907197,0.074290776,
2126,2,499.0736694,6.713514759,233.6527451,0.068382028,
2126,2,301.1466675,5.768824096,246.4975478,0.063770044,
2126,2,151.1859436,4.043652461,281.8724759,0.058587606,
2126,2,50.05578995,0.804659751,368.6053249,0.052212072,
2126,2,50.05578995,0.804659751,368.6053249,0.052212072,
2126,3,1798.216309,11.52774228,170.8721949,0.086182548,
2126,3,1099.133545,10.15354775,185.9858866,0.081403283,
2126,3,498.0444031,8.31871033,207.6774127,0.074210982,
2126,3,302.3360291,7.128556194,200.8329081,0.061020938,
2126,3,151.2741089,5.22529429,219.3985397,0.049498034,
2126,3,49.19335556,2.655215275,250.3800212,0.030715062,
2126,3,49.19335556,2.655215275,250.3800212,0.030715062,
2127,2,1801.280029,13.5677344,177.6085301,0.104207375,
2127,2,1098.706177,13.24430313,198.0821845,0.111880653,
2127,2,498.6864929,11.14970963,226.8410645,0.109985844,
2127,2,299.417572,8.82092244,266.4683196,0.113986174,
2127,2,148.6180725,6.017387714,302.7911376,0.108797828,
2127,2,50.75505447,0.529925375,384.8671271,0.103998707,
2127,2,50.75505447,0.529925375,384.8671271,0.103998707,
2127,3,1799.712891,15.89756984,165.9565172,0.116981003,
2127,3,1101.453125,15.70978908,181.0799527,0.12295882,
2127,3,500.7394104,12.95397985,216.1053712,0.120378848,
2127,3,297.9301758,9.254948361,236.9782811,0.096576127,
2127,3,150.713501,6.211809869,264.1141723,0.077411691,
2127,3,49.92584991,0.798275791,369.5628705,0.051392459,
2127,3,49.92584991,0.798275791,369.5628705,0.051392459,
2129,2,1801.433228,12.95125971,254.0651319,0.15986512,x
2129,2,1800.837769,27.53344403,257.0702251,0.356688658,
2129,2,1100.331177,23.67961133,278.8977407,0.36322628,
2129,2,1099.020264,12.39129302,268.9591231,0.169568028,x
2129,2,501.4501038,9.951507447,298.7965435,0.177904669,x
2129,2,500.2507019,18.24896929,306.0550519,0.363293259,
2129,2,301.4203491,8.681942369,310.4302239,0.175286976,x
2129,2,300.7378235,14.17526434,324.0440523,0.351640865,
2129,2,149.2568359,4.679262693,348.5343459,0.172601303,x
2129,2,148.4370117,7.745014864,354.1696866,0.333820248,
2129,2,50.89679337,1.94392966,375.6821427,0.165049642,
2129,2,50.89679337,1.94392966,375.6821427,0.165049642,
2129,2,50.78147125,0.906772584,389.1909419,0.318033133,x
2129,2,50.78147125,0.906772584,389.1909419,0.318033133,x
2129,3,1800,7.469195014,196.7802455,0.063381383,
2129,3,1100,8.311986187,176.6649407,0.063054799,
2129,3,500,6.500076708,222.6671141,0.062631944,
2129,3,300,5.364383766,238.2942267,0.056574948,
2129,3,150,4.272655707,259.9266435,0.052315863,
2129,3,50,1.16243683,337.4993027,0.034418777,
2129,3,50,1.16243683,337.4993027,0.034418777,
2130,1,1800.369873,13.08884123,189.419508,0.105143055,
2130,1,1096.795166,12.3994448,215.57404,0.11401759,
2130,1,502.5734863,9.723687092,262.3669935,0.120846566,
2130,1,301.2057495,7.480053973,292.191409,0.119264184,
2130,1,150.7029419,4.471474275,335.6800776,0.12250016,
2130,1,48.52676392,0.52947443,388.4350227,0.1189436,
2130,1,48.52676392,0.52947443,388.4350227,0.1189436,
2130,3,1797.009888,29.38895435,139.2392475,0.194012166,
2130,3,1102.658936,27.12674762,159.2465474,0.19324342,
2130,3,499.4359131,22.58947183,194.910382,0.188241391,
2130,3,302.9854126,19.21036417,209.9141295,0.171572757,
2130,3,151.783844,12.45345271,257.8660519,0.148752048,
2130,3,49.04590988,7.364424009,296.021235,0.120078319,
2130,3,49.04590988,7.364424009,296.021235,0.120078319,
2131,1,1798.690796,29.33604239,275.5458953,0.434674439,
2131,1,1101.913452,25.7067684,291.5442382,0.437252548,
2131,1,499.7687683,19.53801479,316.9188622,0.43481522,
2131,1,298.1473999,14.36742015,332.711473,0.398752641,
2131,1,151.8014679,8.028509966,357.100601,0.364384024,
2131,1,49.10417938,2.325267376,383.0706358,0.322740997,
2131,1,49.10417938,2.325267376,383.0706358,0.322740997,
2131,2,1800.274536,9.631170884,197.7276879,0.08098673,
2131,2,1098.458008,8.711501001,216.1555122,0.080478906,
2131,2,501.5032959,8.22593198,196.7840658,0.067797562,
2131,2,298.5592957,6.322792701,209.3294926,0.055445439,
2131,2,151.1709595,3.894893141,244.3018003,0.042046239,
2131,2,50.2222023,0.347462351,372.0537422,0.026803822,
2131,2,50.2222023,0.347462351,372.0537422,0.026803822,
2132,1,1798.57373,21.84706957,259.2402709,0.289769195,
2132,1,1098.57605,20.62577998,269.9461586,0.295978981,
2132,1,499.329895,17.30110905,290.3736214,0.294070968,
2132,1,299.7883301,12.98786292,314.4033443,0.285939623,
2132,1,151.9989319,6.978426847,347.8778793,0.267199902,
2132,1,50.43383789,2.175447639,378.2716893,0.249941281,
2132,1,50.43383789,2.175447639,378.2716893,0.249941281,
2132,2,1799.225586,8.130337225,161.17966,0.057776481,
2132,2,1100.723145,8.64883089,166.0330223,0.062377305,
2132,2,502.3830261,7.866162295,198.0388147,0.065824772,
2132,2,300.0940857,6.357201207,232.8603765,0.064725783,
2132,2,150.4904633,5.401872056,252.2786499,0.062212038,
2132,2,49.44408035,2.379615721,315.2946714,0.049177691,
2132,2,49.44408035,2.379615721,315.2946714,0.049177691,
2132,3,1800.627808,17.09039255,233.4853883,0.181761026,
2132,3,1101.029053,16.27564881,243.5748213,0.183269991,
2132,3,500.6418762,13.54907503,259.0377242,0.168326101,
2132,3,299.4381714,10.49946545,271.2676825,0.142455525,
2132,3,150.4249725,6.193853853,311.5325359,0.124845552,
2132,3,50.93934631,1.091470631,374.7210283,0.101830239,
2132,3,50.93934631,1.091470631,374.7210283,0.101830239,
2134,1,1797.084106,23.16489426,209.7071272,0.217843741,
2134,1,1101.162354,21.18806434,235.8961813,0.232239679,
2134,1,498.9195557,17.21312914,270.8928775,0.242474396,
2134,1,300.6925049,12.69006151,297.1903505,0.226488011,
2134,1,148.4876709,6.908323152,336.3540512,0.209401094,
2134,1,50.36350632,3.661220417,359.2180892,0.186100898,
2134,1,50.36350632,3.661220417,359.2180892,0.186100898,
2134,3,1800.933472,23.59314912,232.76773,0.250656441,
2134,3,1099.027954,22.20847955,242.1277954,0.249027809,
2134,3,500.7036743,17.68659703,266.8194337,0.235225914,
2134,3,300.1662292,13.40444675,295.3711363,0.22920342,
2134,3,150.7674866,8.631005101,324.9110109,0.209368439,
2134,3,48.99516296,2.903489827,368.5336184,0.191930637,
2134,3,48.99516296,2.903489827,368.5336184,0.191930637,
2135,1,1800,14.63727345,271.5170716,0.205296972,
2135,1,1100,14.26794218,260.4800361,0.180176908,
2135,1,500,9.334697009,291.693463,0.151850278,
2135,1,300,8.714210612,285.7877032,0.132924323,
2135,1,150,6.635239197,299.8827206,0.115318304,
2135,1,50,3.166918716,339.0877139,0.093876219,
2135,1,50,3.166918716,339.0877139,0.093876219,
2135,2,1798.949707,11.37196795,214.438241,0.106143047,
2135,2,1099.009399,11.74795096,221.8749834,0.113338927,
2135,2,501.7198792,10.50758011,251.3883551,0.121517905,
2135,2,301.6539612,8.411584013,285.3472218,0.127431801,
2135,2,149.0131531,4.517456579,336.1939229,0.128382697,
2135,2,50.84546661,2.053097625,368.3713823,0.126851017,
2135,2,50.84546661,2.053097625,368.3713823,0.126851017,
2135,3,1800.772705,6.256683815,272.1770481,0.086576627,
2135,3,1101.223145,6.819968733,273.2512336,0.094179197,
2135,3,501.1345825,6.164578191,291.5871988,0.099908638,
2135,3,299.4100342,5.010577646,311.6307621,0.101033196,
2135,3,150.7417297,4.097944876,327.3631555,0.102213121,
2135,3,48.79573822,1.546143059,369.2183062,0.105227942,
2135,3,48.79573822,1.546143059,369.2183062,0.105227942,
2136,1,1801.291382,0.978125018,338.2190744,0.031426478,x
2136,1,1098.03772,0.223215579,378.5331796,0.033119214,x
2136,1,499.1925659,0.473301382,368.7997739,0.034801893,x
2136,1,299.8280945,0.499332146,369.4043932,0.036192385,x
2136,1,151.9243622,0.067647951,388.4833454,0.035699952,x
2136,1,50.30110931,0.077896233,388.6438391,0.038067075,x
2136,1,50.30110931,0.077896233,388.6438391,0.038067075,x
2137,1,1799.292114,9.89265167,181.2885175,0.077089387,
2137,1,1100.349365,7.9576394,219.3962277,0.075925437,
2137,1,499.2908325,7.547007232,212.0247252,0.068509452,
2137,1,298.9729919,5.648488895,249.0716726,0.064785707,
2137,1,150.8300934,3.829909414,280.1873374,0.056443694,
2137,1,51.36351776,0.94483933,356.9652279,0.04737528,
2137,1,51.36351776,0.94483933,356.9652279,0.04737528,
2137,2,1800.136597,10.94333019,272.6726205,0.152031963,
2137,2,1098.293457,9.735275043,284.125962,0.149264228,
2137,2,501.1117249,6.179766409,321.4219392,0.145236086,
2137,2,298.1250305,5.788699836,326.1379949,0.144040408,
2137,2,151.974823,3.048916986,356.5136579,0.142943648,
2137,2,50.17409897,-0.711593254,399.6248143,0.137130706,
2137,2,50.17409897,-0.302819209,399.6188853,0.057142565,
2137,3,1801.294067,20.67816701,243.766821,0.236456086,
2137,3,1101.182861,18.25954834,263.8460453,0.240320758,
2137,3,501.1035156,15.1649014,284.4463684,0.235260964,
2137,3,298.7328491,11.77123467,302.5775873,0.218013505,
2137,3,148.9581909,5.164981643,351.6326776,0.20906815,
2137,3,48.78743744,1.292204183,381.3825161,0.186399027,
2137,3,48.78743744,1.292204183,381.3825161,0.186399027,
2138,1,1798.873047,18.66030322,135.3075444,0.120806926,
2138,1,1100.380005,17.5164707,169.3819094,0.130323647,
2138,1,498.1358948,15.17511929,209.0866495,0.136377736,
2138,1,301.8918762,12.12649141,254.4792311,0.144573258,
2138,1,148.659317,7.161386046,318.3389608,0.157127788,
2138,1,52.08471298,1.826527469,374.8512871,0.155264129,
2138,1,52.08471298,1.826527469,374.8512871,0.155264129,
2138,3,1799.638794,18.19648388,169.1396662,0.134597247,
2138,3,1798.572876,17.5908462,204.9027331,0.154271741,x
2138,3,1100.049316,15.78542312,186.027974,0.125427994,x
2138,3,1099.990967,16.93492141,220.5427384,0.16103925,
2138,3,501.1266785,16.82060133,195.4176305,0.138008318,
2138,3,498.8696289,15.21557065,177.2554592,0.114873222,x
2138,3,301.983429,11.0865408,235.0394676,0.113951446,x
2138,3,299.703186,11.93459617,230.0799691,0.118075632,
2138,3,151.5137024,8.343388506,258.1379572,0.09936196,
2138,3,150.7458038,5.174315978,323.30639,0.11818911,x
2138,3,51.00243759,0.193527269,391.3731302,0.094628129,x
2138,3,51.00243759,0.193527269,391.3731302,0.094628129,x
2138,3,49.2739563,2.892227445,338.8081877,0.083051373,
2138,3,49.2739563,2.892227445,338.8081877,0.083051373,
2139,1,1800.068848,23.07634605,254.4057454,0.283974322,
2139,1,1100.036499,19.53879769,282.6249399,0.299370318,
2139,1,501.4335022,17.16388658,300.5858143,0.310085668,
2139,1,299.3872986,10.70837475,334.3264167,0.298451353,
2139,1,148.747345,6.741665404,355.0090056,0.280786198,
2139,1,49.80260849,0.649939018,391.2524009,0.244537278,
2139,1,49.80260849,0.649939018,391.2524009,0.244537278,
2139,2,1801.887939,19.95284089,234.7388673,0.219700834,
2139,2,1101.674438,17.79408898,255.2588725,0.223786691,
2139,2,500.6316223,14.08742369,283.9359296,0.222366197,
2139,2,301.0348206,10.8587005,302.7283108,0.206223454,
2139,2,148.3151093,5.32151362,343.8048171,0.189013791,
2139,2,51.98682785,-0.155530036,392.267045,0.15288252,
2139,2,51.98682785,-0.155530036,392.267045,0.15288252,
2139,3,1798.807251,24.15804051,208.8608579,0.223423454,
2139,3,1098.323608,20.78451324,232.5178396,0.219561348,
2139,3,499.6431274,17.51759748,254.0559819,0.211585542,
2139,3,301.6149902,14.23095543,269.6628883,0.192602696,
2139,3,148.1191559,6.297562268,331.7804962,0.172101315,
2139,3,48.26258469,2.377624704,366.6204182,0.148869562,
2139,3,48.26258469,2.377624704,366.6204182,0.148869562,
2140,1,1800.686646,20.21028791,229.7563851,0.209023269,
2140,1,1099.537109,18.83665332,253.0686804,0.226392404,
2140,1,501.7955933,16.60249629,270.7874259,0.225998789,
2140,1,298.8353882,11.47773663,313.7794391,0.241097976,
2140,1,151.2421112,6.359846961,347.4190388,0.230281181,
2140,1,50.25713348,0.404257176,390.4408522,0.218363441,
2140,1,50.25713348,0.404257176,390.4408522,0.218363441,
2140,3,1801.749146,20.7468325,259.4816169,0.270881437,
2140,3,1102.056396,18.67009865,280.5089362,0.287733906,
2140,3,500.9291382,14.18237763,310.3042805,0.29484725,
2140,3,299.5545654,9.558648296,336.9022774,0.292153773,
2140,3,150.1417084,5.44475764,360.6836098,0.284796272,
2140,3,49.49725342,0.289677266,391.6187695,0.277924218,
2140,3,49.49725342,0.289677266,391.6187695,0.277924218,
2141,1,1799.901123,16.05426986,207.8430315,0.147057044,
2141,1,1099.000122,16.04919125,217.0368176,0.153838716,
2141,1,500.0552979,12.70862177,255.9100878,0.156197502,
2141,1,301.7365112,10.67427023,276.9380883,0.15432002,
2141,1,148.2421722,6.516579694,319.2625521,0.148643468,
2141,1,48.42484665,1.649734175,371.8709709,0.136270616,
2141,1,48.42484665,1.649734175,371.8709709,0.136270616,
2141,3,1798.173096,14.88283744,218.76214,0.143586912,
2141,3,1098.042847,12.96192829,258.8511773,0.161935806,
2141,3,502.4607849,10.18129671,302.5683888,0.187163938,
2141,3,296.9035645,7.20570068,333.4793724,0.199401214,
2141,3,151.0605164,3.441526244,365.3329026,0.194268901,
2141,3,52.1205101,-0.689745561,401.5424135,0.190733702,
2141,3,52.1205101,-0.689745561,401.5424135,0.190733702,
2142,1,1798.708984,13.50390652,110.6243782,0.078478194,
2142,1,1798.701416,13.46209697,111.8780857,0.078606666,
2142,1,1099.11084,13.27022894,125.3696641,0.081035374,
2142,1,501.9933167,10.99688039,163.0438686,0.077742215,
2142,1,301.789856,8.359411947,205.5726886,0.072251976,
2142,1,149.0706635,5.224295005,263.2287515,0.064736769,
2142,1,50.88071823,2.151640681,320.9282631,0.047210259,
2142,2,1800.550415,2.552911675,264.0877641,0.032810311,
2142,2,1100.448853,2.617911272,270.3465167,0.034805528,
2142,2,500.2744141,3.094058157,252.2776923,0.035291341,x
2142,2,300.5881958,1.773922838,318.3406436,0.037990124,
2142,2,148.3864441,1.599658392,322.6036337,0.035988273,
2142,2,50.71148682,0.613756483,365.6511488,0.034252251,
2142,2,50.71148682,0.613756483,365.6511488,0.034252251,
2142,3,1799.015381,16.73080142,185.5963985,0.136209602,
2142,3,1100.411133,16.10300134,203.9746638,0.143085649,
2142,3,500.3150635,12.34907613,250.9976925,0.145391188,
2142,3,300.6413879,10.45054942,267.8310365,0.138353473,
2142,3,148.2297211,6.69159511,302.7063688,0.121669395,
2142,3,50.73482895,1.97118711,361.5281008,0.100116856,
2142,3,50.73482895,1.97118711,361.5281008,0.100116856,
2143,1,1798.662964,7.435098863,45.41647959,0.034498145,
2143,1,1101.399048,7.786843816,40.52067412,0.035529665,
2143,1,501.0656128,6.819515136,16.10159673,0.028992787,
2143,1,300.6828918,5.679373306,41.40653498,0.025848158,
2143,1,149.1262512,4.099103438,-46.11007156,0.014877603,
2143,1,48.23223877,1.695024657,3463.659941,-0.000873672,
2143,1,48.23223877,1.695024657,3463.659941,-0.000873672,
2143,2,1799.326416,6.519305207,319.2361411,0.147815754,
2143,2,1099.960938,6.24576466,328.5384912,0.160946733,
2143,2,500.0690613,4.221780175,349.9726237,0.161222041,
2143,2,300.6052856,1.994426268,373.5783513,0.165604345,
2143,2,148.7069855,0.39561928,389.4021685,0.158795346,
2143,2,50.66479111,-2.582367839,422.0161211,0.148533346,
2143,2,50.66479111,-2.582367839,422.0161211,0.148533346,
2143,3,1798.120483,24.50942689,168.7195039,0.183011191,
2143,3,1099.265259,23.62653375,176.0906589,0.181187306,
2143,3,500.6633911,18.85122099,218.5871243,0.178986579,
2143,3,299.2105103,13.1822164,257.3477512,0.160544072,
2143,3,150.1014099,7.861053233,303.0961863,0.144311392,
2143,3,49.15412903,3.196930321,350.0199401,0.123409623,
2143,3,49.15412903,3.196930321,350.0199401,0.123409623,
2144,2,1799.482422,7.26945842,135.0136804,0.045923467,
2144,2,1101.837036,6.730243773,157.3107091,0.046279754,
2144,2,498.4225159,5.42749861,205.9689377,0.046752288,
2144,2,298.0795288,4.53075588,224.1901422,0.043130633,
2144,2,149.2969666,4.36097822,237.0739996,0.044651316,
2144,2,49.25477219,1.601352648,330.8297319,0.040366678,
2144,2,49.25477219,1.601352648,330.8297319,0.040366678,
2144,3,1798.758179,11.64028236,282.9124149,0.183286959,
2144,3,1098.583862,12.73108276,290.2017627,0.211737296,
2144,3,501.2032166,11.09672464,316.5452167,0.247650733,
2144,3,299.9219666,12.00812129,316.7754699,0.265769214,
2144,3,150.2611084,5.497227169,357.5305711,0.263185918,
2144,3,49.52176285,1.306338001,383.6144388,0.22914515,
2144,3,49.52176285,1.306338001,383.6144388,0.22914515,
2145,1,1801.66687,26.35419007,220.3832133,0.259521721,
2145,1,1101.579468,25.53079345,248.4513366,0.299912547,
2145,1,502.406189,20.1468834,295.0773542,0.347427,
2145,1,299.1485901,16.1061033,318.4830272,0.357240963,
2145,1,150.9130249,8.013069927,358.544113,0.365824173,
2145,1,51.48252869,1.069123665,391.3551497,0.359578071,
2145,1,51.48252869,1.069123665,391.3551497,0.359578071,
2145,2,1802.566528,27.32120566,235.2900944,0.305834538,
2145,2,1102.212036,24.51928564,259.6474468,0.323848089,
2145,2,499.5811462,18.4198729,294.2319478,0.327041339,
2145,2,296.7796326,12.98503081,317.7804339,0.301998467,
2145,2,152.3629303,6.92386071,347.2203236,0.266805037,
2145,2,49.57083511,3.062840981,367.7573414,0.216726952,
2145,2,49.57083511,3.062840981,367.7573414,0.216726952,
2145,3,1799.129639,22.94137042,244.7233548,0.2717057,
2145,3,1100.100952,20.5117753,260.2929198,0.269730513,
2145,3,498.2427979,17.02128212,288.1352511,0.28228234,
2145,3,300.347168,11.85904996,316.0833704,0.266598225,
2145,3,151.0492706,4.301737213,362.6546489,0.249404694,
2145,3,51.38568878,0.792813304,386.0210096,0.212293894,
2145,3,51.38568878,0.792813304,386.0210096,0.212293894,
2146,1,1801.337891,8.19975683,229.7466936,0.084931618,x
2146,1,1801.274902,8.942033447,212.0069487,0.083077016,x
2146,1,1801.245605,6.838531573,255.8432322,0.085387752,x
2146,1,1801.223389,7.60587485,237.2054072,0.083007198,x
2146,1,1801.220703,7.990415923,232.8766234,0.084608944,x
2146,1,1801.180664,8.015640909,233.3691578,0.085098187,x
2146,1,1801.179077,7.466361909,239.9757882,0.082959855,x
2146,1,1801.151978,8.201348268,226.3717016,0.083170975,x
2146,1,1801.14563,7.313985167,245.023427,0.084384162,x
2146,1,1801.140991,8.36961193,225.1427663,0.084251561,x
2146,1,1801.106689,8.255505941,224.507921,0.082652393,x
2146,1,1801.078125,8.605518957,223.6176715,0.08582098,x
2146,1,1801.075928,6.926142229,249.9727527,0.082755424,x
2146,1,1801.06897,8.197800687,223.0262026,0.081531215,x
2146,1,1801.065308,8.302506125,224.9736302,0.083377283,x
2146,1,1801.05481,8.705180822,214.9677558,0.08219293,x
2146,1,1801.026978,7.16800568,249.3947075,0.085295023,x
2146,1,1801.002808,7.30915378,243.9827219,0.083481389,x
2146,1,1800.966675,8.295513054,229.5580362,0.085899841,x
2146,1,1800.943604,9.462869357,199.9784537,0.0821331,x
2146,1,1800.938232,9.318688107,205.2509578,0.083202229,x
2146,1,1800.937988,7.739801573,261.1855689,0.101047735,x
2146,1,1800.915161,8.248557071,225.5332944,0.083246159,x
2146,1,1800.914307,7.372871548,263.2776345,0.09782738,x
2146,1,1800.891235,8.677812051,246.2549439,0.10073369,x
2146,1,1800.831177,7.996325458,249.6558701,0.095277678,x
2146,1,1800.821045,7.924920144,230.6492916,0.082698427,x
2146,1,1800.796997,6.401742445,262.67076,0.084586545,x
2146,1,1800.788574,6.993932867,248.152275,0.082514596,x
2146,1,1800.785034,7.641269177,236.7602906,0.083014475,x
2146,1,1800.75708,8.697421606,219.2065707,0.084275516,x
2146,1,1800.756348,9.644451987,205.1932185,0.086122894,x
2146,1,1800.687134,8.822681395,216.7342294,0.084278897,x
2146,1,1800.606201,8.954278273,211.7028446,0.083059599,x
2146,1,1800.605469,8.033733005,233.2205032,0.085210105,x
2146,1,1800.60498,7.540524589,238.1043906,0.082740063,x
2146,1,1800.581787,7.56127392,242.7354536,0.085547833,x
2146,1,1800.554688,8.073480635,245.6444204,0.093355617,x
2146,1,1800.539185,6.509956778,262.5555845,0.085835447,x
2146,1,1800.45459,8.743329756,227.0332925,0.089013996,x
2146,1,1800.421387,8.658338461,231.2000144,0.090613918,
2146,1,1800.226318,7.453785975,247.8278903,0.087577425,x
2146,1,1099.864868,8.153386484,241.7859568,0.090767445,
2146,1,499.9589844,6.967893093,267.9686014,0.093246885,
2146,1,300.2904968,6.344277698,278.8328205,0.09299366,
2146,1,148.4243622,4.562564962,308.6130072,0.090723291,
2146,1,50.5858078,0.61080829,378.6002582,0.086564014,
2146,1,50.5858078,0.61080829,378.6002582,0.086564014,
2146,2,1801.882935,7.08931531,248.5487295,0.081648528,x
2146,2,1801.745117,10.02694638,189.0298726,0.080798389,x
2146,2,1801.723022,8.571318645,213.3283915,0.078646826,x
2146,2,1801.490601,9.336837013,193.0399386,0.076694713,x
2146,2,1801.329346,8.998123589,197.1603343,0.07561509,x
2146,2,1801.00647,8.22555197,184.4471619,0.064516782,x
2146,2,1800.981689,8.30080902,167.0458428,0.060020515,x
2146,2,1800.929077,9.208594855,193.6213548,0.075993393,x
2146,2,1800.877197,9.300114379,169.9462088,0.068132434,x
2146,2,1800.826782,9.21680432,186.9909904,0.073455266,x
2146,2,1800.727661,8.054738316,208.5478704,0.072026048,x
2146,2,1800.715332,8.618818215,184.9155253,0.06785065,x
2146,2,1800.707764,6.913026774,216.4716664,0.064458531,x
2146,2,1800.702393,7.937637554,214.8280649,0.073520962,x
2146,2,1800.666138,6.432483138,242.1879542,0.070747291,x
2146,2,1800.646851,7.285596758,208.9485933,0.06509975,x
2146,2,1800.604126,7.176912948,184.2126003,0.056227923,x
2146,2,1800.538818,9.967222267,158.1713598,0.069357337,x
2146,2,1800.521362,8.178018066,190.5006634,0.066196139,x
2146,2,1800.509277,7.723025555,217.7227786,0.072627646,x
2146,2,1800.476196,5.978235362,198.7385738,0.050337315,x
2146,2,1800.473511,7.633835246,177.6978415,0.057980553,x
2146,2,1800.468384,4.591756215,248.0559442,0.052512294,x
2146,2,1800.462402,7.131198811,199.4259577,0.060441719,x
2146,2,1800.460815,6.907625014,187.9311398,0.055076892,x
2146,2,1800.448486,6.287915772,180.439552,0.048247862,x
2146,2,1800.420776,7.113034233,178.6967533,0.054165856,x
2146,2,1800.277954,6.027992403,182.3564564,0.046714649,x
2146,2,1800.276245,8.757220171,120.2644634,0.052137939,
2146,2,1800.268311,6.348181572,200.7728777,0.054195568,x
2146,2,1800.24353,6.729377101,159.6226006,0.046890125,x
2146,2,1800.209717,6.92677356,185.7789807,0.054719926,x
2146,2,1800.179077,5.691591175,171.2540152,0.041781852,x
2146,2,1799.999023,6.214007619,157.4760309,0.042867761,x
2146,2,1799.99292,4.402723087,231.704763,0.044888271,x
2146,2,1799.878296,4.719295713,190.6119675,0.038054691,x
2146,2,1799.82251,6.452719419,127.7946417,0.039452602,x
2146,2,1799.820435,4.567805177,187.2432731,0.036166444,x
2146,2,1799.716919,3.503248346,212.5404304,0.031755612,x
2146,2,1799.65332,4.992280365,162.8915149,0.035209519,x
2146,2,1799.572388,5.242882375,120.3489487,0.031126731,x
2146,2,1799.540039,5.497818485,140.4718612,0.035284967,x
2146,2,1100.659302,7.741077017,247.8574548,0.087626156,
2146,2,500.5502319,8.539616628,243.6321957,0.092610373,
2146,2,300.6985474,5.42407511,300.9885373,0.095133432,
2146,2,148.3717957,4.473120835,315.9962342,0.092877284,
2146,2,50.62368393,3.323642381,330.1227463,0.083300144,
2146,2,50.62368393,3.323642381,330.1227463,0.083300144,
2146,3,1800.457764,8.447448803,79.72130937,0.043674039,
2146,3,1101.13147,10.11240756,0.721633263,0.041351257,
2146,3,498.3205566,7.162470476,8.004692196,0.029730627,
2146,3,299.0879211,6.713310681,-45.34865141,0.024407227,
2146,3,151.1400299,3.417689602,130.753774,0.020722105,
2146,3,51.33691025,0.621906854,311.6981078,0.011922891,
2146,3,51.33691025,0.621906854,311.6981078,0.011922891,
2147,1,1800.039551,28.18500301,253.8439807,0.365191131,
2147,1,1101.806152,25.61383653,276.169456,0.395148447,
2147,1,500.8401794,18.81885575,312.7144987,0.419408442,
2147,1,298.6542358,12.38950254,340.4505632,0.41511051,
2147,1,151.4157104,5.26343686,370.3046954,0.397487497,
2147,1,49.9295845,0.705781646,391.4974547,0.373579837,
2147,1,49.9295845,0.705781646,391.4974547,0.373579837,
2147,2,1800.484863,14.69537908,263.9761129,0.194157141,
2147,2,1101.09314,17.08897416,248.6343898,0.19937278,
2147,2,499.9018555,12.32387001,287.5505194,0.196318684,
2147,2,300.9373474,9.568483195,317.6100969,0.212996737,
2147,2,150.7642212,4.98420522,346.8758051,0.174857129,
2147,2,50.45851135,4.714994428,342.6380282,0.149529308,
2147,2,50.45851135,4.714994428,342.6380282,0.149529308,
2147,3,1799.047241,10.62525296,250.4393514,0.125791701,
2147,3,1100.228882,9.908758271,273.3987262,0.138801353,
2147,3,502.9797363,8.041626679,304.7005083,0.151333023,
2147,3,297.4189453,6.053782545,328.802166,0.154689657,
2147,3,151.2217255,3.267027268,361.1207165,0.163811841,
2147,3,46.61270142,0.522956446,389.5389841,0.161391448,
2147,3,46.61270142,0.522956446,389.5389841,0.161391448,
2148,1,1798.620117,29.60595141,198.74141,0.253639862,
2148,1,1099.687866,27.22482079,220.254777,0.261639956,
2148,1,500.8036499,22.42136534,267.2552061,0.294494324,
2148,1,300.195343,18.13497529,291.2889661,0.291242291,
2148,1,150.2324677,9.684459516,335.7309638,0.268516047,
2148,1,48.5656395,2.257042885,380.2124544,0.236409792,
2148,1,48.5656395,2.257042885,380.2124544,0.236409792,
2148,2,1798.917725,20.93421867,254.7117762,0.257607719,
2148,2,1101.591431,19.40100941,270.8445371,0.268385605,
2148,2,501.8415222,15.72967756,300.3419626,0.282969475,
2148,2,300.5879517,11.33191056,323.5921698,0.26826398,
2148,2,150.497757,7.788596473,348.9450948,0.280721411,
2148,2,48.7471199,1.554152833,386.7441341,0.274960716,
2148,2,48.7471199,1.554152833,386.7441341,0.274960716,
2148,3,1798.184204,17.7143797,243.215762,0.198509943,
2148,3,1099.330933,17.04213508,256.5737427,0.208717548,
2148,3,501.0379944,13.66500175,286.5377866,0.21290266,
2148,3,298.1268921,11.06366351,307.038934,0.2114891,
2148,3,150.2224426,6.019656335,343.8528969,0.196735964,
2148,3,50.86154938,0.622433057,389.1399798,0.178362725,
2148,3,50.86154938,0.622433057,389.1399798,0.178362725,
2149,1,1799.978149,24.21503153,220.0789472,0.244407835,
2149,1,1099.85791,22.59759101,245.3427486,0.266607986,
2149,1,499.1869202,16.7003827,291.0363082,0.286541813,
2149,1,300.0375671,12.24118672,316.8691392,0.280148702,
2149,1,151.5498047,6.21520813,352.7719965,0.271368016,
2149,1,51.8194046,1.279665191,383.2411882,0.247411415,
2149,1,51.8194046,1.279665191,383.2411882,0.247411415,
2149,2,1798.764038,19.34914083,235.4145522,0.208945477,
2149,2,1101.259033,17.79392423,257.893865,0.222889516,
2149,2,500.60849,16.55870724,271.0153481,0.227795482,
2149,2,300.875885,11.35089687,309.9858287,0.229142794,
2149,2,148.4641724,7.861485862,335.1921753,0.225291331,
2149,2,50.79153824,1.718079776,379.8936042,0.209141013,
2149,2,50.79153824,1.718079776,379.8936042,0.209141013,
2150,1,1799.031616,12.36426405,188.0710791,0.099665786,
2150,1,1102.077026,10.54479548,224.2302576,0.102900932,
2150,1,501.2177734,9.153154334,244.5502187,0.100758795,
2150,1,301.0872192,6.870435925,280.8337806,0.099747156,
2150,1,148.4864502,5.106720707,303.5780788,0.092209276,
2150,1,50.90203476,-0.710455536,406.6901903,0.084704997,
2150,1,50.90203476,-0.710455536,406.6901903,0.084704997,
2150,2,1799.376221,25.98697311,191.5371226,0.223712241,
2150,2,1101.940063,23.59500401,217.7788725,0.233312396,
2150,2,498.1540527,17.486917,260.2169537,0.227235633,
2150,2,300.3233948,12.60741506,285.1884847,0.200118805,
2150,2,150.6473999,6.295689267,326.2205336,0.160524406,
2150,2,49.56679535,1.152514237,375.5143098,0.118594274,
2150,2,49.56679535,1.152514237,375.5143098,0.118594274,
2150,3,1798.198853,28.85726511,216.8444364,0.283150918,
2150,3,1102.134766,24.71182173,250.9402364,0.300932711,
2150,3,500.853241,17.99334436,294.4314778,0.312804294,
2150,3,299.8721008,11.46775854,329.1775732,0.304754078,
2150,3,150.489212,6.20591148,357.4405019,0.286188772,
2150,3,49.93426514,-0.269746566,396.2190455,0.252702879,
2150,3,49.93426514,-0.269746566,396.2190455,0.252702879,
2151,1,1798.416504,14.94513251,131.3867398,0.093993219,
2151,1,1101.719116,14.89909059,148.2734541,0.099651691,
2151,1,498.4986572,11.56425312,206.632304,0.10121954,
2151,1,298.0645752,9.173188877,234.7872223,0.094059498,
2151,1,149.6339417,5.628943741,275.709085,0.077104668,
2151,1,49.32039642,2.037204936,344.4042111,0.066070736,
2151,1,49.32039642,2.037204936,344.4042111,0.066070736,
2151,2,1800.139648,16.29397453,230.2270754,0.168457052,
2151,2,1099.810547,15.13416921,247.475071,0.174363214,
2151,2,502.2503052,12.87797468,273.1871692,0.17839762,
2151,2,301.6789856,10.51640703,287.7935567,0.164526472,
2151,2,149.1183624,4.878608945,336.4335163,0.140388452,
2151,2,50.949543,2.071995782,361.610399,0.103992412,
2151,2,50.949543,2.071995782,361.610399,0.103992412,
2151,3,1800.565674,16.08447444,224.4856009,0.159565934,
2151,3,1101.786621,15.64225483,240.4496435,0.170257473,
2151,3,501.2792358,12.94174866,266.5125756,0.16849073,
2151,3,298.7280273,9.677160668,291.7081907,0.15625834,
2151,3,149.1697388,6.535873751,327.2220517,0.160047096,
2151,3,48.7754631,2.744198374,364.7780622,0.151325689,
2151,3,48.7754631,2.744198374,364.7780622,0.151325689,
2152,1,1799.033081,23.26156463,274.8256236,0.343803249,
2152,1,1100.143677,22.67433895,279.1524774,0.345091313,
2152,1,498.045105,16.18706224,310.483054,0.339188858,
2152,1,300.3734741,13.179151,324.9836861,0.335148968,
2152,1,151.1066589,7.132798347,354.9709067,0.325021664,
2152,1,51.41903687,1.208990435,385.6565211,0.304281669,
2152,1,51.41903687,1.208990435,385.6565211,0.304281669,
2152,2,1801.25647,2.518150426,312.548803,0.055023681,
2152,2,1099.236206,3.175315993,295.4288724,0.054912553,
2152,2,501.8713379,2.034790381,322.5319281,0.048371227,
2152,2,299.9759216,0.759388442,366.4586838,0.051305679,
2152,2,150.9971161,0.513451156,373.8840535,0.049336832,
2152,2,51.39585495,0.179708962,384.8756799,0.045941256,
2152,2,51.39585495,0.179708962,384.8756799,0.045941256,
2152,3,1799.057495,0.228521895,384.7534642,0.069699907,x
2152,3,1100.948975,1.447505783,356.4588235,0.066404202,x
2152,3,500.3918762,-0.004691212,392.9350056,0.065996365,x
2152,3,300.5432739,0.913499482,373.420652,0.073739639,x
2152,3,148.2810211,-0.182247784,398.41349,0.065111341,x
2152,3,50.55719376,-0.448750409,404.9945696,0.067450182,x
2152,3,50.55719376,-0.448750409,404.9945696,0.067450182,x
2153,2,1798.190063,22.8092915,260.1000959,0.297263685,
2153,2,1101.205322,22.25049828,261.3434358,0.289665368,
2153,2,500.7164307,19.33080308,273.3844112,0.27287984,
2153,2,300.5943604,14.09472586,295.708573,0.243138425,
2153,2,148.484726,10.00833806,311.0562207,0.20142103,
2153,2,50.69199753,2.877356618,362.2016651,0.1505716,
2153,2,50.69199753,2.877356618,362.2016651,0.1505716,
2153,3,1800.810669,14.48601348,241.2024325,0.16036873,
2153,3,1101.275513,13.99324098,261.7102631,0.17800918,
2153,3,498.5401611,12.73633633,279.1409921,0.185159727,
2153,3,297.9684448,10.29133823,299.4854874,0.181387718,
2153,3,149.3193207,7.568323919,324.3267819,0.179709442,
2153,3,50.89836502,3.392204417,361.2519423,0.167529087,
2153,3,50.89836502,3.392204417,361.2519423,0.167529087,
2155,1,1799.254272,10.4805395,280.6807852,0.158551464,
2155,1,1100.621704,9.185359541,304.6808546,0.176715697,
2155,1,500.9868774,7.840610637,323.6455088,0.190619626,
2155,1,299.5817871,5.706365343,345.7447062,0.203681334,
2155,1,150.8236542,2.303674021,373.3255694,0.20513853,
2155,1,48.81495285,-1.410539622,403.5176527,0.205750348,
2155,1,48.81495285,-1.410539622,403.5176527,0.205750348,
2155,2,1801.081299,24.84674566,266.1604946,0.346282351,
2155,2,1100.179932,22.05166335,280.4074111,0.343659791,
2155,2,500.438446,16.70388835,306.1190051,0.334526853,
2155,2,301.8998718,12.21264604,325.7182465,0.313374357,
2155,2,148.5955658,7.376215533,348.0675086,0.280128951,
2155,2,48.48635101,1.674131684,380.5289276,0.235120981,
2155,2,48.48635101,1.674131684,380.5289276,0.235120981,
2155,3,1799.760376,1.862192763,611.2038562,-0.013048133,
2155,3,1099.441528,1.533025007,519.8423573,-0.018304628,
2155,3,499.7823181,1.107390522,461.794633,-0.0240167,
2155,3,299.872406,1.175800108,465.4038443,-0.02446968,
2155,3,148.7949219,0.850564583,436.4860502,-0.028827168,
2155,3,51.41001129,0.102295872,395.5602129,-0.031262333,
2155,3,51.41001129,0.102295872,395.5602129,-0.031262333,
2156,1,1799.23938,14.99051176,257.5870171,0.192064114,
2156,1,1099.110962,14.55465278,273.4495862,0.209759571,
2156,1,499.1332092,11.28944701,306.1677375,0.224175912,
2156,1,299.7229004,9.094959949,326.1555893,0.235296711,
2156,1,151.6693268,4.389190744,359.8280272,0.234155958,
2156,1,51.68306351,0.393442847,388.5853835,0.230293933,
2156,1,51.68306351,0.393442847,388.5853835,0.230293933,
2156,2,1800.711182,18.81193727,269.4747326,0.261240484,
2156,2,1098.676392,17.07537229,286.1031624,0.272334856,
2156,2,502.2781677,12.39893687,316.2327585,0.272299269,
2156,2,298.3355408,8.865508013,337.5867277,0.267641161,
2156,2,150.6586456,3.770735971,369.5354,0.264080944,
2156,2,51.21286392,-0.370177141,396.3350642,0.24358636,
2156,2,51.21286392,-0.370177141,396.3350642,0.24358636,
2156,3,1800.947632,20.9504729,250.7830552,0.255007436,
2156,3,1101.208374,19.06520728,262.8243025,0.250758989,
2156,3,500.5397339,14.84810257,292.7117653,0.251529687,
2156,3,300.7149963,11.43974637,310.3871256,0.233427229,
2156,3,148.4522095,6.053602793,347.2166887,0.220683655,
2156,3,50.74095917,1.189426764,383.3519148,0.199348297,
2156,3,50.74095917,1.189426764,383.3519148,0.199348297,
2157,2,1802.013916,15.59544342,281.919645,0.238060791,
2157,2,1101.800415,14.99348897,286.3737682,0.236625613,
2157,2,500.7010803,10.98431206,311.3851846,0.225446898,
2157,2,302.6878357,8.525514776,328.1160012,0.218450064,
2157,2,150.4074249,4.777576821,355.8193675,0.212297146,
2157,2,51.98046875,2.060209308,376.5578067,0.201463063,
2157,2,51.98046875,2.060209308,376.5578067,0.201463063,
2157,3,1798.064941,15.75113135,270.3602247,0.22309379,
2157,3,1101.740234,14.43396715,282.6106683,0.225777605,
2157,3,500.3703613,11.88185493,302.6344512,0.225424742,
2157,3,302.0757141,8.842946266,323.9052452,0.219655621,
2157,3,150.3110504,3.744950223,360.9390099,0.20781468,
2157,3,51.07652283,0.339729341,388.0677696,0.199161005,
2157,3,51.07652283,0.339729341,388.0677696,0.199161005,
2158,1,1800.364624,21.99863936,260.0568633,0.291032778,
2158,1,1098.765747,20.85314677,277.592733,0.317160222,
2158,1,498.1929321,15.45546641,315.4774212,0.346318381,
2158,1,301.3161316,11.31455488,336.6737503,0.344655325,
2158,1,151.0542145,6.024781196,364.405056,0.350060319,
2158,1,48.99241638,1.789978191,386.1795162,0.349546965,
2158,1,48.99241638,1.789978191,386.1795162,0.349546965,
2158,2,1799.537354,1.976063411,276.8270483,0.029369279,x
2158,2,1101.25647,0.641960062,354.0377012,0.032758384,x
2158,2,500.8582458,0.992711091,339.6194857,0.033104438,x
2158,2,299.6121521,1.262669294,328.7080708,0.033637317,x
2158,2,150.418808,1.575282675,321.0647523,0.03697877,x
2158,2,51.13972092,-0.240745612,399.9640282,0.035888305,x
2158,2,51.13972092,-0.240745612,399.9640282,0.035888305,x
2158,3,1797.042969,8.9208471,161.037368,0.064030747,
2158,3,1103.078857,8.750536577,181.0559939,0.06850923,
2158,3,500.1405334,8.712987509,195.319855,0.072717878,
2158,3,297.0122681,9.008336548,175.2817599,0.067727037,
2158,3,152.4472656,4.991832528,260.0964924,0.062322378,
2158,3,49.61647034,2.021083578,318.9383,0.046276806,
2158,3,49.61647034,2.021083578,318.9383,0.046276806,
2159,1,1801.870239,11.95314592,214.547546,0.112472699,
2159,1,1099.209717,12.3527376,209.4946269,0.111868903,
2159,1,498.809082,11.49054599,222.9174571,0.111790082,
2159,1,301.2878113,8.514046942,261.4552226,0.10794163,
2159,1,150.0914764,5.09889599,303.6070308,0.096145385,
2159,1,50.99343491,2.084344409,347.4766271,0.079723202,
2159,1,50.99343491,2.084344409,347.4766271,0.079723202,
2159,2,1801.791504,15.61216929,332.0393742,0.455070282,x
2159,2,1801.717285,18.06178232,319.7931723,0.434006897,x
2159,2,1801.617676,16.03132815,325.0995556,0.416378583,x
2159,2,1801.600342,19.61871612,347.9452015,0.804286254,x
2159,2,1801.582275,20.02795467,331.3369915,0.580658682,x
2159,2,1801.578247,17.98539982,353.6462202,0.85173492,x
2159,2,1801.57666,16.73753732,357.0953859,0.870840598,x
2159,2,1801.557861,17.39474652,331.9415487,0.5095357,x
2159,2,1801.538086,15.43203803,320.3848201,0.373688849,x
2159,2,1801.521729,17.15057221,327.5844508,0.464685334,x
2159,2,1801.487915,17.28786581,305.4162798,0.342274295,x
2159,2,1801.479126,17.06937297,351.6598771,0.762554507,x
2159,2,1801.474365,16.91012527,338.2679861,0.556088015,x
2159,2,1801.464722,15.19184476,319.2104127,0.361179363,x
2159,2,1801.4646,19.51347415,344.6161742,0.737350057,x
2159,2,1801.431885,15.97400263,321.0820725,0.389575285,x
2159,2,1801.417603,18.40853497,345.6365151,0.710361768,x
2159,2,1801.401489,13.85425888,311.8853707,0.298299657,x
2159,2,1801.37854,16.98310974,301.570673,0.320952615,x
2159,2,1801.37146,17.28709065,293.2618209,0.296319712,x
2159,2,1801.36377,18.87168783,348.2834144,0.776622871,x
2159,2,1801.361206,18.6774527,330.3898623,0.532577974,x
2159,2,1801.351318,17.75783919,346.4746329,0.697896516,x
2159,2,1801.348877,22.05568949,345.5208823,0.857381773,x
2159,2,1801.348267,17.11208524,354.9457756,0.840273712,x
2159,2,1801.330933,18.12032369,315.4951588,0.409467674,x
2159,2,1801.327271,18.18008838,327.3110983,0.490792366,x
2159,2,1801.322632,17.20062842,297.6140093,0.309941659,x
2159,2,1801.28479,18.4525369,351.8269729,0.829956418,x
2159,2,1801.263428,17.38407519,340.3840265,0.597920653,x
2159,2,1801.251465,14.11343544,306.1142247,0.279757423,x
2159,2,1801.242676,17.55072171,354.9119994,0.857718707,x
2159,2,1801.229248,17.01637474,291.1045252,0.285389191,x
2159,2,1801.220215,18.25120501,343.1119835,0.666031301,x
2159,2,1801.215698,14.67610556,300.7370093,0.274340893,x
2159,2,1801.209595,19.43246259,338.3420615,0.643679948,x
2159,2,1801.20752,16.64352058,311.9718234,0.357417372,x
2159,2,1801.198853,18.6224947,338.8870366,0.622135326,x
2159,2,1801.14856,19.23090159,350.8218626,0.846230648,x
2159,2,1801.130615,17.67799564,301.6486243,0.333954003,x
2159,2,1801.085327,14.09093373,300.3104188,0.2612294,x
2159,2,1800.891602,14.85569334,297.8343394,0.268462861,
2159,2,1099.835693,14.13638863,299.1864467,0.253614636,
2159,2,501.9945374,10.16681761,321.9433446,0.238033894,
2159,2,298.9450989,6.964678203,342.9419353,0.228061845,
2159,2,151.4168549,6.548503092,341.7995814,0.205847606,
2159,2,50.18587112,0.662583027,388.1422815,0.180891509,
2159,2,50.18587112,0.662583027,388.1422815,0.180891509,
2159,3,1799.932007,5.293344087,197.1357645,0.044492592,
2159,3,1099.782104,5.341824094,197.0014185,0.044608975,
2159,3,500.1708069,5.444789272,193.2354699,0.044303528,
2159,3,298.9610291,5.909649484,178.9669783,0.044635819,
2159,3,150.27388,4.309381358,228.065459,0.042339444,
2159,3,51.01201248,1.193137135,340.2534044,0.037879796,
2159,3,51.01201248,1.193137135,340.2534044,0.037879796,
2160,1,1791.727539,5.941174798,223.9553156,0.059054658,
2160,1,1093.653687,7.742345873,218.0994708,0.073530168,x
2160,1,493.3697815,5.469073286,275.9887936,0.078099223,
2160,1,292.5458679,3.839936604,312.1160848,0.080393544,
2160,1,190.5547791,3.066889971,318.6166898,0.069542697,
2160,1,190.5547791,3.066889971,318.6166898,0.069542697,
2160,1,190.3263245,2.329413459,341.6697777,0.078841681,
2160,2,1799.175415,13.36765219,167.3626926,0.097701906,
2160,2,1098.165894,12.41689836,192.0322443,0.101740466,
2160,2,498.2409973,12.35493647,178.4936477,0.093890666,
2160,2,299.7189636,8.803373177,242.4090419,0.095844448,
2160,2,150.6320496,5.692667206,275.7926078,0.079433555,
2160,2,51.19859695,1.743279206,345.3600007,0.06080907,
2160,2,51.19859695,1.743279206,345.3600007,0.06080907,
2160,3,1803.177856,2.523174452,241.8331246,0.027804928,
2160,3,1100.129272,1.5482139,307.225988,0.030540458,
2160,3,502.1931152,1.104500242,337.1680283,0.033476182,
2160,3,298.6658325,1.412751287,328.6360495,0.036523983,
2160,3,147.5009613,0.526276113,369.6696606,0.039665646,
2160,3,50.38047791,-0.219660807,400.5121661,0.037080891,
2160,3,50.38047791,-0.219660807,400.5121661,0.037080891,
2161,1,1799.833862,19.75858128,232.1249889,0.20774897,
2161,1,1101.733887,17.82113536,258.9699548,0.223903945,
2161,1,499.0556641,14.16394945,293.9789488,0.23914893,
2161,1,298.4456177,11.34223333,314.275316,0.239173878,
2161,1,149.5602722,7.054619889,345.7987801,0.243318961,
2161,1,51.05858612,1.464364625,384.5162511,0.238678922,
2161,1,51.05858612,1.464364625,384.5162511,0.238678922,
2161,2,1800.749268,21.29170024,240.1195293,0.240304924,
2161,2,1098.042603,17.90241825,266.6817161,0.24552131,
2161,2,500.9305725,15.26061009,283.9918579,0.241150474,
2161,2,300.8876343,12.91569404,295.6951532,0.227912922,
2161,2,148.6611023,7.347242218,331.6290354,0.209257616,
2161,2,50.69473267,0.91127548,381.1516015,0.176408127,
2161,2,50.69473267,0.91127548,381.1516015,0.176408127,
2161,3,1800.337158,29.76567251,194.1981577,0.260358552,
2161,3,1098.928467,30.15228879,205.6451386,0.279010049,
2161,3,499.8540955,24.6898499,248.3489005,0.29646575,
2161,3,301.5132141,18.61499945,285.5132712,0.301640894,
2161,3,148.1240082,8.446677265,343.9040642,0.301187392,
2161,3,48.2143898,2.635579975,377.1397541,0.291419913,
2161,3,48.2143898,2.635579975,377.1397541,0.291419913,
2162,2,1799.409546,16.46168244,212.9145264,0.155754156,
2162,2,1099.903687,15.08354653,229.0781735,0.156128646,
2162,2,499.2007751,11.87866465,261.0712404,0.151938511,
2162,2,300.9754333,9.808542301,274.3838036,0.13845181,
2162,2,151.1311646,5.436265785,318.049369,0.121572173,
2162,2,49.75648499,2.267948721,354.7841678,0.099735849,
2162,2,49.75648499,2.267948721,354.7841678,0.099735849,
2162,3,1800.556641,23.64602453,217.2662928,0.22959645,
2162,3,1100.080811,20.63121775,243.1698272,0.235122754,
2162,3,499.1560974,16.12866378,273.2495385,0.228406954,
2162,3,299.7426453,12.25943468,297.4418465,0.217286853,
2162,3,151.5931091,7.355232343,327.6082978,0.189908121,
2162,3,51.64096069,1.287338606,377.008292,0.147095642,
2162,3,51.64096069,1.287338606,377.008292,0.147095642,
2163,1,1797.750732,22.34100156,195.7587356,0.193556336,
2163,1,1797.305664,22.29732973,194.7460013,0.191842607,
2163,1,1100.560669,21.01780482,224.2117289,0.212120555,
2163,1,502.1716003,17.21017369,266.3964371,0.230296942,
2163,1,298.8008423,13.20929793,298.6266474,0.236297455,
2163,1,147.0559845,7.796418303,336.4721171,0.229230908,
2163,1,50.13944626,1.875346906,379.4161687,0.2134547,
2163,2,1801.071899,17.59507736,258.7452072,0.224606129,
2163,2,1101.394165,16.5882169,268.4452674,0.226223226,
2163,2,498.1175232,13.52761981,293.4952034,0.228457115,
2163,2,299.1325989,11.43593071,310.5805468,0.231610214,
2163,2,151.3708649,7.590041628,336.5271961,0.221158188,
2163,2,48.10910416,2.918247881,372.1484501,0.216274435,
2163,2,48.10910416,2.918247881,372.1484501,0.216274435,
2163,3,1798.831665,12.1606589,NA,0.116841502,
2163,3,1098.771606,10.66447003,NA,0.111894572,
2163,3,499.973114,10.23687926,NA,0.104622192,
2163,3,298.8507385,8.035148777,NA,0.09967305,
2163,3,150.4698486,5.4020194,NA,0.087132774,
2163,3,48.86745453,1.932430992,NA,0.074568119,
2163,3,48.86745453,1.932430992,NA,0.074568119,
2164,1,1798.219238,21.8114863,65.2209782,0.107835566,
2164,1,1098.161011,18.42370473,82.52877512,0.095763295,
2164,1,500.6815796,13.41761992,97.3628409,0.072804292,
2164,1,299.352356,11.20683336,30.74908634,0.04940497,
2164,1,150.1746368,6.848563402,73.8858577,0.034153704,
2164,1,49.32518387,2.674603525,74.60257658,0.013318146,
2164,1,49.32518387,2.674603525,74.60257658,0.013318146,
2164,2,1799.50354,21.12297456,187.9541618,0.170386093,
2164,2,1100.45752,21.61967925,205.043577,0.18937561,
2164,2,500.2971802,18.39932139,239.3328049,0.195942809,
2164,2,299.031189,16.4791357,241.8116032,0.177015031,
2164,2,150.1998138,10.14070035,305.9449573,0.18660274,
2164,2,50.83594894,2.6649761,372.3053035,0.190232919,
2164,2,50.83594894,2.6649761,372.3053035,0.190232919,
2164,3,1799.827881,17.63685568,114.7282556,0.103028529,
2164,3,1099.614502,15.14308109,190.9360225,0.121811533,
2164,3,497.6729431,12.15245131,245.8019698,0.133379162,
2164,3,299.149231,10.47671116,260.1758541,0.126613906,
2164,3,147.4059143,7.25023199,277.1864247,0.099847762,
2164,3,50.35082626,4.353250817,301.6902966,0.075150781,
2164,3,50.35082626,4.353250817,301.6902966,0.075150781,
2165,1,1801.27832,22.16466371,266.4535395,0.303667325,
2165,1,1099.5802,20.18171559,269.8857356,0.279235925,
2165,1,500.2988281,14.72079085,295.9678882,0.256168594,
2165,1,301.874176,11.09430896,319.7345268,0.252651606,
2165,1,148.4982147,6.877880948,344.289514,0.22968582,
2165,1,48.31787491,2.671228736,374.4885448,0.216302116,
2165,1,48.31787491,2.671228736,374.4885448,0.216302116,
2165,2,1799.586426,23.73884691,209.4932814,0.218911904,
2165,2,1101.665039,22.50046435,232.648637,0.236524355,
2165,2,498.2520142,17.98458968,274.5143481,0.25472668,
2165,2,299.0580444,12.5647846,310.7904283,0.255638155,
2165,2,151.423584,7.628771882,343.0922878,0.251465799,
2165,2,49.91077423,1.970221106,381.0196271,0.249242178,
2165,2,49.91077423,1.970221106,381.0196271,0.249242178,
2165,3,1799.854614,23.416354,263.983245,0.312724759,
2165,3,1101.631958,21.04520865,281.9479456,0.323054858,
2165,3,500.2411194,14.32733559,318.592491,0.326816447,
2165,3,302.006073,12.63070454,325.8892761,0.31270866,
2165,3,151.901535,8.608867936,344.8550693,0.291596708,
2165,3,50.27064514,2.175773393,381.4849083,0.272331943,
2165,3,50.27064514,2.175773393,381.4849083,0.272331943,
2167,1,1801.042358,27.21244324,192.2440305,0.227773714,
2167,1,1098.119263,23.05440029,222.1294005,0.225768164,
2167,1,498.6568909,17.11754035,255.4372742,0.205736946,
2167,1,300.8135681,13.27961087,268.9478286,0.175308009,
2167,1,150.8657837,7.423753046,312.1244077,0.148361401,
2167,1,49.57173538,3.001551187,348.6425391,0.105806165,
2167,1,49.57173538,3.001551187,348.6425391,0.105806165,
2167,2,1798.965576,18.23410067,206.9136425,0.16289878,
2167,2,1098.767334,17.1744614,209.1365624,0.153508813,
2167,2,500.7886963,13.59339688,235.9757903,0.141126236,
2167,2,298.8442383,9.14386411,281.777086,0.132830269,
2167,2,148.3671112,5.095611028,321.2453175,0.112861799,
2167,2,49.93072891,1.832238456,360.9426776,0.086685182,
2167,2,49.93072891,1.832238456,360.9426776,0.086685182,
2167,3,1798.461304,29.57949729,196.7198524,0.252718141,
2167,3,1101.940063,26.90923528,222.1548792,0.262762239,
2167,3,499.908844,20.74895656,255.3864576,0.248527978,
2167,3,301.8620911,16.39698026,276.9913961,0.23062055,
2167,3,149.2744904,9.661341113,318.5636931,0.207374438,
2167,3,51.26226425,4.000529904,360.2669042,0.183221132,
2167,3,51.26226425,4.000529904,360.2669042,0.183221132,
2168,1,1799.935059,20.10601103,129.6593451,0.125609671,
2168,1,1101.864746,17.67854003,146.2837883,0.117116677,
2168,1,502.7308044,15.09650199,164.9624967,0.107413532,
2168,1,299.1399536,13.16998622,167.0658785,0.094073644,
2168,1,147.5150909,8.294336218,232.1715047,0.082593674,
2168,1,50.41469574,4.941226744,260.3620308,0.059073139,
2168,1,50.41469574,4.941226744,260.3620308,0.059073139,
2168,2,1799.45752,14.7809243,208.2159163,0.130317036,
2168,2,1100.104126,13.03287337,201.8151228,0.110389369,
2168,2,500.315979,11.45533548,202.0142029,0.096399729,
2168,2,301.6599121,10.10546427,189.679211,0.079533706,
2168,2,148.4018707,5.068116556,297.8583322,0.084423907,
2168,2,49.39826584,1.829531003,347.0414725,0.061338412,
2168,2,49.39826584,1.829531003,347.0414725,0.061338412,
2168,3,1800,8.244162373,232.1325334,0.084854859,
2168,3,1100,8.741369631,229.5550287,0.087631132,
2168,3,500,7.73894707,250.8264436,0.088732415,
2168,3,300,5.934535775,277.1186209,0.083217466,
2168,3,150,3.967381614,314.5315123,0.082047892,
2168,3,50,2.735282881,333.2309269,0.073711709,
2168,3,50,2.735282881,333.2309269,0.073711709,
2169,1,1799.076172,11.98434451,151.1720884,0.081422314,
2169,1,1100.714111,10.90962405,185.0359852,0.085863844,
2169,1,499.4543762,8.101099009,251.004919,0.093146749,
2169,1,300.0078735,7.673550531,239.838981,0.081073714,
2169,1,152.0941467,4.337196102,294.2732254,0.070716518,
2169,1,51.83666611,1.294385234,357.0578332,0.057299131,
2169,1,51.83666611,1.294385234,357.0578332,0.057299131,
2169,3,1800.602783,29.9707844,222.8984202,0.301849127,
2169,3,1099.264771,26.69772797,248.8157784,0.316100358,
2169,3,502.138855,20.39814336,280.2788731,0.307184503,
2169,3,298.3924255,15.18261352,300.9276561,0.278499391,
2169,3,147.102356,7.331361151,342.5761413,0.246637642,
2169,3,50.2377243,1.573473773,378.7982546,0.198299566,
2169,3,50.2377243,1.573473773,378.7982546,0.198299566,
2172,1,1798.320801,15.15365706,143.5020456,0.100698538,
2172,1,1101.128662,14.11466126,168.150147,0.103772954,
2172,1,502.0543213,12.21590244,195.2719238,0.101522195,
2172,1,300.2574463,10.30955941,216.4312756,0.095529984,
2172,1,150.7773285,7.443428739,254.4552744,0.087377596,
2172,1,49.6514473,3.091098669,330.4740593,0.079607426,
2172,1,49.6514473,3.091098669,330.4740593,0.079607426,
2172,2,1799.536743,20.96739589,226.4413933,0.211756437,
2172,2,1101.462524,19.61060944,243.4126357,0.218721131,
2172,2,498.8043518,14.48532338,278.4000057,0.208346276,
2172,2,299.5054016,11.9237439,292.6554389,0.193196186,
2172,2,151.763031,7.940237418,325.0672577,0.186026241,
2172,2,50.38204575,0.966438731,386.1890911,0.164415098,
2172,2,50.38204575,0.966438731,386.1890911,0.164415098,
2172,3,NA,2.402335811,310.4010942,0.050363947,
2172,3,NA,2.67757954,316.8836097,0.059439082,
2172,3,NA,2.129238102,334.0060802,0.060120671,
2172,3,NA,1.447914999,357.11145,0.06744362,
2172,3,NA,1.305278931,361.7126041,0.069016138,
2172,3,NA,-0.225482234,398.8973646,0.060705373,
2172,3,NA,-0.225482234,398.8973646,0.060705373,
2173,1,1798.820313,21.20817617,229.1350163,0.220169373,
2173,1,1100.147217,19.83518914,241.9332131,0.220928948,
2173,1,498.394928,15.96101381,264.9971083,0.2082065,
2173,1,300.6148987,12.88897978,272.6458877,0.177365179,
2173,1,151.3789368,7.763897274,298.5951042,0.134519003,
2173,1,51.66904831,1.409138697,362.5798527,0.075992722,
2173,1,51.66904831,1.409138697,362.5798527,0.075992722,
2173,2,1800.244629,11.16407843,194.8784215,0.094093389,
2173,2,1102.130981,10.35336401,212.0028067,0.095020282,
2173,2,501.4664307,8.912546129,208.0197761,0.078818836,
2173,2,299.7186584,7.511936349,258.9481592,0.091654692,
2173,2,150.6001129,5.616220281,280.5961231,0.081008158,
2173,2,50.61100388,2.380657204,353.3952348,0.096594259,
2173,2,50.61100388,2.380657204,353.3952348,0.096594259,
2173,3,1799.726318,15.52315399,226.7366497,0.155049781,
2173,3,1100.734253,14.47297435,275.7150857,0.206007572,
2173,3,500.4939575,12.72537002,313.6707456,0.266098225,
2173,3,302.2078857,9.81552969,340.8348201,0.306299971,
2173,3,150.1291199,6.081296655,363.7750833,0.318504409,
2173,3,50.90557861,-0.120801261,397.5562484,0.323641703,
2173,3,50.90557861,-0.120801261,397.5562484,0.323641703,
2174,1,1799.444824,14.34492857,220.3061823,0.137889233,
2174,1,1102.256592,11.78345983,252.9076911,0.139136783,
2174,1,499.8386536,9.364280717,277.5011827,0.133325383,
2174,1,300.9513245,7.412871545,294.9045592,0.122779707,
2174,1,150.6068573,4.462674641,325.5044419,0.106034048,
2174,1,49.04656219,0.929586936,377.7469552,0.090530916,
2174,1,49.04656219,0.929586936,377.7469552,0.090530916,
2174,2,1800.522949,18.67927855,254.2899475,0.229003825,
2174,2,1097.179565,17.24974714,268.620852,0.233382295,
2174,2,501.3876953,13.60326252,295.5183464,0.232393653,
2174,2,303.0865479,9.413437926,324.7479644,0.227389583,
2174,2,150.5080109,6.576846078,344.8637238,0.219536609,
2174,2,51.81901932,2.5242135,374.4357645,0.203580685,
2174,2,51.81901932,2.5242135,374.4357645,0.203580685,
2174,3,1802.977051,14.15670047,270.4065372,0.195978316,
2174,3,1102.604492,12.89130915,285.5688965,0.201935528,
2174,3,501.089325,12.30189286,295.9035451,0.210817914,
2174,3,302.6158752,8.101180111,329.9116007,0.213218741,
2174,3,150.4281464,5.601994603,348.8741997,0.207115067,
2174,3,52.0284996,1.045582838,385.2343047,0.193404408,
2174,3,52.0284996,1.045582838,385.2343047,0.193404408,
2175,1,1796.797119,7.059918973,268.4641917,0.095996114,
2175,1,1103.091553,5.043061132,313.5595245,0.108679651,
2175,1,500.8483582,6.176236344,302.3530792,0.113984035,
2175,1,302.4799194,2.826124853,349.2573076,0.111503174,
2175,1,150.0219269,1.613198388,366.323027,0.106244747,
2175,1,51.69845581,-0.706158854,404.4670948,0.083629196,
2175,1,51.69845581,-0.706158854,404.4670948,0.083629196,
2175,2,1801.953491,14.35732144,217.2047426,0.136063126,
2175,2,1098.156982,16.06367682,186.2687685,0.127375041,
2175,2,499.2736206,12.38157311,223.4411276,0.11934596,
2175,2,301.4820251,8.580057476,277.3033698,0.1209541,
2175,2,148.1206818,5.748505687,304.5695692,0.105566508,
2175,2,48.09056854,1.648492294,365.3699268,0.095237052,
2175,2,48.09056854,1.648492294,365.3699268,0.095237052,
2175,3,1800.059204,8.223034984,243.0244082,0.090754906,
2175,3,1101.233765,10.09072781,220.8964001,0.095906709,
2175,3,499.0626221,9.979197985,223.2706266,0.095208679,
2175,3,302.2720947,5.843399635,288.1208926,0.089660837,
2175,3,151.6054077,4.889751889,288.2970005,0.074666015,
2175,3,48.89141846,1.779333861,343.771532,0.055851733,
2175,3,48.89141846,1.779333861,343.771532,0.055851733,
2176,2,1799.370605,12.37697305,151.3361026,0.084330642,
2176,2,1101.408569,12.35044048,173.8222364,0.092581652,
2176,2,500.0394287,10.71361892,214.5918526,0.098169227,
2176,2,301.4971313,8.793878817,237.2726747,0.091773495,
2176,2,151.3877411,4.803241904,294.5342799,0.078779846,
2176,2,49.82384491,1.226030209,360.9549788,0.059921018,
2176,2,49.82384491,1.226030209,360.9549788,0.059921018,
2176,3,1800.848755,9.619521202,168.5572777,0.070825319,
2176,3,1099.001343,9.92429757,177.7359801,0.075734917,
2176,3,500.4211731,8.360787042,227.1343042,0.082762808,
2176,3,298.6834106,7.433052445,245.0894214,0.082399355,
2176,3,148.0333099,5.539520533,281.0386891,0.080903102,
2176,3,49.36199951,2.179174638,340.1772126,0.06769191,
2176,3,49.36199951,2.179174638,340.1772126,0.06769191,
2179,1,1801.095459,13.67803206,226.3082852,0.138648495,
2179,1,1101.383667,13.27137044,242.7149903,0.148811771,
2179,1,501.0003052,11.59362664,263.7628702,0.150533056,
2179,1,298.4187622,10.29115348,279.3612431,0.15135439,
2179,1,148.6737976,5.352270517,333.6273098,0.151700833,
2179,1,48.35840988,0.622744097,384.9941166,0.139903482,
2179,1,48.35840988,0.622744097,384.9941166,0.139903482,
2179,2,1796.440796,10.46621945,271.7470041,0.148238706,
2179,2,1101.410034,10.12998658,290.7761585,0.169715936,
2179,2,499.5803223,7.782030545,322.7442881,0.189102546,
2179,2,300.8692017,6.350550484,337.6699846,0.195559523,
2179,2,148.828476,2.859380724,363.5311861,0.167946774,
2179,2,50.88511658,-2.48657348,417.6654955,0.159499676,
2179,2,50.88511658,-2.48657348,417.6654955,0.159499676,
2179,3,1800.382935,14.57076793,209.2190386,0.133230728,
2179,3,1100.984741,15.40284133,210.1313941,0.141010883,
2179,3,498.8462219,12.85197602,242.7972962,0.143112606,
2179,3,300.594635,10.48041938,269.9837828,0.142524413,
2179,3,151.3978424,5.889517154,322.389081,0.140690241,
2179,3,49.25495911,1.903639931,368.2536078,0.135250759,
2179,3,49.25495911,1.903639931,368.2536078,0.135250759,
2180,2,1799.880127,8.933799818,NA,0.093131102,
2180,2,1099.615601,8.097227252,NA,0.096568977,
2180,2,502.0073547,4.586031052,NA,0.095925984,
2180,2,299.7614136,3.682447707,NA,0.095090923,
2180,2,150.8885193,-1.868268548,NA,0.090462723,
2180,2,49.04319,-6.006395121,NA,0.078524782,
2180,2,49.04319,-6.006395121,NA,0.078524782,
2180,3,1798.993164,7.392960993,254.2742716,0.088434046,
2180,3,1798.892334,7.52743553,252.2847436,0.088782499,
2180,3,1102.551392,7.432701117,269.1414696,0.09856441,
2180,3,500.1743774,7.031731373,291.0646735,0.112112749,
2180,3,301.5585327,6.925421597,300.2013055,0.120702475,
2180,3,148.9600372,4.233535876,339.1472191,0.12534781,
2180,3,51.00338364,1.492256502,372.6969982,0.109282946,
2181,1,1800.927979,7.529059936,168.5107401,0.055129074,x
2181,1,1800.672485,7.935898983,154.5939399,0.054593793,x
2181,1,1800.588989,7.673173448,170.2501855,0.056663334,x
2181,1,1800.549927,7.663382127,170.7762992,0.056721111,x
2181,1,1800.542114,8.763311105,143.1282718,0.057434868,x
2181,1,1800.511475,6.499417146,178.7873625,0.049872013,x
2181,1,1800.333008,4.951280542,223.3027043,0.04848555,x
2181,1,1800.280884,8.0277687,162.7923468,0.057298307,x
2181,1,1800.163818,8.177733822,158.4671043,0.057254647,x
2181,1,1800.124023,5.404332768,210.2067877,0.048952739,x
2181,1,1799.987671,7.754775775,170.4758232,0.057337855,x
2181,1,1799.961548,8.341577107,160.5175611,0.058968657,x
2181,1,1799.955322,5.432642931,204.4348205,0.047664924,x
2181,1,1799.927612,8.623403918,152.3219151,0.058777621,x
2181,1,1799.906982,5.952702628,187.7758607,0.047782387,x
2181,1,1799.764648,9.362140082,129.000299,0.058058855,
2181,1,1799.667236,8.321364738,155.5386491,0.057550451,x
2181,1,1799.625488,8.951101852,136.9136215,0.057268829,x
2181,1,1799.599487,9.415237566,125.481642,0.05754882,x
2181,1,1799.589844,4.71139541,229.268024,0.047926441,x
2181,1,1799.443604,8.305976534,159.5216989,0.058501229,x
2181,1,1799.418579,6.647791128,161.2138441,0.047026152,x
2181,1,1799.25061,8.769984096,145.8679791,0.058187623,x
2181,1,1799.212158,9.812139453,113.9777502,0.057421167,x
2181,1,1799.154663,4.713621409,226.3660453,0.047062644,x
2181,1,1799.109497,9.3790718,129.2507025,0.058179887,x
2181,1,1799.034424,8.647267583,149.8235583,0.058326858,x
2181,1,1798.963135,5.98208106,182.6139911,0.04676942,x
2181,1,1798.910645,10.10338198,109.8995723,0.058226189,x
2181,1,1798.87207,5.534359974,202.4524712,0.048027748,x
2181,1,1798.846802,8.641219066,148.0606599,0.057870511,x
2181,1,1798.807861,6.850222692,158.6593331,0.0479614,x
2181,1,1798.746216,8.71455309,147.6842216,0.058279819,x
2181,1,1798.584595,6.860673425,159.4492776,0.048184358,x
2181,1,1798.473877,5.852863061,194.936156,0.048787575,x
2181,1,1798.347168,6.767034242,164.3083319,0.048616031,x
2181,1,1798.322021,6.62681604,176.3396167,0.050398499,x
2181,1,1798.184326,7.287443024,157.1729372,0.050720346,x
2181,1,1798.127686,6.668031536,185.0891263,0.052978309,x
2181,1,1798.086548,7.768042378,161.4803625,0.055086567,x
2181,1,1798.051758,7.383942307,158.9580211,0.051824963,x
2181,1,1798.000732,6.851057698,173.8344334,0.051514379,x
2181,1,1099.164307,9.234788624,125.4848564,0.056174972,
2181,1,499.0690002,7.392683766,157.3817156,0.050874803,
2181,1,300.8836365,7.044711022,139.3010812,0.044825294,
2181,1,151.1697998,4.352711738,202.858009,0.036985218,
2181,1,49.8290596,2.425139753,262.5050419,0.029979457,
2181,1,49.8290596,2.425139753,262.5050419,0.029979457,
2181,2,1799.428345,0.773873779,335.0628502,0.024242047,x
2181,2,1098.262207,0.891454878,334.6285297,0.026803567,x
2181,2,502.1193542,1.946590566,279.1911417,0.028098825,x
2181,2,298.9830627,0.971736982,328.6986241,0.025197359,x
2181,2,148.9672241,-0.070002109,394.4759305,0.02755861,x
2181,2,48.79272842,-0.101665687,396.1526039,0.029474966,x
2181,2,48.79272842,-0.101665687,396.1526039,0.029474966,x
2181,3,1800.411133,12.65797587,262.9243962,0.166694498,
2181,3,1099.497681,11.17056765,280.450036,0.169377902,
2181,3,498.2633972,7.761785578,315.8065546,0.171857507,
2181,3,300.2930298,6.288228169,328.9903574,0.167509712,
2181,3,151.1012115,3.875979051,350.9291102,0.157278181,
2181,3,51.56519699,-1.218908269,406.0640394,0.134913223,
2181,3,51.56519699,-1.218908269,406.0640394,0.134913223,
2182,1,1798.295532,2.970075149,155.7930428,0.0202356,x
2182,1,1099.405273,3.205188092,108.111253,0.018019049,x
2182,1,498.4806519,3.803957795,1.843857142,0.015492316,x
2182,1,301.6115723,4.427145887,58.44347653,0.021078621,x
2182,1,151.2609863,3.802714968,-285.525426,0.008905559,x
2182,1,49.21685791,0.949985666,-294.4004904,0.002192646,x
2182,1,49.21685791,0.949985666,-294.4004904,0.002192646,x
2182,2,1800.810181,10.65776601,230.2913903,0.108901227,
2182,2,1098.111938,10.27389218,248.3989558,0.117040311,
2182,2,501.3492737,9.091471393,278.855681,0.130353311,
2182,2,301.1574707,8.638348672,288.6802262,0.134922258,
2182,2,148.3576355,5.815236114,322.8535605,0.133697859,
2182,2,50.62149429,1.19087463,379.2024912,0.127977484,
2182,2,50.62149429,1.19087463,379.2024912,0.127977484,
2182,3,1800.641846,18.52807881,246.7883362,0.222878285,
2182,3,1099.356445,17.43136859,263.2426059,0.234965773,
2182,3,501.739563,13.80120785,293.8489352,0.24249756,
2182,3,298.7799988,11.68785056,305.5716198,0.23157847,
2182,3,151.2145081,7.172644992,336.8089669,0.221189795,
2182,3,50.09414291,2.417565889,370.7335147,0.191816679,
2182,3,50.09414291,2.417565889,370.7335147,0.191816679,
2183,1,1799.541016,12.45289097,228.1219917,0.127077277,
2183,1,1100.112549,11.54424922,232.3270851,0.119648452,
2183,1,501.2423401,9.805038809,257.7822797,0.120074817,
2183,1,299.6341248,6.476483917,298.9435478,0.114253841,
2183,1,150.8462372,3.810625412,329.5439102,0.099789469,
2183,1,51.3020401,1.468268858,365.9919154,0.091614178,
2183,1,51.3020401,1.468268858,365.9919154,0.091614178,
2183,2,1798.795166,7.458421406,286.7531074,0.120339384,
2183,2,1101.537476,8.409379228,278.5190769,0.123318961,
2183,2,503.0386047,7.054418927,306.7698943,0.136264485,
2183,2,298.9263916,5.100260479,330.8174367,0.13733083,
2183,2,148.0668488,3.141475623,352.7772368,0.131438078,
2183,2,50.70962524,0.060433318,391.1921658,0.128882755,
2183,2,50.70962524,0.060433318,391.1921658,0.128882755,
2183,3,1800.588623,29.39783143,225.3400053,0.301087806,
2183,3,1100.515503,25.853788,254.0990595,0.318664765,
2183,3,498.1663513,19.69896159,281.9529146,0.300181647,
2183,3,299.2514648,18.03692747,285.7828524,0.281180245,
2183,3,151.579361,10.77514933,324.2787264,0.259473602,
2183,3,50.26620865,3.025481433,370.9231761,0.221892281,
2183,3,50.26620865,3.025481433,370.9231761,0.221892281,
2184,1,1799.488647,17.412691,270.8409256,0.245955228,
2184,1,1101.306763,17.32311786,272.143884,0.244392799,
2184,1,501.1174011,14.62589684,295.0451717,0.25354306,
2184,1,298.5147095,9.992165303,327.003436,0.259339723,
2184,1,149.0028381,4.522744055,361.0788795,0.248070283,
2184,1,48.71708679,1.116443231,383.8152548,0.237051576,
2184,1,48.71708679,1.116443231,383.8152548,0.237051576,
2184,3,1798.901489,5.314866259,-182.1574392,0.014697556,x
2184,3,1102.077881,6.749262141,10895.56518,-0.001019956,x
2184,3,499.7998962,5.473974766,1099.961036,-0.012282816,x
2184,3,298.0427551,5.075210594,763.3733367,-0.021743914,x
2184,3,151.8330383,4.54242543,597.7378752,-0.035246303,x
2184,3,49.39570999,5.096096653,579.2997281,-0.04352446,x
2184,3,49.39570999,5.096096653,579.2997281,-0.04352446,x
2185,1,1799.232178,5.200893945,190.6503749,0.0418537,
2185,1,1102.077515,6.002504725,198.0994831,0.049964054,
2185,1,500.4081726,7.432937024,165.4904929,0.052628883,
2185,1,301.7676086,7.069427428,204.0745727,0.060297669,
2185,1,150.1672668,5.373581261,261.8132413,0.06591583,
2185,1,50.96634674,1.465225395,351.5416376,0.056105546,
2185,1,50.96634674,1.465225395,351.5416376,0.056105546,
2185,2,1799.943359,1.538622884,174.3116506,0.01150864,x
2185,2,1098.014893,2.311879285,57.90292792,0.011072469,x
2185,2,499.020813,1.80577645,149.9537274,0.011922461,x
2185,2,299.6562805,1.81358488,156.0984104,0.012246557,x
2185,2,151.8966827,2.029603977,85.37408598,0.010521517,x
2185,2,50.29909134,0.58889289,255.699412,0.006855319,x
2185,2,50.29909134,0.58889289,255.699412,0.006855319,x
2185,3,1799.466309,24.00839981,222.9611689,0.239170231,
2185,3,1100.984619,21.99622071,239.123237,0.240651858,
2185,3,498.6929321,18.80177133,252.0307111,0.221928858,
2185,3,300.5494385,14.51939229,277.093105,0.20654136,
2185,3,151.0640106,8.622371684,319.8724507,0.19245654,
2185,3,51.41714096,2.683643814,369.8262604,0.176795854,
2185,3,51.41714096,2.683643814,369.8262604,0.176795854,
2186,1,1798.730225,19.5625251,211.321659,0.18037051,
2186,1,1102.158325,19.30688236,226.2162255,0.193387107,
2186,1,500.4252625,14.45766579,259.8488574,0.180323567,
2186,1,299.0482788,10.81239743,284.8069375,0.164755263,
2186,1,149.7830963,5.536640306,328.1087882,0.13999469,
2186,1,49.23506165,0.53382033,385.4210673,0.114325528,
2186,1,49.23506165,0.53382033,385.4210673,0.114325528,
2186,2,1799.435303,17.64258825,261.5446356,0.223630068,
2186,2,1099.20105,15.87813387,260.0814407,0.19727215,
2186,2,498.728302,13.08841894,261.9869095,0.162924454,
2186,2,300.4803162,8.928626504,287.4237077,0.13727099,
2186,2,149.4046021,5.640247449,306.0656862,0.10383124,
2186,2,50.25667191,2.418619889,341.6112461,0.074023781,
2186,2,50.25667191,2.418619889,341.6112461,0.074023781,
2186,3,1801.966064,21.0804976,285.490557,0.333384538,
2186,3,1100.943481,21.42727883,267.7920443,0.28707139,
2186,3,502.013855,15.81886087,288.5876032,0.252439146,
2186,3,299.2573242,11.68435205,311.8094096,0.238179522,
2186,3,152.0891266,7.483514984,333.9978396,0.205712475,
2186,3,49.15195847,2.213436548,374.2877525,0.183921586,
2186,3,49.15195847,2.213436548,374.2877525,0.183921586,
2187,1,1800.176025,6.787247927,255.5531791,0.081395386,
2187,1,1098.206421,7.779637325,243.6543586,0.084917147,
2187,1,500.9841919,7.117212982,265.2056642,0.090214756,
2187,1,297.9593201,5.986749285,285.7355786,0.090353545,
2187,1,147.2026062,1.984271073,354.6623428,0.084068222,
2187,1,50.05966568,1.274373989,364.309596,0.069579369,
2187,1,50.05966568,1.274373989,364.309596,0.069579369,
2187,2,1798.485229,20.50608433,259.513704,0.266773991,
2187,2,1098.680054,20.5177448,262.4214689,0.269517073,
2187,2,499.2507019,15.82076966,293.1869036,0.2700843,
2187,2,299.8519592,13.00319229,312.9516301,0.274938721,
2187,2,151.8645477,6.308723694,355.7366003,0.280280414,
2187,2,50.43379593,1.794448266,383.9205961,0.281831034,
2187,2,50.43379593,1.794448266,383.9205961,0.281831034,
2187,3,1800.633057,1.422624921,343.552811,0.051588619,x
2187,3,1800.562744,2.653178203,306.9878014,0.052494047,x
2187,3,1800.492432,1.563591467,306.8195343,0.030721138,x
2187,3,1800.470215,3.214886815,291.5108255,0.053255776,x
2187,3,1800.407715,1.941482369,239.119443,0.020709946,x
2187,3,1800.372314,3.871118046,268.8059461,0.051874242,x
2187,3,1800.325928,2.910910266,296.0619797,0.05064218,x
2187,3,1800.203735,1.974957417,317.9004718,0.045134165,x
2187,3,1800.140991,2.505365018,303.6579611,0.047389308,x
2187,3,1800.118652,2.620374695,296.1669005,0.045685374,x
2187,3,1800.079712,2.147205695,319.5574454,0.05034777,x
2187,3,1800.077026,1.234012863,335.3745984,0.037794697,x
2187,3,1800.073364,0.831926418,350.0846604,0.035527544,x
2187,3,1799.994995,2.186075895,312.6731313,0.046354521,x
2187,3,1799.983276,3.210028642,284.5709437,0.049614212,
2187,3,1799.955811,2.471308739,296.5974435,0.043086845,x
2187,3,1799.945313,1.071794426,341.8911059,0.037451915,x
2187,3,1799.896729,0.33007664,375.2502362,0.043221039,x
2187,3,1799.720337,2.47998852,295.7566664,0.043070495,x
2187,3,1799.712158,2.117914059,308.4108436,0.042610379,x
2187,3,1799.698975,2.364893461,294.1878765,0.040284292,x
2187,3,1799.545288,1.773518306,320.9189134,0.042351068,x
2187,3,1799.527954,1.100343524,344.3453167,0.04055405,x
2187,3,1799.46875,2.35760474,298.978621,0.04238986,x
2187,3,1799.421509,0.883401805,354.5110762,0.042807915,x
2187,3,1799.369995,1.801770407,318.5129373,0.041761209,x
2187,3,1799.351318,2.701795615,284.3571214,0.041523496,x
2187,3,1799.343018,1.862223936,316.4149752,0.041615075,x
2187,3,1799.300659,1.096801204,345.0711099,0.041351724,x
2187,3,1799.292603,1.772490843,316.1822357,0.039632912,x
2187,3,1799.221069,3.183995174,268.9261527,0.042669091,x
2187,3,1799.200317,0.893582914,351.6551453,0.040133616,x
2187,3,1799.134888,0.981842559,350.8717723,0.042866666,x
2187,3,1799.123291,1.458690459,328.8199992,0.039494572,x
2187,3,1799.120483,0.93792556,353.3221315,0.043297301,x
2187,3,1799.044067,0.866461549,353.8694989,0.04091121,x
2187,3,1799.038086,1.106822264,342.8054861,0.039351707,x
2187,3,1798.940796,0.858474417,355.2615753,0.042709771,x
2187,3,1798.926392,0.947256238,351.8170796,0.042455405,x
2187,3,1798.88855,1.572402968,328.1022482,0.042073448,x
2187,3,1798.826172,1.490505416,328.5551078,0.040351261,x
2187,3,1100.86731,3.660249692,289.9199799,0.058536074,
2187,3,500.932373,2.739533525,323.6321095,0.064251587,
2187,3,301.0039673,4.378802935,283.0034744,0.06388765,x
2187,3,148.5012512,3.105012457,318.7314459,0.066769088,
2187,3,50.6281662,0.44055527,383.5592427,0.067560872,
2187,3,50.6281662,0.44055527,383.5592427,0.067560872,
2188,2,1800.733643,20.61353414,230.301005,0.219134775,
2188,2,1101.669189,17.67679692,263.7257942,0.236992701,
2188,2,501.842804,13.04297591,304.5774934,0.254528154,
2188,2,300.0474548,9.516196546,327.6498813,0.250308447,
2188,2,148.9442596,6.755386568,345.8290314,0.242571871,
2188,2,50.39964294,1.770827486,380.5180558,0.235065845,
2188,2,50.39964294,1.770827486,380.5180558,0.235065845,
2188,3,1800.145752,21.75969727,258.0376205,0.311478954,
2188,3,1100.931763,19.4971638,279.5465961,0.331941537,
2188,3,500.8137817,16.84685943,298.8043611,0.343360591,
2188,3,298.3423767,13.07033497,313.00659,0.309596296,
2188,3,150.8583679,6.749218228,345.4334764,0.272070978,
2188,3,49.98559952,2.35841586,372.3127565,0.228258951,
2188,3,49.98559952,2.35841586,372.3127565,0.228258951,
2189,1,1801.269531,22.26124771,272.4668482,0.333748597,
2189,1,1102.395386,19.39353763,294.5583263,0.355169307,
2189,1,498.2606812,14.59298196,323.1536412,0.375401587,
2189,1,300.6274414,10.91447772,340.3480751,0.371061549,
2189,1,149.8302155,5.567385534,365.4469224,0.363410478,
2189,1,50.60147095,0.647431106,389.3117994,0.352537483,
2189,1,50.60147095,0.647431106,389.3117994,0.352537483,
2189,2,1801.876099,10.4231468,167.3385267,0.079665342,
2189,2,1100.476807,10.53442203,205.7354658,0.097383591,
2189,2,500.3634033,10.60015388,228.1783612,0.111099985,
2189,2,300.4023743,9.166637095,252.2244547,0.112611884,
2189,2,150.7770844,6.151172932,282.8802197,0.096237694,
2189,2,49.9543457,2.170515188,336.575636,0.068519394,
2189,2,49.9543457,2.170515188,336.575636,0.068519394,
2189,3,1802.71582,24.23318922,224.6288547,0.247123515,
2189,3,1098.044556,22.33228719,253.8678876,0.275035867,
2189,3,496.9120483,16.93700766,298.762402,0.304977533,
2189,3,301.3630371,12.81554464,322.3760015,0.303761359,
2189,3,150.9058685,6.946354299,355.1039895,0.297405405,
2189,3,48.64353943,2.194403188,382.5341345,0.288133144,
2189,3,48.64353943,2.194403188,382.5341345,0.288133144,
2190,1,1798.650757,14.41622176,90.24689797,0.076992192,
2190,1,1099.206543,12.38108859,136.666005,0.077874155,
2190,1,501.4661255,10.65817454,159.9000739,0.073301014,
2190,1,298.5565186,9.182415895,185.7211986,0.070770939,
2190,1,148.0862122,4.460473452,290.7157276,0.068836019,
2190,1,50.48060226,1.259314897,363.9927916,0.064817638,
2190,1,50.48060226,1.259314897,363.9927916,0.064817638,
2190,2,1797.788818,19.09344555,175.6378204,0.143070789,
2190,2,1100.8573,17.83611596,188.055872,0.141162139,
2190,2,499.8254395,14.91479573,195.6025251,0.121611768,
2190,2,301.9054565,11.10539176,246.4304368,0.121271429,
2190,2,149.3299408,4.767084932,328.6498594,0.115949014,
2190,2,51.40053177,1.807191414,369.2864847,0.111550298,
2190,2,51.40053177,1.807191414,369.2864847,0.111550298,
2190,3,1800.126587,18.57963887,172.2816652,0.139110015,
2190,3,1101.137085,16.91394059,205.1678372,0.148611423,
2190,3,501.0496826,12.76927386,250.9603502,0.147401115,
2190,3,298.4282227,10.78808484,270.1086785,0.143188641,
2190,3,148.86586,6.01647626,318.0353093,0.129160228,
2190,3,48.6095314,1.935987904,364.5367108,0.10492717,
2190,3,48.6095314,1.935987904,364.5367108,0.10492717,
2191,1,1801.960083,13.72769313,136.3855476,0.088795207,
2191,1,1101.280273,12.63427716,167.5164894,0.092664446,
2191,1,501.9737549,10.68092476,196.2639637,0.089291145,
2191,1,298.5290833,7.476911973,212.4452404,0.067654466,
2191,1,150.9303741,4.920591034,255.6717751,0.058262496,
2191,1,51.41404343,1.726699565,290.1227925,0.026981397,
2191,1,51.41404343,1.726699565,290.1227925,0.026981397,
2191,2,1800.348389,23.34484774,223.200856,0.234506062,
2191,2,1101.421875,21.4318917,250.8936759,0.257298096,
2191,2,502.7446289,15.92453891,288.855656,0.259746141,
2191,2,299.3352966,13.18903179,303.220413,0.247963852,
2191,2,147.9283905,7.342543129,337.9877769,0.221816107,
2191,2,50.4259758,1.490356707,379.2582281,0.185976732,
2191,2,50.4259758,1.490356707,379.2582281,0.185976732,
2191,3,1801.41626,10.46656905,158.2478491,0.073604681,
2191,3,1099.809448,9.37960879,183.1533997,0.073530195,
2191,3,501.510498,6.103789315,241.229325,0.065974015,
2191,3,299.8077393,4.712869846,254.2497106,0.05521756,
2191,3,150.4545288,2.193749371,307.208161,0.041623047,
2191,3,49.5643959,1.142616229,325.9039641,0.027287824,
2191,3,49.5643959,1.142616229,325.9039641,0.027287824,
2192,1,1800.571167,16.9124237,214.1104522,0.156795759,
2192,1,1099.141113,16.00944427,228.7017303,0.160923932,
2192,1,501.499115,13.49127499,246.5383925,0.151368151,
2192,1,297.999115,10.44583584,261.4957964,0.130005959,
2192,1,153.0045776,5.099611351,316.4181631,0.10941277,
2192,1,49.92734146,3.736816192,329.2614185,0.09611444,
2192,1,49.92734146,3.736816192,329.2614185,0.09611444,
2192,3,1799.484741,15.36533329,217.2195589,0.144519347,
2192,3,1099.58606,18.4335445,203.6606074,0.159795865,
2192,3,501.4360657,10.22173005,267.1574269,0.132706288,
2192,3,299.6865845,11.71902142,243.3637083,0.127002494,
2192,3,150.9061127,2.360035498,355.1610948,0.102382177,
2192,3,51.46487045,-1.882409754,428.6372076,0.084285824,
2192,3,51.46487045,-1.882409754,428.6372076,0.084285824,
2193,1,1799.11084,14.57728365,236.169296,0.154527184,
2193,1,1101.542603,13.00827044,259.537181,0.160898028,
2193,1,499.6639099,10.71221993,285.4105568,0.162944972,
2193,1,301.2179565,8.680102652,304.1573351,0.158778869,
2193,1,149.3542633,5.135131763,340.5754042,0.155830261,
2193,1,50.21711349,1.545386435,377.7830399,0.144477449,
2193,1,50.21711349,1.545386435,377.7830399,0.144477449,
2193,2,1798.27063,5.370830043,138.968938,0.034337812,x
2193,2,1101.288086,3.144253898,233.1896857,0.032089056,x
2193,2,501.4033813,2.413175666,251.1386822,0.027532569,x
2193,2,298.8257751,3.902653098,189.8925154,0.030853108,x
2193,2,148.9465332,2.57771879,264.0647731,0.032144116,x
2193,2,48.87100983,0.908247268,343.3012498,0.029584371,x
2193,2,48.87100983,0.908247268,343.3012498,0.029584371,x
2193,3,1800.355957,13.519681,217.9404395,0.126824598,
2193,3,1100.888062,13.71472535,234.0323378,0.140893216,
2193,3,501.4542542,11.9738202,250.7100482,0.13628133,
2193,3,299.3070984,10.48417811,257.4333866,0.124451067,
2193,3,148.2693176,5.463645557,319.6458161,0.117929672,
2193,3,49.3843956,2.451136974,355.7208707,0.099759965,
2193,3,49.3843956,2.451136974,355.7208707,0.099759965,
2194,1,1801.345581,21.43275387,253.5952604,0.26231028,
2194,1,1100.481445,19.74841079,262.255109,0.255580796,
2194,1,499.7141418,15.97427798,278.4845385,0.233010298,
2194,1,301.2952881,12.95128466,292.6286958,0.21379394,
2194,1,149.889328,7.1090941,335.6240565,0.202425998,
2194,1,50.74277878,1.230116374,383.4790342,0.186267991,
2194,1,50.74277878,1.230116374,383.4790342,0.186267991,
2194,2,1797.248657,18.57058607,78.33611282,0.096702776,
2194,2,1101.397827,17.24655004,126.5690758,0.105820024,
2194,2,499.600647,14.38080021,185.4739291,0.112729901,
2194,2,301.5540771,12.24947066,217.1277491,0.112790839,
2194,2,149.3487244,8.328345669,270.8399867,0.109188911,
2194,2,50.93504333,3.545969525,340.7385399,0.104405981,
2194,2,50.93504333,3.545969525,340.7385399,0.104405981,
2194,3,1800.243408,26.77111062,195.5278361,0.226668882,
2194,3,1098.013062,27.19969218,200.572864,0.234451152,
2194,3,500.8664856,21.79992445,239.7951276,0.233716147,
2194,3,297.1515503,15.28466634,273.205986,0.207532514,
2194,3,152.5428162,8.96396482,322.6349594,0.20171452,
2194,3,49.5100975,4.410042572,351.818521,0.162208677,
2194,3,49.5100975,4.410042572,351.818521,0.162208677,
2195,1,1801.927246,15.12097698,279.0503801,0.22129072,x
2195,1,1801.865479,11.37171734,304.6479721,0.216073595,x
2195,1,1801.807495,13.26249942,293.6813269,0.224357949,x
2195,1,1801.718994,12.34284574,295.9190174,0.213203345,x
2195,1,1801.648926,12.24988093,306.230826,0.238492439,x
2195,1,1801.568604,18.01932351,288.6741287,0.293458764,x
2195,1,1801.27356,14.81903349,293.1174712,0.249999324,x
2195,1,1801.206055,13.20785432,298.8568679,0.236115929,x
2195,1,1801.175049,16.15660739,274.0593075,0.227474353,x
2195,1,1801.160889,11.37128313,309.6526061,0.229153614,x
2195,1,1801.086304,14.17366915,281.0207579,0.211445783,x
2195,1,1800.90625,13.11797443,294.4487416,0.224032288,x
2195,1,1800.765015,17.65486544,268.900111,0.238491747,x
2195,1,1800.725708,16.61449781,275.4398639,0.236626107,x
2195,1,1800.682617,12.44085736,312.8868458,0.26423362,x
2195,1,1800.681763,15.25473879,307.0479687,0.303134984,x
2195,1,1800.605957,15.89250101,296.0538829,0.279994243,x
2195,1,1800.590576,14.76399553,297.95846,0.262248955,x
2195,1,1800.560181,17.71482905,291.6892794,0.297095607,x
2195,1,1800.534424,15.03269999,297.6250745,0.266673627,x
2195,1,1800.487061,14.57352321,300.0917112,0.265749091,x
2195,1,1800.445435,14.11440567,301.3863139,0.261486842,x
2195,1,1800.444824,13.81327923,293.909907,0.233995535,x
2195,1,1800.440918,19.23436639,282.391189,0.295375265,x
2195,1,1800.4375,11.4212957,311.6438891,0.237190076,x
2195,1,1800.260376,16.2750829,296.5686283,0.287715353,x
2195,1,1800.128662,15.14202439,297.3680238,0.268696502,x
2195,1,1800.032227,16.18534901,295.8479839,0.284613132,x
2195,1,1800.022095,14.09412677,295.0968365,0.242384708,x
2195,1,1800.008911,17.5660903,290.2749506,0.291096,x
2195,1,1799.953613,16.99284085,278.1532163,0.248448425,x
2195,1,1799.922729,17.63121473,288.2004028,0.285979633,x
2195,1,1799.884033,15.35315683,293.7389513,0.261777737,x
2195,1,1799.762451,17.43609746,287.2985305,0.278782261,x
2195,1,1799.72876,14.64334664,292.0748801,0.244883565,x
2195,1,1799.577148,14.52231312,312.8177953,0.311620841,x
2195,1,1799.525513,12.88271068,304.561244,0.246514065,x
2195,1,1799.023193,15.7497953,281.5751593,0.236936417,x
2195,1,1798.411865,13.68286822,284.7417269,0.211131677,x
2195,1,1798.19873,14.30584014,311.2889891,0.300991065,
2195,1,1797.321533,16.6620245,292.967765,0.28324168,x
2195,1,1101.232178,13.17042598,310.7799347,0.27138701,
2195,1,499.4310913,11.75019159,313.1114339,0.245690778,
2195,1,300.6506958,8.584693856,324.8988592,0.209165523,
2195,1,149.7839813,4.903781516,351.4643117,0.194502904,
2195,1,50.60450745,0.124196612,391.8987692,0.185560401,
2195,1,50.60450745,0.124196612,391.8987692,0.185560401,
2195,2,1800.131104,6.262697112,288.2772115,0.101495055,
2195,2,1101.947632,5.81472003,293.4971926,0.098314194,
2195,2,500.005249,7.496110536,261.0564198,0.093351493,
2195,2,300.8360291,3.706080755,324.9466018,0.090539099,
2195,2,151.8651886,1.644172926,362.5487989,0.092306787,
2195,2,48.13084412,-1.040661676,411.1531228,0.085866303,
2195,2,48.13084412,-1.040661676,411.1531228,0.085866303,
2195,3,1801.396851,19.0439861,262.1731418,0.248507658,x
2195,3,1801.36853,19.70142826,270.2015433,0.275672627,x
2195,3,1801.351563,19.66057977,255.4892021,0.243909905,x
2195,3,1801.315918,21.03391631,256.2194997,0.26277521,x
2195,3,1801.297119,19.89447725,255.9496858,0.247711913,x
2195,3,1801.24646,20.60489612,256.4087035,0.257459525,x
2195,3,1801.207275,22.03609314,250.5998154,0.263986777,x
2195,3,1801.190674,18.97587423,261.9605164,0.247330984,x
2195,3,1801.159546,17.53488383,279.9256991,0.267048856,x
2195,3,1801.127319,20.52822492,261.4140471,0.266715443,x
2195,3,1801.106689,15.86082852,287.3212425,0.259384335,x
2195,3,1801.06189,21.30964212,258.1916164,0.27058673,x
2195,3,1801.040161,22.29899348,237.328898,0.242895553,x
2195,3,1801.039673,19.17259354,260.648796,0.24778749,x
2195,3,1801.033936,18.06368943,268.3001527,0.247746482,x
2195,3,1801.026733,22.51671369,252.3478467,0.273218908,x
2195,3,1800.974121,19.63114569,269.2295139,0.272888913,x
2195,3,1800.973145,17.66649215,251.6613045,0.211010668,x
2195,3,1800.968994,14.3448853,286.6303138,0.231868251,x
2195,3,1800.964844,19.5786946,233.7313764,0.207228361,x
2195,3,1800.861084,19.25389099,265.6559845,0.25869825,x
2195,3,1800.792603,20.03427011,259.7396256,0.257431573,x
2195,3,1800.769287,19.63158929,262.4064656,0.257878961,x
2195,3,1800.764526,19.33040106,262.6401379,0.253476799,x
2195,3,1800.623901,17.20123947,266.3123302,0.231695339,x
2195,3,1800.607788,20.12413869,248.9663241,0.237070659,x
2195,3,1800.595825,16.89209848,271.3756796,0.237246213,x
2195,3,1800.524658,18.98293078,256.1142169,0.235954286,x
2195,3,1800.321655,19.13224101,261.8158401,0.248870948,x
2195,3,1799.250732,20.56642528,250.7830132,0.246467552,x
2195,3,1799.055664,19.63361077,254.8803315,0.242303966,x
2195,3,1798.880859,19.36426118,256.7990598,0.242487803,x
2195,3,1798.851685,19.73236974,256.0650535,0.24595173,x
2195,3,1798.509155,22.18653889,242.5259178,0.250027971,x
2195,3,1798.43811,19.49222708,259.23062,0.24967173,x
2195,3,1798.358765,17.58056577,269.3314917,0.244210315,x
2195,3,1798.134766,18.51011277,262.8167058,0.243216498,x
2195,3,1798.089722,19.66986293,259.7033701,0.252380504,x
2195,3,1798.065796,18.06684013,266.6749599,0.244785751,x
2195,3,1798.001465,19.17891977,260.611588,0.24812606,x
2195,3,1797.985229,18.66762782,264.2561937,0.248298163,
2195,3,1797.915405,19.48455093,257.7890715,0.246087381,x
2195,3,1101.131836,16.93483013,286.1055244,0.27152467,
2195,3,497.8136597,10.16774301,322.9706716,0.248647875,
2195,3,298.8741455,7.050506314,341.2508967,0.233536022,
2195,3,148.2151184,3.142673492,366.6571953,0.206524673,
2195,3,49.99140549,0.83603456,385.3461962,0.195472793,
2195,3,49.99140549,0.83603456,385.3461962,0.195472793,
2196,1,1801.637207,23.69769228,318.9738864,0.559924017,
2196,1,1099.258423,19.42940466,332.4986643,0.544560145,
2196,1,500.9735107,14.67223727,348.9125195,0.563016051,
2196,1,299.2503967,9.815019351,358.9446943,0.466396,
2196,1,148.3076477,6.198358459,369.5977435,0.411930321,
2196,1,49.5935173,1.756160134,387.7299426,0.374653694,
2196,1,49.5935173,1.756160134,387.7299426,0.374653694,
2196,2,1800.28186,34.38193144,289.556232,0.574404112,
2196,2,1099.637573,32.19908724,295.6468126,0.563512976,
2196,2,500.9679871,17.70008726,335.793464,0.522813983,
2196,2,299.1387634,13.91362879,347.8275885,0.511027968,
2196,2,148.396637,4.985292982,376.2866075,0.467346409,
2196,2,49.68143463,2.650652359,384.0332282,0.431608268,
2196,2,49.68143463,2.650652359,384.0332282,0.431608268,
2197,1,1800.939819,23.3442995,256.9228703,0.298287599,
2197,1,1100.209839,22.32830603,273.0162239,0.322274537,
2197,1,501.0535278,19.72883824,285.8065275,0.31419849,
2197,1,298.8166809,13.27497492,319.9781799,0.310715217,
2197,1,149.8251495,9.375780004,342.4944444,0.315406278,
2197,1,49.83174133,0.75071952,388.8195239,0.30622236,
2197,1,49.83174133,0.75071952,388.8195239,0.30622236,
2197,2,1802.470825,21.65279092,268.6090215,0.313931957,
2197,2,1099.302368,19.83739695,281.3192263,0.317669495,
2197,2,499.2649536,16.23188124,302.7118122,0.3191164,
2197,2,298.4527893,12.61428982,319.4589073,0.303848722,
2197,2,149.2450256,7.086398908,347.0565339,0.275524572,
2197,2,49.03768921,1.978763696,377.5603372,0.238867805,
2197,2,49.03768921,1.978763696,377.5603372,0.238867805,
2197,3,1801.968506,29.19192913,302.1969736,0.592846672,
2197,3,1099.900879,24.91476724,301.7375443,0.488792763,
2197,3,501.4557495,18.89165831,315.5453891,0.426991426,
2197,3,299.3946533,14.02136445,329.8943553,0.379794003,
2197,3,148.5275421,7.352033534,358.2088621,0.346963688,
2197,3,49.96465302,1.63851569,385.9945084,0.30773383,
2197,3,49.96465302,1.63851569,385.9945084,0.30773383,
2198,1,1800.43457,7.656294929,211.5180229,0.069446514,
2198,1,1098.445068,7.186851749,218.4931649,0.067277554,
2198,1,501.8157349,6.088876893,172.5333178,0.044656101,
2198,1,300.0157776,4.218542054,223.9769074,0.040298092,
2198,1,150.9744415,2.057245166,304.1360106,0.037252806,
2198,1,51.54748154,0.31812877,378.3381536,0.035080296,
2198,1,51.54748154,0.31812877,378.3381536,0.035080296,
2198,2,1801.730225,18.37142179,224.3744205,0.186119089,
2198,2,1098.294312,17.29031285,238.1757737,0.189682405,
2198,2,500.835083,14.21713285,265.4900594,0.188242642,
2198,2,302.2487793,9.884869447,300.0085092,0.178350994,
2198,2,151.986557,5.557953583,338.590696,0.169078301,
2198,2,50.11381912,1.671720285,376.3240564,0.158122874,
2198,2,50.11381912,2.870058921,376.8521108,0.279670928,
2198,3,1799.046509,8.734321306,253.1525482,0.105257971,
2198,3,1099.704346,10.14592404,234.0417224,0.106018642,
2198,3,501.9142761,8.340882361,260.0629132,0.103599381,
2198,3,298.4871521,6.709401148,280.1400796,0.098403264,
2198,3,147.884552,3.765276063,323.2075277,0.089263757,
2198,3,50.6092186,0.959112668,372.073808,0.078081844,
2198,3,50.6092186,1.854138672,372.4937057,0.153951236,
2199,1,1801.453979,13.95069773,254.7104222,0.170974432,
2199,1,1096.591309,12.09735339,279.7015751,0.179168363,
2199,1,502.775116,8.42635195,319.3526304,0.190996667,
2199,1,300.7808228,6.612339472,335.8852307,0.190731664,
2199,1,150.2706451,3.904111809,359.8612901,0.18848607,
2199,1,48.49501419,0.728925897,388.1139267,0.183930895,
2199,1,48.49501419,0.728925897,388.1139267,0.183930895,
2199,2,1801.159302,4.973506981,114.4818748,0.028810241,
2199,2,1099.588135,5.378010633,73.19519613,0.026947716,
2199,2,500.4482117,4.349770364,110.4695409,0.024552685,
2199,2,299.5805664,4.520062738,79.42640733,0.022946174,
2199,2,149.6344757,3.853071865,102.9088897,0.021120412,
2199,2,47.92685318,0.148498113,377.5866013,0.013812029,
2199,2,47.92685318,0.148498113,377.5866013,0.013812029,
2200,2,1802.456665,18.93175529,255.5182287,0.238258422,
2200,2,1096.919189,17.77513008,269.7830422,0.2481038,
2200,2,500.5976868,14.27021525,296.7671162,0.253727376,
2200,2,301.8058472,11.71098815,314.3053969,0.2538087,
2200,2,149.0041046,6.154456421,350.5897005,0.246905144,
2200,2,50.85438156,1.541964794,381.8009136,0.238932771,
2200,2,50.85438156,1.541964794,381.8009136,0.238932771,
2200,3,1799.765381,19.9124427,253.1140973,0.243702495,
2200,3,1099.157227,17.23296358,272.5865927,0.244024695,
2200,3,500.3199463,13.59537565,292.9363163,0.22982916,
2200,3,300.0904541,11.49385032,305.79752,0.221049519,
2200,3,151.0261993,6.391982511,342.6874906,0.211433668,
2200,3,51.28646851,2.16396392,373.490818,0.182814734,
2200,3,51.28646851,2.16396392,373.490818,0.182814734,
2201,1,1801.697021,5.650184724,165.571403,0.040613622,
2201,1,1101.827393,5.360152667,195.4909237,0.044141379,
2201,1,500.7658691,4.835371222,220.5298047,0.045238777,
2201,1,299.6248474,5.616960748,190.1044358,0.044395262,
2201,1,149.8766785,4.410274144,243.6616961,0.047304277,
2201,1,49.40454102,1.342192257,348.3377725,0.047781547,
2201,1,49.40454102,1.342192257,348.3377725,0.047781547,
2201,2,1799.239746,2.683327739,266.2094044,0.034198795,
2201,2,1099.828613,3.622613675,222.0758119,0.033923583,
2201,2,502.0838318,2.441491557,254.7776815,0.028146357,
2201,2,302.2704468,2.530925452,244.1903726,0.027000803,
2201,2,149.2507324,2.499854193,243.9938424,0.026578365,
2201,2,49.24648666,0.481265812,364.1531757,0.025403896,
2201,2,49.24648666,0.481265812,364.1531757,0.025403896,
2201,3,1798.306885,9.403115255,NA,0.06732805,
2201,3,1101.244263,9.530271854,NA,0.062451381,
2201,3,501.0729675,8.092726174,NA,0.062986275,
2201,3,299.5992432,6.856928455,NA,0.063149085,
2201,3,150.6739349,5.021023073,NA,0.056012361,
2201,3,49.07498169,1.531689316,NA,0.051158384,
2201,3,49.07498169,1.531689316,NA,0.051158384,
2202,1,1798.464478,12.18513323,212.6994678,0.113252503,
2202,1,1101.94104,12.03327432,219.078327,0.115071839,
2202,1,499.1081238,9.636127245,247.9833321,0.110073257,
2202,1,300.7729797,7.990035227,261.2438596,0.099957063,
2202,1,151.6928101,4.473803327,306.6853423,0.085986565,
2202,1,51.45726776,1.521290719,354.3731853,0.066336401,
2202,1,51.45726776,1.521290719,354.3731853,0.066336401,
2203,1,1799.055664,5.423089997,293.6943815,0.089194401,
2203,1,1098.709595,7.012702505,245.0871167,0.076680397,
2203,1,498.7928467,5.435393723,247.5837887,0.060209496,
2203,1,300.7957764,4.971047588,237.2934819,0.051230619,
2203,1,149.4286804,3.264064627,267.901604,0.041774129,
2203,1,50.44012833,0.812391586,342.7547513,0.025782213,
2203,1,50.44012833,0.812391586,342.7547513,0.025782213,
2203,2,1803.591553,26.27726932,187.0201702,0.215881181,x
2203,2,1803.580566,27.4449998,179.3619034,0.217162172,x
2203,2,1803.578857,27.46357244,182.4170968,0.220705056,x
2203,2,1803.396606,27.87401159,180.8735189,0.222503152,x
2203,2,1799.447388,28.77240375,202.2805586,0.257629329,x
2203,2,1799.207031,29.04124626,210.1593137,0.272405799,x
2203,2,1799.018311,29.43966213,201.1681813,0.262559854,x
2203,2,1798.991577,26.36123505,215.7126082,0.254944994,x
2203,2,1798.880249,28.73535825,206.3754962,0.263579049,x
2203,2,1798.859375,28.20279222,198.9426202,0.248149994,x
2203,2,1798.855835,29.40382965,209.8044464,0.2758192,x
2203,2,1798.844727,28.99871201,203.5879009,0.261915449,x
2203,2,1798.709961,28.76066517,210.8898339,0.271409099,x
2203,2,1798.69043,28.16850616,202.6782908,0.252872843,x
2203,2,1798.556274,29.22216114,214.8049974,0.282443263,x
2203,2,1798.553711,27.9701207,204.0974499,0.252860796,x
2203,2,1798.479126,27.87012171,194.9903006,0.239705555,x
2203,2,1798.443481,28.04010532,197.7769588,0.244837374,x
2203,2,1798.397217,29.58418979,214.0004513,0.284255597,x
2203,2,1798.381714,29.64931076,209.6202395,0.277952473,x
2203,2,1798.377319,28.70489853,189.9156557,0.24054414,x
2203,2,1798.206421,29.78654453,213.0007391,0.28521319,x
2203,2,1798.199707,27.41600147,192.3769539,0.232335795,x
2203,2,1798.180908,29.04006933,189.2321503,0.242426799,x
2203,2,1798.175293,27.83591842,191.5180581,0.235079526,x
2203,2,1797.908691,29.64747849,217.308315,0.291133541,x
2203,2,1797.863281,27.10276609,190.8249296,0.227730828,x
2203,2,1797.779785,27.07626741,197.2621705,0.235544338,x
2203,2,1797.662964,28.06196257,187.4483993,0.231788154,x
2203,2,1797.425171,25.66615564,148.7910558,0.175714175,x
2203,2,1797.304565,26.61479162,180.592239,0.212127392,x
2203,2,1797.225708,26.56014366,169.6283066,0.2001358,x
2203,2,1797.082153,27.62488456,187.4340445,0.228002256,x
2203,2,1797.064209,26.60010205,178.0126294,0.20923984,x
2203,2,1797.033447,26.47366761,181.1095459,0.211245456,x
2203,2,1796.980591,27.56875386,185.3072118,0.2252538,x
2203,2,1796.967285,26.60562378,171.4984312,0.202388658,x
2203,2,1796.848633,26.31773596,164.1056443,0.193092349,x
2203,2,1796.801025,27.49347935,185.9896522,0.225436104,x
2203,2,1796.780518,26.49945169,193.326511,0.225457099,x
2203,2,1796.694214,26.82052901,185.1368188,0.218223392,
2203,2,1096.990234,25.90565839,253.0754486,0.319766373,
2203,2,500.5707397,19.27971877,297.6355757,0.345827564,
2203,2,297.7663269,14.04988479,323.7963216,0.343543475,
2203,2,146.8537598,6.861200379,361.8685406,0.360806448,
2203,2,50.42285156,2.631129188,382.0800359,0.341407934,
2203,2,50.42285156,2.631129188,382.0800359,0.341407934,
2203,3,1800.909424,26.06066059,191.5721747,0.220886256,x
2203,3,1800.8125,24.82179877,200.0161121,0.220156441,x
2203,3,1800.666748,25.52142407,195.6071047,0.221111411,x
2203,3,1800.529663,24.36655443,205.1896853,0.222515134,x
2203,3,1800.330078,25.62914234,197.1843919,0.223868174,x
2203,3,1799.549683,20.18131371,169.429693,0.151770265,x
2203,3,1799.453613,20.13585094,174.8477845,0.155342524,x
2203,3,1799.386597,19.5717566,172.647583,0.149353784,x
2203,3,1799.243286,22.85011698,175.8009587,0.177709097,x
2203,3,1799.218262,22.93856559,186.3037301,0.188243853,x
2203,3,1799.162354,23.36579924,179.0799072,0.184530077,x
2203,3,1799.132446,21.50675528,167.0016789,0.159946449,x
2203,3,1799.119141,22.32126398,170.4964405,0.169176417,x
2203,3,1799.116943,19.65433254,157.4995671,0.13970463,x
2203,3,1799.115723,23.69596283,187.454393,0.195748494,x
2203,3,1799.108154,20.39829906,182.8135975,0.16368985,x
2203,3,1799.10022,21.32878265,176.9033519,0.166470274,x
2203,3,1799.085815,19.11061278,173.3528068,0.146263622,x
2203,3,1799.084961,22.23550075,178.2432204,0.174972609,x
2203,3,1799.063721,19.05094154,169.2263886,0.142855833,x
2203,3,1799.057495,22.62883042,181.8083262,0.181354697,x
2203,3,1799.031128,23.23287894,182.002701,0.186403794,x
2203,3,1799.01416,23.60298348,184.3564627,0.191817352,x
2203,3,1798.970581,23.92695675,180.619354,0.190877928,x
2203,3,1798.939819,24.40577174,188.1552262,0.202384394,x
2203,3,1798.926147,24.18241293,189.2551545,0.201575333,x
2203,3,1798.890381,22.65843194,195.5017879,0.195162831,x
2203,3,1798.876221,22.05709402,179.1307196,0.174254525,x
2203,3,1798.839478,23.83658599,186.2110289,0.195571451,x
2203,3,1798.72644,23.68460985,189.9143304,0.198306559,x
2203,3,1798.708008,24.93686277,185.0635408,0.203617744,x
2203,3,1798.646606,23.25927319,201.5043403,0.207120252,x
2203,3,1798.607422,24.32788399,190.895145,0.204654207,x
2203,3,1798.473389,24.06212488,194.2557802,0.206170113,x
2203,3,1798.247437,24.27763737,194.2064548,0.208158226,x
2203,3,1798.146851,24.78183633,194.4420365,0.213079773,x
2203,3,1798.083008,23.62601382,201.5356319,0.210839573,x
2203,3,1798.082886,25.11756412,194.6651853,0.21623607,x
2203,3,1798.051636,24.38419671,196.901489,0.212284573,x
2203,3,1798.045776,24.90091482,193.6341109,0.213255765,x
2203,3,1798.03125,24.5963482,193.9088476,0.210902217,x
2203,3,1797.949829,25.35988651,194.6503848,0.218440246,
2203,3,1098.383545,23.81079057,213.1529197,0.225615578,
2203,3,501.1027832,18.39763818,248.6052771,0.215135246,
2203,3,298.0315552,13.44588762,272.5384979,0.187052047,
2203,3,152.1015015,7.342876226,311.0826348,0.148949115,
2203,3,50.4078331,1.838229085,364.2399126,0.106834451,
2203,3,50.4078331,1.838229085,364.2399126,0.106834451,
2204,1,1797.585083,11.9978262,262.9718006,0.162430952,
2204,1,1102.999878,12.00965998,264.8911107,0.163121124,
2204,1,502.4890442,11.27310973,276.809826,0.16685114,
2204,1,297.6125488,7.567659776,306.6846759,0.152745399,
2204,1,151.2332458,4.68229852,334.9089681,0.142216383,
2204,1,48.39941788,1.205998592,373.1859178,0.124825209,
2204,1,48.39941788,1.205998592,373.1859178,0.124825209,
2204,2,1798.99292,14.63225799,259.9464739,0.188350398,
2204,2,1098.915527,13.23234733,277.7101636,0.194987803,
2204,2,501.4104004,10.74737042,304.855127,0.20546127,
2204,2,301.260437,10.13790071,309.5134519,0.202560412,
2204,2,148.757431,6.319632296,339.4546404,0.194107148,
2204,2,50.76251221,1.427101578,381.5189779,0.185611334,
2204,2,50.76251221,1.427101578,381.5189779,0.185611334,
2204,3,1801.669312,22.39298538,297.5364417,0.417089546,
2204,3,1097.781738,20.8126531,297.562866,0.383631037,
2204,3,498.0317688,16.41267604,306.4698838,0.329624754,
2204,3,300.1038513,12.22194827,324.8279091,0.309311577,
2204,3,149.1523285,7.588282169,344.7946443,0.268061418,
2204,3,50.12387848,2.226396051,376.3919109,0.229426682,
2204,3,50.12387848,2.226396051,376.3919109,0.229426682,
2205,1,1801.476563,18.26887962,281.0439936,0.287841025,
2205,1,1098.248169,17.51267469,286.7930188,0.28637507,
2205,1,500.569458,11.61151659,320.8374789,0.279563598,
2205,1,298.3929138,9.000230124,332.486922,0.255179656,
2205,1,151.6625366,4.787659505,357.944943,0.23184768,
2205,1,52.20346832,1.166350272,384.5547768,0.217693224,
2205,1,52.20346832,1.166350272,384.5547768,0.217693224,
2205,2,1796.891113,4.870693419,283.9380319,0.074219994,
2205,2,1099.470337,5.608252361,284.5600842,0.084841689,
2205,2,496.9455566,4.116143589,325.6457058,0.09931666,
2205,2,300.1466064,3.030807402,346.2587289,0.105240919,
2205,2,149.2599792,1.873661556,367.8956816,0.118869869,
2205,2,51.39143372,-1.039829011,408.1884961,0.119349301,
2205,2,51.39143372,-1.039829011,408.1884961,0.119349301,
2205,3,1800.175171,13.04431792,310.9925776,0.266760618,
2205,3,1099.687378,7.26032939,337.4801358,0.216227894,
2205,3,491.489502,5.668723624,347.9937995,0.207971753,
2205,3,302.1540833,3.709668938,363.5045684,0.20474539,
2205,3,149.9394531,1.302212618,382.0003193,0.185723389,
2205,3,51.1894989,-0.078417916,394.438266,0.184060353,
2205,3,51.1894989,-0.078417916,394.438266,0.184060353,
2207,1,1798.90979,27.74635105,227.6439619,0.295143401,
2207,1,1100.770386,24.60319399,247.7081169,0.296355566,
2207,1,498.7268677,18.63673448,280.1740462,0.288076204,
2207,1,300.7053528,12.54384911,309.5314061,0.262383593,
2207,1,151.3735352,5.315170175,349.8708083,0.218513794,
2207,1,51.38868332,0.956840109,380.7255271,0.162614218,
2207,1,51.38868332,0.956840109,380.7255271,0.162614218,
2207,2,1798.72876,7.351276311,253.4829566,0.088475433,
2207,2,1101.036011,8.36340264,254.6703425,0.100754745,
2207,2,502.3719177,7.984580068,277.8841986,0.114773812,
2207,2,298.7638245,7.010299465,292.3178055,0.114815917,
2207,2,147.3312378,4.37187091,332.7480189,0.118891326,
2207,2,50.42169571,1.789548032,367.5012736,0.11196198,
2207,2,50.42169571,1.789548032,367.5012736,0.11196198,
2207,3,1802.488403,23.15570071,190.140262,0.195066529,
2207,3,1099.776978,19.87183291,222.9720522,0.199054032,
2207,3,501.935791,16.6060923,256.6794795,0.206712139,
2207,3,298.6129761,13.20737269,283.1213956,0.203462864,
2207,3,147.4223938,8.238887262,321.9909886,0.195495981,
2207,3,50.60661697,4.7836083,349.2274574,0.181880086,
2207,3,50.60661697,4.7836083,349.2274574,0.181880086,
2208,1,1800.793701,24.84214452,238.5566778,0.271441999,
2208,1,1096.893555,23.09241675,251.0535344,0.272137818,
2208,1,501.5383301,17.69125015,286.0029564,0.273255035,
2208,1,302.9850769,13.36520797,307.7131093,0.256755237,
2208,1,150.2298279,7.930570508,339.3963132,0.237818062,
2208,1,51.77078629,2.88310795,373.4510504,0.21395928,
2208,1,51.77078629,2.88310795,373.4510504,0.21395928,
2208,2,1798.653442,16.14019548,275.3497914,0.233245758,
2208,2,1099.053711,14.63618907,283.6104836,0.225475106,
2208,2,501.7348633,12.85976145,297.7467614,0.225051952,
2208,2,301.5505371,10.43740678,312.5619536,0.215004053,
2208,2,148.9535065,6.445010068,340.8109427,0.2035664,
2208,2,50.87341309,1.530409015,379.8142948,0.189786544,
2208,2,50.87341309,1.530409015,379.8142948,0.189786544,
2208,3,1798.397583,23.78774792,230.0471005,0.243823022,
2208,3,1100.765625,21.39468694,231.360032,0.219012863,
2208,3,499.4494629,13.84931651,278.5825482,0.198167556,
2208,3,298.0021362,10.65087927,291.3634577,0.169554959,
2208,3,151.925766,6.36892001,331.9003589,0.166263868,
2208,3,49.42435837,2.755047909,362.89184,0.139074237,
2208,3,49.42435837,2.755047909,362.89184,0.139074237,
2209,1,1801.653687,3.752919772,372.0791597,0.3513689,
2209,1,1101.166992,3.541076724,375.0281355,0.360913923,
2209,1,500.5747986,2.439949164,381.5778504,0.363293729,
2209,1,299.1863708,1.722344399,385.2579577,0.349744365,
2209,1,150.1761322,2.180837003,383.7279406,0.35830833,
2209,1,50.83547974,0.187523314,393.5510512,0.349108832,
2209,1,50.83547974,0.187523314,393.5510512,0.349108832,
2209,2,1799.680908,15.49215576,248.5420667,0.184096517,
2209,2,1099.993652,14.42188844,255.9415531,0.179093299,
2209,2,499.4050903,10.07969816,291.5988077,0.170603562,
2209,2,301.2450867,7.573415984,311.8280596,0.161141458,
2209,2,151.4497528,4.631459542,338.2896544,0.149311309,
2209,2,49.91467667,1.348330248,372.6567146,0.134484851,
2209,2,49.91467667,1.348330248,372.6567146,0.134484851,
2209,3,1799.757813,12.19773716,244.3720655,0.139675009,
2209,3,1098.230713,13.1830325,222.8238564,0.129978899,
2209,3,502.237915,8.805340951,274.9096635,0.126022564,
2209,3,299.5302734,5.718037064,299.0542851,0.103341507,
2209,3,149.3358307,2.437366521,341.9574621,0.084115325,
2209,3,50.96166992,-1.474540723,424.98019,0.064697233,
2209,3,50.96166992,-1.474540723,424.98019,0.064697233,
2210,1,1798.354492,5.313263931,258.215107,0.066801162,
2210,1,1098.371582,4.192959927,291.899585,0.071151208,
2210,1,500.7892151,3.851758442,309.1164212,0.078552799,
2210,1,300.854187,5.841209832,273.9258148,0.0816849,
2210,1,148.2923584,2.899744229,326.1523773,0.074552587,
2210,1,51.91503143,-0.81467323,407.8953775,0.066131196,
2210,1,51.91503143,-0.81467323,407.8953775,0.066131196,
2210,2,1800.965576,25.76761607,290.8439051,0.4404962,
2210,2,1100.537231,23.14974393,301.679414,0.437981716,
2210,2,499.256958,18.86969604,315.1966517,0.413265734,
2210,2,301.2719421,14.44289242,331.4241203,0.395622231,
2210,2,151.7981567,8.082289409,357.7948262,0.381813088,
2210,2,48.2830658,3.052164587,378.4873075,0.334380842,
2210,2,48.2830658,3.052164587,378.4873075,0.334380842,
2210,3,1799.369141,13.42065007,203.4927288,0.116992232,
2210,3,1102.60437,13.00775474,231.9450796,0.132834472,
2210,3,500.2023926,11.6447232,263.2158794,0.147470549,
2210,3,301.5757446,10.18261652,284.3500917,0.154074176,
2210,3,149.3749695,7.541895445,313.9636512,0.156117722,
2210,3,51.19090271,4.35486942,347.8513129,0.155147809,
2210,3,51.19090271,4.35486942,347.8513129,0.155147809,
2211,1,1800.231079,17.86140186,200.3284763,0.15619276,
2211,1,1097.932007,19.55891162,222.3382258,0.193450276,
2211,1,501.1957703,19.45703045,249.672841,0.229150708,
2211,1,300.9997559,14.76897241,287.1960275,0.236354066,
2211,1,148.5581665,6.607021071,340.6156372,0.214765106,
2211,1,50.72083282,2.86577418,366.3595245,0.176618836,
2211,1,50.72083282,2.86577418,366.3595245,0.176618836,
2211,2,1802.532715,12.47465915,131.190787,0.079599842,
2211,2,1101.416016,12.1936586,157.6030421,0.086532209,
2211,2,500.2088623,11.04096086,188.4588685,0.089895721,
2211,2,301.8385925,8.585509886,218.5727464,0.081907944,
2211,2,149.6349792,5.348589952,256.9187398,0.065230554,
2211,2,50.99448013,1.521680217,321.8749989,0.036230779,
2211,2,50.99448013,1.521680217,321.8749989,0.036230779,
2211,3,1799.769409,16.72736912,216.7121612,0.159566474,
2211,3,1099.040527,15.14536579,239.8679563,0.165936704,
2211,3,498.3666992,11.89296755,273.8857545,0.166153091,
2211,3,301.9014587,11.47202236,276.9591715,0.163314765,
2211,3,151.3095703,7.44765886,314.6728973,0.15402229,
2211,3,49.29183197,2.060706886,368.8243453,0.130452797,
2211,3,49.29183197,2.060706886,368.8243453,0.130452797,
2212,2,1798.846436,24.98097143,185.4662782,0.202928135,
2212,2,1102.046753,22.1122961,218.3010986,0.21305479,
2212,2,498.4293518,17.35599462,254.3598053,0.208433127,
2212,2,299.2434387,12.86422751,275.1667677,0.179174701,
2212,2,148.677597,7.520285212,318.5128493,0.162558864,
2212,2,50.67161179,2.886253922,360.6147392,0.135488008,
2212,2,50.67161179,2.886253922,360.6147392,0.135488008,
2212,3,1799.756714,19.37202517,265.0288955,0.263295539,
2212,3,1097.674927,18.44180392,279.1589916,0.280731815,
2212,3,498.3765564,15.02942989,302.3646769,0.284277681,
2212,3,299.4898682,11.51156325,322.0232434,0.275218915,
2212,3,151.357193,6.884721232,351.3169146,0.274416155,
2212,3,47.93481827,0.973996482,388.0704602,0.251454317,
2212,3,47.93481827,0.973996482,388.0704602,0.251454317,
2213,1,1800.864746,20.12077309,225.7006839,0.207170542,
2213,1,1100.290649,20.41349335,230.2486436,0.214154666,
2213,1,498.0515137,13.83398743,286.3659031,0.222156976,
2213,1,299.0692749,10.04430828,315.0380721,0.219709246,
2213,1,152.4613342,5.183549552,352.559987,0.217907595,
2213,1,50.14339066,0.462385826,389.4230761,0.214317033,
2213,1,50.14339066,0.462385826,389.4230761,0.214317033,
2213,2,1802.15979,13.29750712,201.8947252,0.116683168,
2213,2,1099.498291,13.17362089,219.0167904,0.126855781,
2213,2,501.4287109,11.80164609,247.5672929,0.135529209,
2213,2,298.3224487,9.56688463,269.6446571,0.12954279,
2213,2,151.9233704,5.57135557,309.2264319,0.111622422,
2213,2,50.11421967,1.626672897,360.8815043,0.089413737,
2213,2,50.11421967,1.880326775,360.9936307,0.103742991,
2213,3,1800.815918,22.35769755,245.3488422,0.261356244,x
2213,3,1798.890259,26.47428788,212.4128229,0.252308832,
2213,3,1098.931519,25.50520994,222.4075721,0.255515073,
2213,3,1098.487427,18.51444766,273.1485515,0.265289022,x
2213,3,501.7472229,21.91294624,240.6594031,0.243273764,
2213,3,499.6048279,16.2998788,292.0506572,0.2736903,x
2213,3,301.5986938,14.40963559,280.3387943,0.216284137,
2213,3,298.9432983,11.15923797,325.2151218,0.276590702,x
2213,3,149.6728668,7.018185493,351.9515597,0.283182347,x
2213,3,148.8726807,9.522279829,313.8096995,0.201458357,
2213,3,51.05630493,1.258167206,386.7934713,0.280548319,x
2213,3,51.05630493,1.258167206,386.7934713,0.280548319,x
2213,3,51.00836182,3.4693012,358.6394119,0.167757065,
2213,3,51.00836182,3.4693012,358.6394119,0.167757065,
2214,1,1801.179077,8.783037479,147.6443149,0.058546784,
2214,1,1100.544067,9.969058376,161.6099475,0.070175215,
2214,1,500.134491,9.535684438,209.7013056,0.084488494,
2214,1,299.0522461,8.290695061,239.5114756,0.087466484,
2214,1,150.3056488,5.404687927,302.4651022,0.095885682,
2214,1,50.7468338,1.783402553,363.2325099,0.091644096,
2214,1,50.7468338,1.783402553,363.2325099,0.091644096,
2214,2,1801.599976,9.111848259,167.6215917,0.069583555,
2214,2,1098.027588,10.25277479,177.8981338,0.081597054,
2214,2,501.2618713,7.624976771,248.8009712,0.091265511,
2214,2,298.440979,6.882575725,253.683113,0.084671464,
2214,2,151.0909882,3.680317558,304.4976653,0.072014457,
2214,2,50.13953018,1.433587985,339.7819757,0.047339802,
2214,2,50.13953018,1.433587985,339.7819757,0.047339802,
2214,3,1798.396118,17.62491738,163.7171878,0.128442549,
2214,3,1100.333618,15.80672574,194.9761163,0.132789354,
2214,3,499.5422363,12.16029318,243.1795876,0.134520083,
2214,3,298.6061401,9.724560722,271.2037203,0.131846204,
2214,3,149.6379089,5.971781235,316.6461936,0.129229538,
2214,3,48.8628006,1.91318666,367.7536615,0.122352622,
2214,3,48.8628006,1.91318666,367.7536615,0.122352622,
2216,1,1799.067139,19.37161221,211.7898565,0.197227487,
2216,1,1100.531006,17.77383606,238.5326869,0.212427269,
2216,1,500.2158203,14.57035132,271.0319939,0.220865361,
2216,1,301.95578,12.13070144,284.7756862,0.205010463,
2216,1,150.8195496,6.935979849,319.9366592,0.173901698,
2216,1,49.91085434,1.567257234,369.6702597,0.135118803,
2216,1,49.91085434,1.567257234,369.6702597,0.135118803,
2216,2,1798.603638,15.11559916,165.3207374,0.110315435,
2216,2,1098.660522,13.68812449,188.7399929,0.110745204,
2216,2,501.053833,10.19692648,242.5926041,0.111664865,
2216,2,299.5345764,8.519861512,255.532694,0.101172333,
2216,2,150.2149506,6.167530768,294.3551936,0.101324898,
2216,2,49.26280594,1.95673007,359.4384747,0.092369596,
2216,2,49.26280594,1.95673007,359.4384747,0.092369596,
2217,2,1799.375488,15.8423139,233.6532567,0.168866091,
2217,2,1099.332764,14.96397869,249.1447932,0.175430664,
2217,2,501.808197,12.51599133,279.5657022,0.184313071,
2217,2,301.7792969,9.294947346,300.7505811,0.166746934,
2217,2,148.9798737,5.630806171,332.1805539,0.151095465,
2217,2,50.79332733,1.936620611,368.4194595,0.123514275,
2217,2,50.79332733,1.936620611,368.4194595,0.123514275,
2217,3,1799.692871,17.85720654,228.0166544,0.185468143,
2217,3,1100.98999,17.90601844,238.2129285,0.197164141,
2217,3,499.7555237,14.66855656,267.3119351,0.19749062,
2217,3,301.6879883,11.43041525,289.285389,0.185262225,
2217,3,149.9458618,6.770282861,332.9870761,0.187787894,
2217,3,50.49960709,2.551469423,368.2402257,0.166382856,
2217,3,50.49960709,2.551469423,368.2402257,0.166382856,
2218,1,1799.647705,22.32757153,225.0026846,0.231941084,
2218,1,1099.374146,19.69743118,252.4086231,0.244078243,
2218,1,499.876709,15.73282319,286.2055682,0.255877155,
2218,1,300.5192566,11.98355868,313.9973654,0.263423171,
2218,1,148.4218292,7.33921296,344.0298614,0.25806744,
2218,1,50.81367111,1.883097253,379.8876509,0.248842027,
2218,1,50.81367111,1.883097253,379.8876509,0.248842027,
2218,2,1798.213013,8.804031154,183.4954217,0.069204928,
2218,2,1100.693359,9.132319887,186.1246383,0.072081843,
2218,2,499.9881897,8.197511728,209.8231086,0.072679848,
2218,2,299.0498047,7.171884251,222.840532,0.06814823,
2218,2,149.9122925,3.978859577,279.2714712,0.056414893,
2218,2,49.40494156,0.995401709,345.6556966,0.033742203,
2218,2,49.40494156,0.995401709,345.6556966,0.033742203,
2219,1,1800.038208,13.45787337,NA,0.17131449,
2219,1,1101.200928,13.24818882,NA,0.162675501,
2219,1,501.0028992,11.80422063,NA,0.156891857,
2219,1,298.2157898,9.071079052,NA,0.153324138,
2219,1,148.3787994,5.595527277,NA,0.141951038,
2219,1,49.6372757,0.797579966,NA,0.110135155,
2219,1,49.6372757,0.797579966,NA,0.110135155,
2219,2,1798.685425,11.59311098,195.1083084,0.096575506,
2219,2,1098.616699,12.22306543,205.295224,0.106773583,
2219,2,501.0673523,11.14697682,230.3617971,0.111998424,
2219,2,298.1032715,8.742082967,261.3071712,0.108216291,
2219,2,150.7234192,6.173809366,302.163357,0.11007677,
2219,2,51.38518906,1.220365901,372.2913713,0.092456644,
2219,2,51.38518906,1.220365901,372.2913713,0.092456644,
2219,3,1799.596436,7.288287199,236.5208361,0.077246458,
2219,3,1099.094604,6.86015772,246.8752628,0.076959392,
2219,3,501.4868469,4.588191489,287.8602087,0.070825508,
2219,3,301.4179993,4.243586409,276.8782202,0.058675885,
2219,3,148.9285889,1.21099446,356.2320052,0.051840172,
2219,3,50.90895081,-0.556459484,418.7675569,0.03634757,
2219,3,50.90895081,-0.556459484,418.7675569,0.03634757,
2220,1,1798.378662,19.16759021,173.7201206,0.149893216,
2220,1,1098.657593,19.01913045,196.7808408,0.166199134,
2220,1,498.9339905,15.45114555,237.1215968,0.169684522,
2220,1,301.0021667,13.28937622,241.9454314,0.148552774,
2220,1,149.0087433,6.795110924,294.3596024,0.117550837,
2220,1,51.10796356,2.421541496,343.472738,0.086139581,
2220,1,51.10796356,2.421541496,343.472738,0.086139581,
2220,2,1799.02417,15.34470216,213.7361768,0.147301309,
2220,2,1099.952271,15.06577135,230.963225,0.159175991,
2220,2,499.1534424,11.66108516,274.8685491,0.169229646,
2220,2,298.6063843,9.623757111,293.5407172,0.165440242,
2220,2,149.2552795,5.424565478,332.9771518,0.15452653,
2220,2,48.96613693,0.735561265,382.5111557,0.131572559,
2220,2,48.96613693,0.735561265,382.5111557,0.131572559,
2220,3,1798.283691,16.20935908,273.6543799,0.234659734,
2220,3,1098.630005,15.41583645,277.3594602,0.230084022,
2220,3,498.3996582,13.25003644,286.6319394,0.213475652,
2220,3,300.6366272,11.23293998,302.1916172,0.21067346,
2220,3,149.2662506,6.828871061,333.6287604,0.19555698,
2220,3,50.24465942,2.608050367,368.4186742,0.181824545,
2220,3,50.24465942,2.608050367,368.4186742,0.181824545,
2221,1,1800.978882,11.48361025,203.2338008,0.100136191,
2221,1,1101.402222,8.323768124,262.5594669,0.106145934,
2221,1,499.0734253,7.115597732,281.2829906,0.10512069,
2221,1,300.9740295,6.920363859,280.9819185,0.10168504,
2221,1,151.5863647,3.398056913,334.0033026,0.095001231,
2221,1,51.78777695,0.355261352,384.4619704,0.077778385,
2221,1,51.78777695,0.355261352,384.4619704,0.077778385,
2221,2,1799.805908,13.23291838,269.5678101,0.185786253,
2221,2,1099.254028,11.80528878,285.4331858,0.189142878,
2221,2,498.9274292,9.139129746,308.7591827,0.186898072,
2221,2,300.9008484,5.556584607,337.4100869,0.174852408,
2221,2,151.1904144,3.808050302,349.9299304,0.155556312,
2221,2,49.78884888,-0.649559634,397.7315013,0.131633752,
2221,2,49.78884888,-0.649559634,397.7315013,0.131633752,
2221,3,1797.62207,19.36342102,259.9383722,0.254191251,
2221,3,1097.89563,17.07287966,281.2454238,0.266780846,
2221,3,498.3563843,13.14573758,306.3191619,0.265208684,
2221,3,300.9264832,11.24054904,314.0354977,0.247089992,
2221,3,149.1298065,5.471910425,347.7743695,0.215465095,
2221,3,51.14570999,2.129736684,370.5248104,0.182804895,
2221,3,51.14570999,2.129736684,370.5248104,0.182804895,
2222,1,1800.606079,21.77500811,204.6159286,0.194541497,
2222,1,1101.375122,19.40437305,228.8382281,0.197538632,
2222,1,500.1655273,14.9393207,270.8753197,0.202256241,
2222,1,298.9057922,12.00529533,288.0749377,0.187256377,
2222,1,149.4938354,7.085712267,327.6712652,0.17459055,
2222,1,49.05003357,0.268818388,392.3526002,0.168796564,
2222,1,49.05003357,0.268818388,392.3526002,0.168796564,
2222,2,1799.304565,17.22800911,181.6881416,0.134560522,
2222,2,1100.764893,19.09924246,172.0790804,0.1419295,
2222,2,500.7737732,14.43029677,227.2839009,0.142409413,
2222,2,298.2769165,10.95942926,247.8513527,0.122612252,
2222,2,148.538681,6.284608118,305.2265009,0.115783528,
2222,2,48.4993782,1.418552623,369.7924973,0.096386927,
2222,2,48.4993782,1.418552623,369.7924973,0.096386927,
2222,3,1800.060059,15.86371584,154.8767081,0.11031409,
2222,3,1101.533203,15.14221089,165.5382231,0.109557786,
2222,3,497.7011414,12.65843003,199.8393994,0.10716675,
2222,3,299.8967896,10.40282669,193.3190872,0.084508468,
2222,3,149.2360535,6.20045828,271.5349466,0.08222929,
2222,3,50.16007233,1.838644761,334.2339392,0.049268869,
2222,3,50.16007233,1.838644761,334.2339392,0.049268869,
2223,1,1798.732544,20.11159863,177.5943098,0.15701549,
2223,1,1098.340454,20.10314464,187.8524893,0.163275657,
2223,1,500.7067871,15.20872909,241.1577122,0.166664132,
2223,1,299.2791138,11.74794258,268.7882283,0.156260715,
2223,1,149.841217,7.819433624,304.7545028,0.144703635,
2223,1,49.1097641,2.785979236,355.6813541,0.119031824,
2223,1,49.1097641,2.785979236,355.6813541,0.119031824,
2223,2,1800.210815,3.691413147,231.4768647,0.03836,
2223,2,1098.952515,4.457128196,215.9736889,0.04142795,
2223,2,498.3816223,3.601783834,262.3521986,0.045185513,
2223,2,300.6636963,1.768345142,320.5931071,0.04042136,
2223,2,149.6114044,1.166875019,340.9157745,0.036989802,
2223,2,50.6102066,0.187559512,382.8881439,0.033282475,
2223,2,50.6102066,0.187559512,382.8881439,0.033282475,
2223,3,1800.454834,10.69523886,82.49020221,0.055622575,
2223,3,1099.517212,10.22802072,31.9547897,0.045499876,
2223,3,500.3902588,8.769136043,-115.6104632,0.02751408,
2223,3,300.3954773,7.211062177,-104.2963587,0.02311309,
2223,3,149.1296387,5.24971823,-259.8089737,0.012789082,
2223,3,48.36546326,1.666108639,934.1139387,-0.004894421,
2223,3,48.36546326,1.666108639,934.1139387,-0.004894421,
2224,1,1799.260742,23.97021596,257.7616677,0.302936442,
2224,1,1098.825684,24.55213463,255.0827628,0.300774246,
2224,1,499.4740906,19.02696741,278.5489088,0.278193409,
2224,1,299.9250793,15.39250811,290.8040051,0.249624976,
2224,1,151.9980316,10.75082268,310.1681045,0.212404716,
2224,1,50.51686859,3.476664781,360.6897532,0.172890063,
2224,1,50.51686859,3.476664781,360.6897532,0.172890063,
2224,2,1798.883301,25.19147356,222.9168847,0.251377834,
2224,2,1101.81189,21.00911801,256.1892087,0.259812276,
2224,2,500.59552,14.15522048,298.4472292,0.251703973,
2224,2,302.2316589,11.64548066,308.6973623,0.228722869,
2224,2,151.9563599,6.203392051,342.8989768,0.199859008,
2224,2,50.37271881,1.64462906,377.9653977,0.162599514,
2224,2,50.37271881,1.64462906,377.9653977,0.162599514,
2224,3,1800.007324,23.82560044,276.7210629,0.351662222,
2224,3,1101.720825,21.02440531,295.4582235,0.366876466,
2224,3,500.5335388,15.86057108,321.4636459,0.370462112,
2224,3,298.0067444,10.40166822,344.5364923,0.353071502,
2224,3,150.7329254,4.379379212,371.858318,0.32059497,
2224,3,51.46273422,0.478725512,392.1838889,0.2972205,
2224,3,51.46273422,0.478725512,392.1838889,0.2972205,
2225,1,1800.074219,23.69281869,242.184038,0.269966235,
2225,1,1099.944824,20.76413601,257.5110625,0.261747746,
2225,1,498.5749817,15.90675313,284.2044496,0.246578495,
2225,1,299.7470703,10.62441051,318.411454,0.237311154,
2225,1,149.4649963,5.49159333,352.9287702,0.222800801,
2225,1,49.04855728,2.194653308,378.0356409,0.208226535,
2225,1,49.04855728,2.194653308,378.0356409,0.208226535,
2226,1,1799.143921,16.05648963,240.2118931,0.177859364,
2226,1,1100.494385,13.9313431,267.6275314,0.187381712,
2226,1,498.4762573,10.27221071,302.8234775,0.191304756,
2226,1,299.5617065,6.800875046,333.5400451,0.191209005,
2226,1,148.7050934,3.397625379,363.1343341,0.187477833,
2226,1,50.7666893,1.09458448,383.7759502,0.1817175,
2226,1,50.7666893,1.09458448,383.7759502,0.1817175,
2226,2,1799.931396,17.17796047,234.5382745,0.188563074,
2226,2,1101.575562,17.23411658,237.4210635,0.190546337,
2226,2,500.3683777,13.6919445,268.6897725,0.188888682,
2226,2,300.7214355,11.06515947,285.5214804,0.175365734,
2226,2,148.5868683,6.945185408,316.9284257,0.155245098,
2226,2,50.88648224,1.954933767,366.8937593,0.131460132,
2226,2,50.88648224,1.954933767,366.8937593,0.131460132,
2226,3,1801.391846,15.77877769,6.237819357,0.066536169,
2226,3,1098.668701,14.90270854,15.81318946,0.064148452,
2226,3,498.5964661,11.57017688,69.89353768,0.057985557,
2226,3,300.8798523,10.16468584,68.53934638,0.05052139,
2226,3,150.9846344,7.610617843,108.2526081,0.042902307,
2226,3,49.66212845,3.185108422,238.4922921,0.032900596,
2226,3,49.66212845,3.185108422,238.4922921,0.032900596,
2227,2,1800.141968,21.43882676,149.7590672,0.147337815,
2227,2,1101.250732,18.85386813,190.7374482,0.15562905,
2227,2,500.2760925,16.00087063,229.9337405,0.163129276,
2227,2,300.4840088,11.09999585,269.0695643,0.148184425,
2227,2,152.1249542,7.116683987,294.3622093,0.117877704,
2227,2,51.76459122,0.558341507,380.855654,0.074594857,
2227,2,51.76459122,0.558341507,380.855654,0.074594857,
2227,3,1802.061157,33.89638283,263.6180502,0.458413095,
2227,3,1098.409424,29.82315681,294.6528188,0.53216512,
2227,3,498.5082092,21.30686527,333.506582,0.623541624,
2227,3,300.5737305,15.25157321,353.3357075,0.651358148,
2227,3,149.1947174,6.096406811,379.3567274,0.670897577,
2227,3,50.12437439,3.018653811,388.9759428,0.669046072,
2227,3,50.12437439,3.018653811,388.9759428,0.669046072,
2228,1,1797.940063,18.48789433,230.6990121,0.195256037,
2228,1,1098.770508,16.95645764,246.5840749,0.196868568,
2228,1,499.6112976,11.61932239,290.8992246,0.192155436,
2228,1,300.3659973,9.531537246,296.4631527,0.164009251,
2228,1,148.2824402,5.473183422,324.0386883,0.129714868,
2228,1,50.70906448,0.751077305,381.9146913,0.101237139,
2228,1,50.70906448,0.751077305,381.9146913,0.101237139,
2228,2,1801.844604,20.7987568,222.758767,0.212771915,
2228,2,1099.938965,18.33348714,248.3082646,0.220630147,
2228,2,501.0918274,14.58577921,272.8176494,0.210563441,
2228,2,299.692627,10.81270554,293.9193142,0.18948322,
2228,2,150.0497437,6.247064066,323.3159754,0.157573209,
2228,2,48.63251114,1.210499844,371.6223712,0.116668996,
2228,2,48.63251114,1.210499844,371.6223712,0.116668996,
2228,3,1799.449707,16.87316032,290.5939355,0.287196749,
2228,3,1100.139038,13.88424381,314.8340153,0.309404887,
2228,3,499.6311035,10.29991606,340.5484157,0.334711528,
2228,3,300.0135803,7.381197545,356.9980217,0.348215288,
2228,3,148.779953,3.90426296,375.8651432,0.356255702,
2228,3,51.02444839,-1.128451301,400.5746943,0.343661082,
2228,3,51.02444839,-1.128451301,400.5746943,0.343661082,
2229,1,1799.324341,8.918585996,233.3068855,0.092426371,
2229,1,1098.891113,8.987737023,239.7631487,0.09619002,
2229,1,498.6063232,8.837912172,255.2790083,0.104389495,
2229,1,300.4916077,7.795863529,278.2675019,0.110230408,
2229,1,149.1552887,6.160989204,301.2814929,0.107862948,
2229,1,50.03441238,2.171138077,360.9607233,0.104725748,
2229,1,50.03441238,2.171138077,360.9607233,0.104725748,
2229,2,1798.032959,13.05996828,230.4067492,0.134912667,
2229,2,1099.328247,12.81474677,234.0365967,0.134505304,
2229,2,501.3305664,9.390711274,280.0961031,0.137900192,
2229,2,301.29953,7.251082536,301.5964434,0.131847137,
2229,2,148.696228,4.365817763,335.7168544,0.126459085,
2229,2,50.61265182,0.593477401,384.2075419,0.117274914,
2229,2,50.61265182,0.593477401,384.2075419,0.117274914,
2229,3,1799.619141,17.89046744,89.90312151,0.096708442,
2229,3,1101.610352,16.64135051,97.29011298,0.091665816,
2229,3,500.0382996,13.21883514,135.8356515,0.0833114,
2229,3,301.660675,11.59173379,124.4959847,0.069604827,
2229,3,151.4111328,6.247835598,195.3744865,0.050833538,
2229,3,50.10262299,0.745928292,348.9284547,0.0274429,
2229,3,50.10262299,0.434480089,348.7698207,0.01592457,
2230,1,1798.235962,21.83103395,193.1462065,0.185555766,
2230,1,1099.621216,19.36139652,225.4393349,0.196633694,
2230,1,497.7397766,15.4065687,258.7481856,0.19434301,
2230,1,297.8067322,11.56467937,283.247895,0.177844179,
2230,1,151.1198578,7.045565571,315.5750369,0.15317171,
2230,1,47.92175293,1.63429145,370.9507362,0.13063214,
2230,1,47.92175293,1.63429145,370.9507362,0.13063214,
2230,2,1801.809204,10.29816932,298.735731,0.183506359,
2230,2,1101.533447,6.814938156,322.6445789,0.161856871,
2230,2,497.9836426,5.656600142,329.6802783,0.149393942,
2230,2,298.9544373,5.386538527,331.6136381,0.145813188,
2230,2,150.9709625,2.663744396,361.4502446,0.140517872,
2230,2,51.20002747,0.364552454,388.5169214,0.135483579,
2230,2,51.20002747,0.364552454,388.5169214,0.135483579,
2230,3,1799.649048,10.60518501,297.7658673,0.184057064,
2230,3,1101.016357,8.617609859,306.1324536,0.162733374,
2230,3,501.8444824,7.373158164,306.5700524,0.138432772,
2230,3,299.8400269,4.452933595,336.9837605,0.12689557,
2230,3,149.0181885,2.296207155,361.21013,0.112032013,
2230,3,50.19596863,-1.254489211,415.5058339,0.097263383,
2230,3,50.19596863,-1.254489211,415.5058339,0.097263383,
2231,1,1798.967041,9.636803252,21.7741495,0.041804651,
2231,1,1100.239258,9.48457794,-24.40707441,0.036421381,
2231,1,501.4831848,7.574342719,33.38831117,0.033674869,
2231,1,300.2399292,6.616752495,78.0939405,0.03354387,
2231,1,150.593689,6.014078225,-5.375847517,0.024042868,
2231,1,48.72204208,2.599631148,167.7933166,0.018285695,
2231,1,48.72204208,2.599631148,167.7933166,0.018285695,
2231,2,1798.387085,6.188099614,-109.4099125,0.019664619,
2231,2,1101.470093,4.26195439,-872.7714553,0.005344933,
2231,2,499.2522583,4.1425356,849.05499,-0.01437163,
2231,2,299.527771,3.083840141,650.3929804,-0.018997011,
2231,2,148.6900024,1.05400608,456.1547625,-0.026748558,
2231,2,51.21246338,0.540098407,419.788596,-0.033426621,
2231,2,51.21246338,0.540098407,419.788596,-0.033426621,
2231,3,1799.177368,12.68145068,170.9860256,0.093605928,
2231,3,1099.086182,13.10526045,140.1325026,0.08403664,
2231,3,499.7781067,12.32742979,132.6925161,0.076199341,
2231,3,298.4910278,8.911883517,204.6442744,0.075962451,
2231,3,149.9297485,6.091002831,265.7795991,0.076338038,
2231,3,50.69981766,3.403953879,284.2141593,0.04933914,
2231,3,50.69981766,3.403953879,284.2141593,0.04933914,
2232,1,1799.565674,35.31569848,246.546335,0.436211119,
2232,1,1097.88623,31.59962788,274.9894126,0.485359805,
2232,1,500.9090271,21.8868532,316.6026216,0.515677474,
2232,1,300.5748291,15.2919774,341.7439138,0.527718947,
2232,1,148.2953033,7.585897285,369.3685404,0.538498373,
2232,1,50.52253342,1.736095899,389.5592695,0.532700384,
2232,1,50.52253342,1.736095899,389.5592695,0.532700384,
2232,2,1799.629883,16.79490852,200.2858994,0.146661577,
2232,2,1098.046265,17.07326332,221.3238922,0.166674208,
2232,2,498.9475708,13.94909333,261.7963813,0.177470266,
2232,2,298.4227905,10.96661707,291.6963117,0.179425457,
2232,2,149.4766235,5.810158166,334.5617746,0.161657728,
2232,2,51.07181549,2.098029739,367.8907251,0.128345251,
2232,2,51.07181549,2.098029739,367.8907251,0.128345251,
2232,3,1801.522339,9.449823806,198.8269378,0.080496997,x
2232,3,1801.356201,8.708607288,210.4054089,0.079014348,x
2232,3,1801.076904,7.262472329,240.4515458,0.079389404,x
2232,3,1801.073975,8.247357815,201.4841283,0.071054031,x
2232,3,1800.889893,8.4320262,210.152705,0.076348684,x
2232,3,1800.882935,8.247002935,220.3631096,0.07937553,x
2232,3,1800.872681,7.99103559,223.5648316,0.078288511,x
2232,3,1800.822144,8.222492324,218.7511762,0.078370438,x
2232,3,1800.751221,9.732347193,204.3516924,0.085404064,x
2232,3,1800.677734,9.716778845,192.1975238,0.080024755,x
2232,3,1800.618652,9.546960333,198.3770626,0.081177344,x
2232,3,1800.473877,8.118419077,210.2571239,0.073552365,x
2232,3,1800.384766,9.012174763,206.1839229,0.079903921,x
2232,3,1800.373657,10.52439867,179.6683629,0.081363586,x
2232,3,1800.363159,8.590902975,213.3976777,0.079353967,x
2232,3,1800.307861,8.390258321,223.8932963,0.082566087,x
2232,3,1800.012329,10.12735128,180.7939676,0.078747946,x
2232,3,1799.665039,9.16457444,203.858605,0.080306432,x
2232,3,1799.553345,7.352123945,208.3959358,0.065808774,x
2232,3,1799.363892,10.04894963,189.3335661,0.081490076,x
2232,3,1799.224976,10.07830949,194.2815597,0.083941418,x
2232,3,1799.114014,9.352978939,198.13794,0.079399316,x
2232,3,1798.804199,9.334176455,192.2624125,0.076837894,x
2232,3,1798.756104,9.012288132,214.4983286,0.083943625,x
2232,3,1798.526855,8.837710005,222.0880329,0.086102061,x
2232,3,1798.504883,7.867373878,209.2749631,0.070753925,x
2232,3,1798.493042,8.566997771,192.1818369,0.07036955,x
2232,3,1798.443604,9.961979973,184.2395752,0.078741173,x
2232,3,1798.423462,8.197436181,206.6323615,0.072760489,x
2232,3,1798.413452,9.357958948,212.5978478,0.086271415,x
2232,3,1798.411133,8.743332259,201.0233254,0.075448475,x
2232,3,1798.320435,6.962954866,222.9657519,0.067885628,x
2232,3,1798.307373,6.497627725,235.2208246,0.068494364,x
2232,3,1798.305176,6.603370814,246.053274,0.075055978,x
2232,3,1798.285522,9.910644731,201.4886248,0.085697152,x
2232,3,1798.262817,8.15379106,221.3300939,0.078823973,x
2232,3,1798.253052,7.783592428,217.8912024,0.07364539,x
2232,3,1798.248657,6.805066287,233.2489972,0.070878538,x
2232,3,1798.232422,10.08189622,194.2806379,0.083925769,x
2232,3,1798.184448,8.889891,196.0016965,0.074356403,x
2232,3,1797.958984,8.927430188,198.6866054,0.075817548,
2232,3,1797.787598,7.322231875,233.2099552,0.076186202,x
2232,3,1099.447388,8.344698976,213.3192082,0.076356027,
2232,3,500.7459106,5.334903164,286.8187681,0.083152468,
2232,3,298.438446,2.685388715,340.838559,0.086088183,
2232,3,147.8890533,1.461185519,364.7180717,0.087180608,
2232,3,49.96575928,-0.872585928,405.4496437,0.105288478,
2232,3,49.96575928,-0.872585928,405.4496437,0.105288478,
2233,1,1800.11499,20.35991002,202.8757232,0.182533473,
2233,1,1098.11731,19.6556345,226.4542221,0.200872321,
2233,1,501.1293945,16.75367959,261.6346688,0.216653416,
2233,1,298.0666504,13.18356943,287.7324423,0.211838009,
2233,1,146.8793182,7.865366711,326.5397311,0.198786131,
2233,1,49.99323273,3.322840384,359.5769898,0.166360609,
2233,1,49.99323273,3.322840384,359.5769898,0.166360609,
2233,2,1800.763916,4.576720051,274.0342812,0.064954597,
2233,2,1099.748169,4.221853564,300.9935651,0.077353825,
2233,2,501.6057129,4.309720844,312.7111554,0.089280042,
2233,2,298.4443665,3.68087342,327.9677759,0.093889599,
2233,2,149.5625916,1.093945511,373.3125092,0.093500983,
2233,2,50.45318222,-1.179838612,415.7476857,0.084223277,
2233,2,50.45318222,-1.179838612,415.7476857,0.084223277,
2233,3,1801.117432,8.991805286,156.5803416,0.062016174,
2233,3,1798.458252,5.047150106,157.9739731,0.034778467,x
2233,3,1101.244507,9.489686908,160.1711958,0.066213556,
2233,3,1101.105591,6.586226871,61.30462065,0.031887228,x
2233,3,498.7921143,5.850531089,88.92772466,0.030803007,x
2233,3,498.7895813,7.930049912,192.1167252,0.063804699,
2233,3,299.6330872,5.12128985,114.9876233,0.029438078,x
2233,3,299.6024475,5.82444138,235.7201378,0.059636447,
2233,3,151.9639587,2.74207061,306.5850822,0.050658131,x
2233,3,151.8167114,3.319551996,175.7136683,0.024347887,
2233,3,50.59630203,0.003922133,393.814934,0.030462489,x
2233,3,50.59630203,0.003922133,393.814934,0.030462489,x
2233,3,50.27532578,1.159344004,299.2420353,0.019526753,
2233,3,50.27532578,1.159344004,299.2420353,0.019526753,
2234,1,1801.397705,8.978013499,177.3034949,0.069643966,
2234,1,1101.705444,9.643523587,178.0152712,0.074279663,
2234,1,499.6548767,8.787206308,206.3690813,0.0778041,
2234,1,298.7113647,6.782532117,240.0664662,0.073414758,
2234,1,149.2806396,3.883924159,293.1532897,0.065114667,
2234,1,48.80135345,0.826225585,359.3372796,0.044482254,
2234,1,48.80135345,0.826225585,359.3372796,0.044482254,
2234,2,1801.062378,19.26220623,210.1803682,0.183241707,
2234,2,1800.744873,12.31021832,189.4828133,0.101685545,x
2234,2,1100.562134,16.9140594,233.7213183,0.184336969,
2234,2,1097.782715,12.61487446,214.5413114,0.11888087,x
2234,2,500.6584473,11.31042226,250.2665023,0.133223504,
2234,2,500.5174561,13.19755191,268.7485414,0.184027051,x
2234,2,302.2548218,9.43873108,271.7028492,0.129960533,x
2234,2,301.0769348,10.05659198,293.0360983,0.17473997,
2234,2,151.7408295,5.235300841,319.5468215,0.120519963,x
2234,2,148.8429413,6.764075753,319.0597678,0.159019208,
2234,2,50.86659622,1.747335456,366.3975353,0.122330768,
2234,2,50.86659622,1.747335456,366.3975353,0.122330768,
2234,2,50.06933594,0.677319825,379.9357688,0.102948057,x
2234,2,50.06933594,0.930660464,380.0870319,0.142885943,x
2235,1,1798.765015,21.21208492,243.2293287,0.245184793,
2235,1,1100.903809,18.49608487,265.5945637,0.250270313,
2235,1,499.8581848,13.43298162,298.8457505,0.243838025,
2235,1,299.9849854,10.87835296,315.8721439,0.238883629,
2235,1,151.7471924,6.19306861,345.8320626,0.217989382,
2235,1,51.78153229,2.147315588,375.9594201,0.19619853,
2235,1,51.78153229,2.147315588,375.9594201,0.19619853,
2235,2,1800.684326,21.38595186,201.0391339,0.189436496,
2235,2,1100.904907,20.22653141,222.6306066,0.200994087,
2235,2,500.5863342,17.57950369,248.7048345,0.204761311,
2235,2,299.2666931,14.65247956,264.5228519,0.189780197,
2235,2,150.4250641,7.474114143,317.8859607,0.165858579,
2235,2,50.87247467,1.596189191,371.5045135,0.122560539,
2235,2,50.87247467,1.596189191,371.5045135,0.122560539,
2235,3,1800.550903,28.72675291,220.1999523,0.293026872,
2235,3,1099.299072,26.70105512,243.6336384,0.314063851,
2235,3,498.7301636,20.00643957,282.5987872,0.316451615,
2235,3,299.34021,15.40485432,307.9827684,0.312855809,
2235,3,151.0067139,8.932938413,341.6429556,0.296428594,
2235,3,51.29459763,2.56422015,377.5065395,0.271465423,
2235,3,51.29459763,2.56422015,377.5065395,0.271465423,
2236,1,1800.005493,25.91826995,270.2502808,0.374430946,
2236,1,1099.570313,23.99949449,276.5077655,0.363496147,
2236,1,500.630188,16.67474424,297.9172177,0.306233888,
2236,1,298.7287903,14.84935637,301.4226119,0.279470502,
2236,1,148.1544037,7.125280073,339.2297833,0.226360613,
2236,1,50.23662949,1.533509212,377.9418186,0.185754712,
2236,1,50.23662949,1.533509212,377.9418186,0.185754712,
2236,2,1800.316528,28.35035308,165.3283113,0.214994745,
2236,2,1099.419189,26.01180611,194.1514862,0.225269075,
2236,2,501.3484802,20.16295981,238.8142495,0.2234604,
2236,2,301.190033,13.77693525,284.0390979,0.214793053,
2236,2,148.416748,7.141047608,331.8274554,0.195607255,
2236,2,51.83553314,1.444942522,379.2995314,0.167157588,
2236,2,51.83553314,1.444942522,379.2995314,0.167157588,
2236,3,1798.055054,32.51758484,331.8299475,1.119012172,
2236,3,1099.322144,28.92734454,334.3353848,0.996523304,
2236,3,500.4476624,20.88334921,346.8030114,0.861278185,
2236,3,299.798584,14.3030826,360.5869217,0.813435311,
2236,3,149.8040161,7.008362114,377.5260938,0.745706574,
2236,3,48.37941742,1.225499082,392.2233798,0.639801783,
2236,3,48.37941742,1.225499082,392.2233798,0.639801783,
2237,1,1798.344971,11.78615495,184.6588019,0.094051244,
2237,1,1100.328491,11.94560333,198.3045673,0.101522428,
2237,1,498.1779175,9.449788245,245.5365398,0.105821235,
2237,1,301.9924622,8.352344696,260.0329526,0.103429538,
2237,1,149.1234741,5.110249554,307.1205997,0.097998782,
2237,1,50.90204239,2.105460119,354.8084679,0.090941282,
2237,1,50.90204239,2.105460119,354.8084679,0.090941282,
2237,2,1800.328857,3.955986724,109.6654696,0.022590527,
2237,2,1100.783813,3.230723348,135.1001197,0.020151365,
2237,2,500.3399963,2.689090296,149.7056963,0.017659723,
2237,2,299.3234863,2.337123444,41.56885863,0.010572839,
2237,2,150.0068665,1.730318258,72.28757887,0.008569251,
2237,2,49.49085999,0.456760381,141.6991601,0.002877341,
2237,2,49.49085999,0.456760381,141.6991601,0.002877341,
2237,3,1799.973267,31.03322044,236.2255941,0.344872687,
2237,3,1098.691528,29.80048158,247.3959694,0.353492977,
2237,3,499.6078796,21.52839006,288.9219891,0.354355768,
2237,3,301.3657532,15.72305886,317.1582959,0.35119651,
2237,3,151.7790833,7.803343168,356.4487997,0.349386551,
2237,3,51.61491394,2.933787771,380.4229213,0.330441221,
2237,3,51.61491394,2.933787771,380.4229213,0.330441221,
2238,1,1800.86853,24.24936249,224.3196564,0.252402108,
2238,1,1101.14502,22.69267342,234.7995977,0.249573305,
2238,1,498.8182983,17.87576982,263.2164919,0.23723578,
2238,1,300.7363586,13.92574419,276.611297,0.203241185,
2238,1,151.5888824,8.129871246,314.5964617,0.173790174,
2238,1,51.66272354,3.205354027,352.0092644,0.127883174,
2238,1,51.66272354,3.205354027,352.0092644,0.127883174,
2238,2,1800.995728,11.79849244,258.5931063,0.149264873,
2238,2,1099.834595,10.78554201,272.535153,0.151360655,
2238,2,499.9450378,8.965505442,292.6298085,0.149363522,
2238,2,300.3208923,5.169142563,328.549066,0.134578166,
2238,2,148.2101898,2.5349872,355.1798984,0.111722427,
2238,2,50.49898529,-0.045412783,393.387839,0.082538349,
2238,2,50.49898529,-0.045412783,393.387839,0.082538349,
2238,3,1798.276855,8.249499584,258.4842154,0.103445588,
2238,3,1099.938232,8.840290724,248.14634,0.101936216,
2238,3,499.9088745,6.257143292,280.9811533,0.093019642,
2238,3,300.3832397,3.885348326,311.5063652,0.079365944,
2238,3,148.3163757,1.753816116,348.6967188,0.066181089,
2238,3,50.61333466,-0.140744208,396.3234517,0.04899536,
2238,3,50.61333466,-0.140744208,396.3234517,0.04899536,
2239,2,1799.471802,23.7201079,307.9382972,0.482711468,
2239,2,1099.318848,22.37077722,301.7060068,0.418640798,
2239,2,498.6020813,17.42054202,307.2325079,0.338261659,
2239,2,301.4193115,12.46502194,310.6921974,0.247541953,
2239,2,149.2006836,6.067639556,338.9021957,0.179860318,
2239,2,48.22211838,3.982768465,342.0108971,0.122044938,
2239,2,48.22211838,3.982768465,342.0108971,0.122044938,
2239,3,1800.645874,21.72612188,279.1951904,0.335444037,
2239,3,1099.80957,19.08771272,297.4155364,0.348377439,
2239,3,500.0609436,15.67972983,316.5775855,0.353290371,
2239,3,298.7349548,11.46531776,338.4673802,0.358712219,
2239,3,150.3953552,5.106977579,368.7332612,0.348308939,
2239,3,51.30688095,1.322171591,387.1077249,0.303782513,
2239,3,51.30688095,1.322171591,387.1077249,0.303782513,
2240,1,1799.550781,8.384843027,-1814.77731,0.006020324,
2240,1,1101.7229,8.864723358,7521.327816,-0.001971731,
2240,1,502.6414185,8.447901575,1000.850045,-0.022056261,
2240,1,298.7416687,7.156374977,727.6411581,-0.034017086,
2240,1,147.2810822,4.953897397,537.7413014,-0.054856826,
2240,1,49.70924759,2.296457895,451.5722627,-0.064660446,
2240,1,49.70924759,2.296457895,451.5722627,-0.064660446,
2240,2,1798.736084,22.93964567,184.5002173,0.184054447,
2240,2,1099.396118,20.53348012,209.7610746,0.186499949,
2240,2,501.5617676,15.53604694,252.7450199,0.183067244,
2240,2,298.4747925,11.88759817,273.8023145,0.16318618,
2240,2,148.0596161,5.14168643,334.3181531,0.141409318,
2240,2,50.45411301,1.109852862,377.1567875,0.10472968,
2240,2,50.45411301,1.109852862,377.1567875,0.10472968,
2240,3,1800.916504,14.58573955,192.3538956,0.11982426,
2240,3,1100.766357,13.33320342,205.5395705,0.116470641,
2240,3,499.8440247,10.98255573,221.4223754,0.103910982,
2240,3,301.8241272,8.939768156,247.8021565,0.099643761,
2240,3,150.0774536,6.137799773,279.8551782,0.087371195,
2240,3,50.85390091,0.774103951,375.2648978,0.06817775,
2240,3,50.85390091,0.774103951,375.2648978,0.06817775,
2241,2,1800.543945,4.322096798,-94.38189615,0.014190741,x
2241,2,1798.447388,27.58558818,230.4880922,0.293446408,
2241,2,1099.96875,3.167286663,11.65043503,0.013342149,x
2241,2,1099.811279,26.53129071,245.913249,0.31039242,
2241,2,499.6102905,2.962214726,-10.24024488,0.011744734,x
2241,2,498.4268799,21.03098954,273.8971797,0.30077532,
2241,2,301.2731934,2.381968988,-10.71536297,0.009413567,x
2241,2,300.3344421,13.75476135,310.9306258,0.283945924,
2241,2,151.275177,7.52509255,343.4574655,0.253575296,
2241,2,151.1104736,2.054751343,-59.39544591,0.007236022,x
2241,2,51.43594742,1.790439067,379.5937521,0.210391221,
2241,2,51.43594742,1.790439067,379.5937521,0.210391221,
2241,2,49.6705246,0.610089971,251.0405141,0.006856005,x
2241,2,49.6705246,0.610089971,251.0405141,0.006856005,x
2241,3,1798.398926,37.64101899,237.3413073,0.43346895,
2241,3,1101.068359,33.29353315,266.8640787,0.474373185,
2241,3,501.9208984,23.97293939,306.3111935,0.491493826,
2241,3,301.2148438,16.18927363,331.3342758,0.458472481,
2241,3,148.3544617,8.274860059,358.7160373,0.409097007,
2241,3,51.92686081,1.865235257,385.4689771,0.358490819,
2241,3,51.92686081,1.865235257,385.4689771,0.358490819,
2242,1,1800.453979,12.25078252,223.8509399,0.121853665,
2242,1,1100.741333,11.59956013,242.8370974,0.129246083,
2242,1,499.5480957,10.38129318,265.5412604,0.135418206,
2242,1,298.7184143,7.725528356,291.1776318,0.12581464,
2242,1,149.4650574,4.146671889,331.2709781,0.111065569,
2242,1,49.21961594,0.820432772,377.6793474,0.090533273,
2242,1,49.21961594,0.820432772,377.6793474,0.090533273,
2242,2,1801.540527,6.932815986,181.02704,0.053590583,
2242,2,1099.10376,6.816437648,199.279411,0.057367571,
2242,2,498.602417,6.122796836,222.6863533,0.058306516,
2242,2,300.6143494,5.400988708,230.670988,0.053750062,
2242,2,149.5368805,3.672601588,277.3781818,0.05130195,
2242,2,50.56565094,1.404826191,343.2243286,0.045528087,
2242,2,50.56565094,1.404826191,343.2243286,0.045528087,
2242,3,1798.929932,9.781341128,121.2080878,0.058546279,
2242,3,1101.436646,9.204655782,151.391909,0.061822221,
2242,3,500.1147156,8.161132695,178.2516304,0.061276326,
2242,3,301.7947998,6.793939099,194.6184766,0.055070293,
2242,3,151.4616699,3.435898998,274.2048192,0.046051644,
2242,3,50.09201431,1.869018932,308.1451018,0.034623052,
2242,3,50.09201431,1.869018932,308.1451018,0.034623052,
2243,1,1800.734741,1.369192875,262.8061858,0.017502902,
2243,1,1098.828735,1.252677028,276.0421035,0.017616054,
2243,1,498.9849548,1.860387177,233.869174,0.018840153,x
2243,1,298.2628784,0.918311598,319.9654351,0.02049204,
2243,1,149.4065704,0.822690473,340.6643498,0.025673136,
2243,1,49.10269547,0.463589453,366.2385801,0.028532607,
2243,1,49.10269547,0.463589453,366.2385801,0.028532607,
2244,1,1800.510864,8.437523355,236.9873066,0.092258791,x
2244,1,1098.491577,14.34286712,161.9619358,0.102376918,
2244,1,498.2044373,10.9101761,228.6082791,0.109653024,
2244,1,297.8888855,8.338859341,269.0674862,0.111487968,
2244,1,148.2816315,4.280334586,324.3403954,0.104069005,
2244,1,50.01806641,0.640721138,379.7288542,0.088334319,
2244,1,50.01806641,0.640721138,379.7288542,0.088334319,
2244,2,1798.146118,19.30905174,81.6194954,0.101106546,
2244,2,1100.869141,19.39630688,71.78359618,0.097820747,
2244,2,499.0710449,14.59174131,136.4739045,0.091786888,
2244,2,301.6704407,10.72519988,165.4564628,0.075668754,
2244,2,149.4274902,6.659418212,239.1301292,0.069032313,
2244,2,47.9911499,3.369589671,281.7291813,0.047670446,
2244,2,47.9911499,3.369589671,281.7291813,0.047670446,
2244,3,1798.931885,15.28712066,123.5309242,0.092807086,
2244,3,1098.783569,15.82564485,96.2420959,0.08648484,
2244,3,500.1417847,11.86151785,159.1943305,0.081905075,
2244,3,299.4523315,9.506442065,184.2824117,0.073156911,
2244,3,149.7776031,5.574286706,271.8587953,0.073192389,
2244,3,48.11857986,1.151709037,345.0998811,0.036969705,
2244,3,48.11857986,1.151709037,345.0998811,0.036969705,
2245,1,1799.806519,12.57086451,162.4490584,0.089184582,
2245,1,1099.546021,13.05989879,154.6328309,0.088827191,
2245,1,499.620636,9.699186931,237.8923603,0.101249225,
2245,1,298.5924988,7.764255003,259.3691518,0.093554819,
2245,1,149.6646729,4.397454023,310.3420857,0.084562863,
2245,1,50.44752121,1.243360277,366.6698377,0.071250386,
2245,1,50.44752121,1.243360277,366.6698377,0.071250386,
2245,2,1799.365234,11.94443403,188.5493318,0.094343586,
2245,2,1100.788452,12.53823594,72.88188215,0.062750892,
2245,2,499.047821,9.823432799,-13.70981669,0.038514332,
2245,2,299.4395447,7.409465292,-252.6906573,0.018250275,
2245,2,148.4837341,4.931877752,-6261.198532,0.001177354,
2245,2,51.33839798,1.727640477,770.1036088,-0.007297375,
2245,2,51.33839798,1.727640477,770.1036088,-0.007297375,
2245,3,1802.945557,22.51710619,267.7609076,0.305846913,
2245,3,1100.88147,20.81479493,285.4715948,0.327398464,
2245,3,501.6025391,16.37663288,315.407914,0.354905349,
2245,3,300.1661987,8.504198334,350.8249969,0.34006306,
2245,3,149.6884766,2.359178777,380.8652761,0.329168176,
2245,3,48.23010635,-3.667599519,414.6728364,0.271248039,
2245,3,48.23010635,-3.667599519,414.6728364,0.271248039,
2246,1,1800.370361,6.596486832,258.5086368,0.080967731,
2246,1,1100.753296,6.571305226,256.2313109,0.079230242,
2246,1,498.1386719,6.136921841,256.7500317,0.074021721,
2246,1,302.1585083,4.938356233,269.1122067,0.065504183,
2246,1,151.2298126,4.634505037,263.7184807,0.05870855,
2246,1,48.72489166,1.481050939,316.77961,0.032597129,
2246,1,48.72489166,1.481050939,316.77961,0.032597129,
2246,3,1799.411133,5.410133829,151.4540785,0.036348855,
2246,3,1100.221069,4.381891301,191.5632725,0.035173699,
2246,3,498.7095642,5.302138014,125.7134233,0.031771046,
2246,3,301.5688171,4.355723795,83.56506401,0.022447727,
2246,3,151.048172,3.0856325,159.9160329,0.021086761,
2246,3,48.5394249,0.994935481,248.8428424,0.010916571,
2246,3,48.5394249,0.994935481,248.8428424,0.010916571,
2247,1,1801.992065,1.00163131,320.2789853,0.024579215,
2247,1,1099.576416,1.633346504,300.9613689,0.029858867,
2247,1,500.3356628,1.26561015,327.4902314,0.032328234,
2247,1,298.4459839,1.583917997,322.9573879,0.037335992,
2247,1,148.8278503,0.615236745,363.6923068,0.036034659,
2247,1,48.69433212,-0.100917101,395.9118526,0.035829842,
2247,1,48.69433212,-0.100917101,395.9118526,0.035829842,
2247,2,1798.576172,15.33060017,267.1785137,0.212873838,
2247,2,1098.692505,13.88997774,289.2993707,0.234124075,
2247,2,498.5266418,12.34208972,308.7530225,0.252929989,
2247,2,299.2867126,9.357705967,331.2442495,0.261552642,
2247,2,151.9559326,5.101429638,358.8212956,0.255856256,
2247,2,50.23597717,0.302369984,391.2932955,0.251372895,
2247,2,50.23597717,0.302369984,391.2932955,0.251372895,
2247,3,1800.399414,20.21529892,265.9529271,0.282927615,
2247,3,1099.408569,19.0181149,280.2984222,0.298613674,
2247,3,501.3749695,14.25961828,310.2494311,0.303528326,
2247,3,298.1289978,9.835682539,335.2346089,0.299714191,
2247,3,151.4979553,5.492823628,359.7047829,0.289292691,
2247,3,49.0501442,0.037567418,392.1008488,0.285615338,
2247,3,49.0501442,0.037567418,392.1008488,0.285615338,
2248,1,1798.076904,16.60539599,167.6540746,0.121774739,
2248,1,1098.615723,16.02194914,176.3701634,0.121494649,
2248,1,501.3607483,12.84194757,203.7151602,0.110638831,
2248,1,301.5933838,9.911032973,225.1280487,0.095648961,
2248,1,148.4425812,5.281181274,275.3957188,0.072087145,
2248,1,48.89280319,1.801909302,331.683539,0.046238164,
2248,1,48.89280319,1.801909302,331.683539,0.046238164,
2248,2,1800.319092,21.99267503,181.4858312,0.174026783,
2248,2,1101.483032,17.94334051,226.7593323,0.180726716,
2248,2,501.1718445,15.28573096,237.7963218,0.162782192,
2248,2,298.6604004,11.93047306,258.8300941,0.146133348,
2248,2,148.9233398,8.053135151,271.1186884,0.106831672,
2248,2,48.67636871,1.936346978,333.123391,0.05172855,
2248,2,48.67636871,1.936346978,333.123391,0.05172855,
2248,3,1799.048828,21.9200139,177.8177953,0.170995474,
2248,3,1099.157471,19.24234808,216.3994567,0.182492592,
2248,3,498.6266785,14.25199402,269.3690221,0.191295028,
2248,3,300.7457275,10.70083865,300.5577616,0.190542096,
2248,3,148.7689972,6.191052375,342.3188205,0.196274473,
2248,3,50.7648735,1.85980763,379.1818572,0.18952078,
2248,3,50.7648735,1.85980763,379.1818572,0.18952078,
2249,1,1801.014771,10.95171803,113.8695871,0.063630655,
2249,1,1098.252197,10.12952108,138.9282953,0.064538767,
2249,1,499.5398254,8.232552761,178.6126094,0.061867171,
2249,1,299.696228,7.052517379,191.7784919,0.056260096,
2249,1,148.7291718,4.723698602,241.4551321,0.049815735,
2249,1,48.3328476,1.619597497,339.6999497,0.047590627,
2249,1,48.3328476,1.619597497,339.6999497,0.047590627,
2249,2,1800.963867,10.38412887,188.4736493,0.083394935,
2249,2,1100.589478,11.47854836,199.0967244,0.096596866,
2249,2,500.0516968,9.758513914,245.7275172,0.107462101,
2249,2,298.8585205,6.997025368,291.8116657,0.111858849,
2249,2,150.2121277,4.99984483,322.8468395,0.114035389,
2249,2,50.59906006,1.852649439,368.146506,0.113318301,
2249,2,50.59906006,1.852649439,368.146506,0.113318301,
2249,3,1801.891235,1.357854687,266.2574172,0.017880399,
2249,3,1099.966187,2.015198607,231.4656041,0.020365923,
2249,3,499.3199768,1.572015977,280.6812691,0.02277153,
2249,3,298.5195313,2.891620976,224.4483789,0.027607693,x
2249,3,149.5770569,1.37285239,317.23266,0.029415635,
2249,3,48.92697906,0.012762952,391.3493199,0.032476614,
2249,3,48.92697906,0.012762952,391.3493199,0.032476614,
2250,1,1800.15271,10.38263403,183.2320987,0.081730773,
2250,1,1100.286377,10.19807009,181.0307092,0.078926757,
2250,1,501.7362976,9.253533963,194.7505738,0.075917664,
2250,1,298.5949402,7.608781048,206.627355,0.066139748,
2250,1,148.0942993,5.058437451,249.7961179,0.056885413,
2250,1,50.3437233,2.363375124,310.8050709,0.045774575,
2250,1,50.3437233,2.363375124,310.8050709,0.045774575,
2250,2,1800.075317,-2.400654515,68.25274001,0.491749413,x
2250,2,1100.55603,-3.013183362,66.98458264,0.489168466,x
2250,2,498.7579651,-2.944152819,63.65158861,0.484974946,x
2250,2,298.2312012,-3.672422058,63.19443512,0.489042569,x
2250,2,149.9758759,-3.718103257,60.38353273,0.495627096,x
2250,2,48.49803543,-3.829714335,58.24880703,0.500669661,x
2250,2,48.49803543,-3.829714335,58.24880703,0.500669661,x
2250,3,1799.901733,15.36588402,236.2675016,0.169254561,
2250,3,1098.442383,15.45716071,252.5919156,0.189247472,
2250,3,498.6330566,13.85576801,276.6465397,0.203327353,
2250,3,299.3094177,11.04405765,300.1395805,0.203718362,
2250,3,148.525528,7.445457013,328.7095097,0.198277552,
2250,3,50.83434296,2.194093308,372.2356903,0.186383126,
2250,3,50.83434296,2.194093308,372.2356903,0.186383126,
2251,1,1799.733521,7.952863395,281.226346,0.119489902,
2251,1,1100.708862,7.094963534,298.3899628,0.12443477,
2251,1,499.4081421,6.411736176,309.5408774,0.125107616,
2251,1,301.3448181,5.068603951,323.7597423,0.117962804,
2251,1,151.7532959,2.856603238,357.7192719,0.127149651,
2251,1,48.35346603,1.823651426,370.8486678,0.124086586,
2251,1,48.35346603,1.823651426,370.8486678,0.124086586,
2251,2,1801.692139,16.35324447,133.6725155,0.103992037,
2251,2,1098.11499,14.45445652,168.6091512,0.105876272,
2251,2,497.813446,13.46480846,180.9032258,0.103509834,
2251,2,300.0109558,8.650058211,246.3378069,0.096138384,
2251,2,148.2049103,8.060827218,251.863289,0.092295418,
2251,2,50.48714066,5.388676501,286.8021091,0.081312585,
2251,2,50.48714066,5.388676501,286.8021091,0.081312585,
2251,3,1798.374268,15.22889407,225.6875184,0.157046052,
2251,3,1099.063477,13.87459502,242.6822263,0.158166278,
2251,3,501.253418,10.86292024,274.0015467,0.156388109,
2251,3,297.9221191,8.37255154,297.2680276,0.150591315,
2251,3,151.6753845,5.023326158,329.7487573,0.138110996,
2251,3,50.16851044,1.187671617,373.9571384,0.122440721,
2251,3,50.16851044,1.187671617,373.9571384,0.122440721,
2252,1,1798.803101,23.07243515,273.9120297,0.331528192,
2252,1,1100.635986,20.99735292,275.6423675,0.304253326,
2252,1,499.2523804,17.34114236,287.3063376,0.276654196,
2252,1,300.8789368,12.35368213,312.2234823,0.257101905,
2252,1,149.5067902,8.86457195,332.4282094,0.243173289,
2252,1,50.5760498,3.713840257,366.1456807,0.229767111,
2252,1,50.5760498,3.713840257,366.1456807,0.229767111,
2252,2,1798.511353,8.954964143,153.0263353,0.060750752,
2252,2,1099.356445,8.799499364,181.9057437,0.067687159,
2252,2,499.4376831,8.569580199,187.8743243,0.067431508,
2252,2,298.3788147,5.810132732,254.6399401,0.067897926,
2252,2,149.2749329,5.776518964,244.921654,0.06269859,
2252,2,51.17409134,2.277490324,328.7959949,0.056995386,
2252,2,51.17409134,2.277490324,328.7959949,0.056995386,
2252,3,1798.327515,17.0034168,180.5197064,0.132461218,
2252,3,1098.405396,16.26445472,186.3739086,0.129595249,
2252,3,500.6335754,13.90708696,195.7137633,0.115107267,
2252,3,302.1263123,10.38700324,192.8049446,0.084186457,
2252,3,151.742218,6.227689144,227.6162576,0.060940011,
2252,3,50.27780533,3.061714031,250.6759645,0.034661258,
2252,3,50.27780533,3.061714031,250.6759645,0.034661258,
2253,1,1798.699463,17.5336651,225.3190736,0.181188864,
2253,1,1099.345337,16.32613059,250.6135415,0.199583555,
2253,1,501.4856262,12.86976259,285.3927308,0.20915519,
2253,1,301.4281921,11.29720658,296.5994874,0.203609726,
2253,1,148.8233032,4.474008883,349.3046566,0.190303248,
2253,1,48.60826874,1.721566715,372.2479494,0.169080938,
2253,1,48.60826874,1.721566715,372.2479494,0.169080938,
2253,2,1797.088867,22.18928428,221.7334206,0.22684018,
2253,2,1099.486572,21.30212998,242.0610683,0.246130687,
2253,2,498.9810486,15.60618573,284.6106214,0.251879206,
2253,2,301.3139954,11.86253512,305.9234512,0.238276803,
2253,2,149.0744324,6.799606976,338.4153853,0.217782955,
2253,2,50.98587799,1.125795913,380.0064335,0.183335436,
2253,2,50.98587799,1.125795913,380.0064335,0.183335436,
2253,3,1798.423096,10.0493919,246.4336335,0.118747446,
2253,3,1101.771484,10.59751238,259.376374,0.136694139,
2253,3,498.1495667,10.73577282,271.5158088,0.15082863,
2253,3,298.1882324,9.736098846,283.3152855,0.151966352,
2253,3,149.2108917,5.378518364,329.760087,0.148548677,
2253,3,48.83916855,0.167043489,387.3561501,0.135925935,
2253,3,48.83916855,0.167043489,387.3561501,0.135925935,
2254,1,1797.425781,8.949035492,125.9331527,0.05433166,
2254,1,1101.865601,11.00540079,78.26036791,0.056285084,
2254,1,500.1416321,9.612752035,114.2531652,0.055329064,
2254,1,301.954071,9.037714681,142.6927882,0.057858966,
2254,1,149.5486908,5.758092278,224.1944429,0.054492572,
2254,1,51.3981781,2.833021307,259.7427898,0.033764472,
2254,1,51.3981781,2.833021307,259.7427898,0.033764472,
2254,3,1798.586426,16.58373506,267.8862925,0.223719427,
2254,3,1099.355957,14.71886064,282.3419573,0.222383386,
2254,3,501.348175,11.55891132,304.6214036,0.216259546,
2254,3,298.2220154,8.194986842,325.9511824,0.199463837,
2254,3,152.3152618,5.189485453,346.9750755,0.181516375,
2254,3,50.34818649,1.527417465,379.1019529,0.163464655,
2254,3,50.34818649,1.527417465,379.1019529,0.163464655,
2256,1,1798.442993,11.32611253,282.4248348,0.171982259,
2256,1,1098.473389,11.00354208,274.926469,0.15478009,
2256,1,498.3095703,9.603173896,282.3494818,0.143225879,
2256,1,300.4579468,8.130019871,290.4291414,0.130544271,
2256,1,149.000946,4.533321448,333.4402392,0.125391117,
2256,1,50.06880951,1.10761276,375.2231564,0.109501675,
2256,1,50.06880951,1.10761276,375.2231564,0.109501675,
2256,2,1799.789917,1.030231912,349.373279,0.045302702,x
2256,2,1101.299194,1.32568582,341.316908,0.04533416,x
2256,2,500.7233276,0.028909382,388.5883946,0.05162064,x
2256,2,298.1454773,1.033595871,355.3768887,0.047106689,x
2256,2,148.3571472,0.667314127,369.2504357,0.049387318,x
2256,2,48.33734131,0.773647445,367.1925373,0.051524493,x
2256,2,48.33734131,0.773647445,367.1925373,0.051524493,x
2256,3,1802.016846,6.049943905,246.2944141,0.069112773,
2256,3,1099.96167,4.569615749,290.4132608,0.07515862,
2256,3,502.2702026,2.742235485,335.1475481,0.081364781,
2256,3,298.3410339,3.380080713,323.2916102,0.081612438,
2256,3,150.3618469,1.055451618,370.1315792,0.085664705,
2256,3,48.24105072,-0.341521822,396.9056614,0.087090094,
2256,3,48.24105072,-0.341521822,396.9056614,0.087090094,
2257,1,1796.891235,15.26252407,220.0942059,0.145255978,
2257,1,1100.346191,14.65860934,202.4678939,0.125812394,
2257,1,501.8548889,12.52644854,199.831436,0.105376885,
2257,1,298.1129761,10.20123282,196.7226009,0.08401278,
2257,1,146.7920837,7.166173004,217.2583772,0.065570652,
2257,1,49.58227158,3.322900543,254.8358031,0.038429509,
2257,1,49.58227158,3.322900543,254.8358031,0.038429509,
2257,2,1801.801392,21.64183598,184.2423881,0.176973133,
2257,2,1102.041504,20.16887311,215.3606112,0.193962149,
2257,2,500.406311,16.02648588,261.7545848,0.208649145,
2257,2,300.8408203,11.85008876,291.8534227,0.199187308,
2257,2,148.4491425,6.415322902,334.1623436,0.183452058,
2257,2,48.96144867,2.105401092,370.0581129,0.154690244,
2257,2,48.96144867,2.105401092,370.0581129,0.154690244,
2257,3,1799.268433,22.4587463,211.5282787,0.212662239,
2257,3,1102.021973,20.69376542,230.1290652,0.217702957,
2257,3,501.5230408,18.83645453,235.866656,0.203226303,
2257,3,299.5967712,13.26589152,277.1915635,0.194158178,
2257,3,150.7886047,8.349291478,313.9091589,0.178498436,
2257,3,48.97242737,3.02104679,360.5722768,0.159010081,
2257,3,48.97242737,3.02104679,360.5722768,0.159010081,
2258,1,1800.452393,33.60184338,199.5399776,0.293260607,
2258,1,1100.825928,26.22646174,240.0319393,0.289936133,
2258,1,498.3348694,20.22213147,260.3135085,0.2548935,
2258,1,300.3382568,15.15438779,253.514575,0.178907394,
2258,1,151.2537994,6.065421754,295.1003479,0.10168137,
2258,1,51.56303024,2.013466232,323.3595256,0.047186138,
2258,1,51.56303024,2.013466232,323.3595256,0.047186138,
2258,2,1798.798584,15.7605173,202.153469,0.137348319,
2258,2,1100.780029,13.03699408,233.520112,0.136451851,
2258,2,498.6324463,10.19111836,253.5977117,0.121604626,
2258,2,300.2976685,6.644754925,278.2469121,0.096929463,
2258,2,148.0686798,4.469609029,292.2440948,0.074187687,
2258,2,50.49529648,1.277688534,341.2467839,0.042785844,
2258,2,50.49529648,1.277688534,341.2467839,0.042785844,
2258,3,1800.157715,25.34022073,307.3457489,0.510542657,
2258,3,1099.281372,21.91802452,324.9239745,0.553642256,
2258,3,498.5488586,16.45644865,347.4139652,0.602959298,
2258,3,300.7714844,11.53667182,362.2582218,0.611579849,
2258,3,149.4669342,3.922417663,384.5670478,0.616995137,
2258,3,50.14767075,1.934427151,390.736253,0.620691374,
2258,3,50.14767075,1.934427151,390.736253,0.620691374,
2259,1,1798.772705,20.74824944,136.1730733,0.13396239,
2259,1,1099.463501,18.93606808,181.3877779,0.148141333,
2259,1,500.3456116,15.85709752,219.2342239,0.150084566,
2259,1,298.9559021,13.84851486,232.4907394,0.140849486,
2259,1,149.660675,8.125666842,290.756907,0.128460433,
2259,1,49.06455231,3.125455993,345.9765234,0.103740993,
2259,1,49.06455231,3.125455993,345.9765234,0.103740993,
2259,2,1798.358154,14.745446,252.5576021,0.179703529,
2259,2,1102.791748,13.03157603,275.5117341,0.188860953,
2259,2,500.446167,9.498271615,309.1337197,0.191799948,
2259,2,301.6831055,6.946965153,326.8063947,0.176682333,
2259,2,149.344223,3.409883781,355.9865147,0.153781185,
2259,2,51.01579666,-0.27388264,396.6979356,0.114035012,
2259,2,51.01579666,-0.27388264,396.6979356,0.114035012,
2259,3,1802.245972,12.21084167,180.3097512,0.09518673,
2259,3,1098.438721,10.17485404,237.881731,0.108989972,
2259,3,498.6413574,9.426047012,266.9805555,0.123252047,
2259,3,298.1884155,8.44113812,277.6575648,0.119611163,
2259,3,149.0711365,5.174198552,318.1882048,0.111795654,
2259,3,49.009655,1.403496989,370.4529916,0.094926041,
2259,3,49.009655,1.403496989,370.4529916,0.094926041,
2260,1,1799.341919,8.435135802,215.1120445,0.078773954,
2260,1,1098.233643,8.886882613,209.2989982,0.079365379,
2260,1,500.3946228,5.670151366,278.2824016,0.081504302,
2260,1,299.2419434,5.527720526,272.1024013,0.074716086,
2260,1,149.8004761,3.568665269,314.6104405,0.07444469,
2260,1,49.26416016,0.735442223,374.7948905,0.067572304,
2260,1,49.26416016,0.735442223,374.7948905,0.067572304,
2260,2,1798.713013,11.5533397,266.0868062,0.153319773,
2260,2,1100.234863,11.06692608,269.9452198,0.149710399,
2260,2,498.0976257,9.768172393,283.4296761,0.146863648,
2260,2,301.9624634,8.481050771,296.3829419,0.143864524,
2260,2,149.157486,6.284081798,311.9763534,0.125851223,
2260,2,50.95645523,1.60628719,370.574505,0.113423569,
2260,2,50.95645523,1.60628719,370.574505,0.113423569,
2260,3,1799.624634,16.43601191,255.3518387,0.204220765,
2260,3,1099.286621,15.6326551,268.7139087,0.213989949,
2260,3,498.7523804,13.41194499,290.0668091,0.219486247,
2260,3,299.2782288,10.12620631,313.5413279,0.212678702,
2260,3,152.0097504,4.99808562,351.8340728,0.200586224,
2260,3,50.05652237,1.652464712,379.6149463,0.189159166,
2260,3,50.05652237,1.652464712,379.6149463,0.189159166,
2261,1,1800.883423,23.42345722,237.0027913,0.253351144,
2261,1,1101.797363,25.56645468,243.7159191,0.287964936,
2261,1,502.1842041,17.89104345,296.4523211,0.310646094,
2261,1,299.7486572,16.30890573,314.1598939,0.344109216,
2261,1,148.8180237,13.94488841,329.0642745,0.35816454,
2261,1,49.93951035,3.890245716,375.0383171,0.330040039,
2261,1,49.93951035,3.890245716,375.0383171,0.330040039,
2261,2,1799.782349,-0.138742735,413.6812021,0.008172346,x
2261,2,1102.637573,-0.889208084,605.5921691,0.006496877,x
2261,2,500.3187561,-0.013553795,394.6517006,0.007549658,x
2261,2,301.8920898,1.768909891,-32.77592626,0.006596157,x
2261,2,149.6214905,0.253079515,343.0107068,0.008101265,x
2261,2,51.1541481,-0.156258335,416.8774371,0.010452549,x
2261,2,51.1541481,-0.156258335,416.8774371,0.010452549,x
2261,3,1799.438477,17.75017376,224.3833572,0.17969777,
2261,3,1099.720215,15.27621343,253.2635603,0.186369184,
2261,3,499.4618225,12.32523736,284.0987264,0.192180354,
2261,3,301.2694397,10.30516657,299.5775036,0.185889801,
2261,3,148.3312683,4.919021719,347.0477129,0.182056636,
2261,3,48.34822464,1.376889662,379.7329459,0.179675684,
2261,3,48.34822464,1.376889662,379.7329459,0.179675684,
2262,1,1799.604004,22.66667216,160.8032474,0.164455639,
2262,1,1101.902222,21.8913774,185.8843763,0.177749456,
2262,1,498.0858459,18.0730637,232.0912544,0.188158369,
2262,1,300.5259399,14.07552171,257.6045886,0.172638107,
2262,1,150.4846039,7.990961463,302.5318822,0.144901868,
2262,1,49.65000916,1.812032483,361.887492,0.092956079,
2262,1,49.65000916,1.812032483,361.887492,0.092956079,
2262,2,1799.248413,15.39209886,169.002869,0.114575357,
2262,2,1101.69873,15.54152645,174.1038097,0.117756659,
2262,2,501.3075256,13.16692489,220.3632274,0.12637408,
2262,2,298.7895203,13.22498767,217.8998437,0.124396432,
2262,2,149.100296,8.073237596,283.5843836,0.121072462,
2262,2,48.7895546,1.550592093,366.0676722,0.095328348,
2262,2,48.7895546,1.550592093,366.0676722,0.095328348,
2262,3,1800.428589,19.11026068,192.254135,0.158985783,
2262,3,1103.318848,18.9824752,209.5362606,0.171613646,
2262,3,497.1430359,16.19354283,245.7628256,0.182078011,
2262,3,299.7000122,12.20641659,281.0563201,0.180486969,
2262,3,148.1553192,7.704936867,316.1527804,0.164721817,
2262,3,50.68463898,2.741326777,361.6952681,0.142663986,
2262,3,50.68463898,2.741326777,361.6952681,0.142663986,
2263,2,1800.341431,22.18205652,245.4780184,0.2653041,
2263,2,1799.397827,2.761207096,303.9122436,0.052049131,x
2263,2,1101.399536,19.93996425,258.7739429,0.260178313,
2263,2,1100.665894,2.656296132,315.016404,0.056376909,x
2263,2,501.2026062,15.56881051,281.8132673,0.242772445,
2263,2,499.1438599,2.260530185,332.0007808,0.060090697,x
2263,2,300.8671265,1.173581698,361.3925753,0.060227643,x
2263,2,298.3782349,12.31181614,298.8487863,0.22483877,
2263,2,149.2872925,1.041172442,366.6082827,0.062359531,x
2263,2,148.7623444,7.842373887,327.6239943,0.203415014,
2263,2,50.14521027,0.065814024,391.5627004,0.05939977,x
2263,2,50.14521027,0.065814024,391.5627004,0.05939977,x
2263,2,48.54966736,2.171816165,371.5442716,0.168530309,
2263,2,48.54966736,2.171816165,371.5442716,0.168530309,
2264,1,1797.969116,24.69722687,228.5594519,0.259024393,
2264,1,1098.184326,22.82222157,252.450483,0.279559346,
2264,1,497.8558655,17.02263957,288.347202,0.278479159,
2264,1,300.0072937,12.94901754,309.7427864,0.263623278,
2264,1,148.788208,7.397425335,341.1888008,0.23827001,
2264,1,49.5987587,2.564341386,372.0883764,0.198330989,
2264,1,49.5987587,2.564341386,372.0883764,0.198330989,
2264,2,1800.115356,21.75842819,228.179346,0.226056063,
2264,2,1098.244995,20.3378391,247.2302665,0.237140014,
2264,2,501.4769287,15.59490489,279.2903911,0.231200751,
2264,2,299.9317322,11.20012349,309.0367647,0.224546321,
2264,2,150.9112854,6.706279924,337.8748389,0.202339359,
2264,2,51.35245132,1.980575048,375.0251861,0.177939162,
2264,2,51.35245132,1.980575048,375.0251861,0.177939162,
2264,3,1799.073975,22.08282657,172.7667926,0.167721595,
2264,3,1099.77002,21.02872006,179.6274907,0.163762313,
2264,3,500.3574219,16.90006565,212.5588303,0.154444948,
2264,3,299.382843,13.35501794,230.4197975,0.134579161,
2264,3,149.6819458,8.331278867,274.6971561,0.114396298,
2264,3,51.06729889,4.074249823,326.4239683,0.098081608,
2264,3,51.06729889,4.074249823,326.4239683,0.098081608,
2265,1,1801.017578,20.99945893,241.3081475,0.232809968,
2265,1,1098.17334,17.51790593,263.1255384,0.225146666,
2265,1,499.0294189,17.33561446,264.4357648,0.222284624,
2265,1,299.7654419,12.98039354,293.6147849,0.213852083,
2265,1,151.8116608,7.4172507,336.1226998,0.210338056,
2265,1,50.496418,2.6031346,373.2805941,0.197851287,
2265,1,50.496418,2.6031346,373.2805941,0.197851287,
2265,2,1799.420532,21.46918389,222.9017726,0.211358034,
2265,2,1099.217896,21.38465494,237.2878605,0.228321256,
2265,2,498.4458008,15.91201212,277.7191521,0.227303374,
2265,2,301.492157,12.48082829,294.4903177,0.207133802,
2265,2,151.0961914,8.265013573,313.4848286,0.16654964,
2265,2,48.92321396,3.11767451,337.9695294,0.088594629,
2265,2,48.92321396,3.11767451,337.9695294,0.088594629,
2266,1,1800,22.75377828,229.55938,0.236782544,
2266,1,1100,23.53334582,228.0880873,0.240310876,
2266,1,500,20.19909257,248.5021447,0.23360874,
2266,1,300,16.48836882,275.6662147,0.234087712,
2266,1,150,9.32931616,318.1188874,0.20599647,
2266,1,50,3.123181275,366.5287055,0.190248399,
2266,1,50,3.123181275,366.5287055,0.190248399,
2266,2,1800.587769,10.74585618,280.0278196,0.158131547,
2266,2,1100.4021,10.67177612,285.4056802,0.162758412,
2266,2,499.4770203,9.182299546,313.0322936,0.186709065,
2266,2,300.9897461,6.510846303,335.7225151,0.182676828,
2266,2,149.7402954,3.308481249,364.1740391,0.180697307,
2266,2,50.41823959,0.235255541,392.0412088,0.1555148,
2266,2,50.41823959,0.235255541,392.0412088,0.1555148,
2266,3,1800,21.30594451,218.8488225,0.21067717,
2266,3,1100,19.82479574,236.5579296,0.217768424,
2266,3,500,17.16240712,252.9325469,0.208274232,
2266,3,300,13.71794954,274.456038,0.195331085,
2266,3,150,7.349262355,323.8155576,0.179284853,
2266,3,50,0.990684434,381.494552,0.157416507,
2266,3,50,0.990684434,381.494552,0.157416507,
2267,1,1801.248047,11.44683772,291.7783153,0.193503792,
2267,1,1099.034668,10.04873671,310.4016403,0.205911764,
2267,1,499.6612244,8.175628813,334.9548286,0.234625523,
2267,1,300.3417969,6.438721762,351.2797889,0.252481096,
2267,1,148.2085419,4.513566544,364.6120585,0.253883536,
2267,1,50.45251465,-0.110379991,395.8300535,0.256949467,
2267,1,50.45251465,-0.110379991,395.8300535,0.256949467,
2267,2,1798.286743,12.38821128,145.1412955,0.081284686,
2267,2,1099.200562,12.18036059,74.94530493,0.061639024,
2267,2,501.3780212,8.394045028,11.84585786,0.035183617,
2267,2,298.6766968,6.240486421,-21.58435914,0.023988709,
2267,2,147.9801788,3.707946628,-349.1501835,0.007936794,
2267,2,50.45694351,1.124608742,-5670.505332,0.000294447,
2267,2,50.45694351,1.124608742,-5670.505332,0.000294447,
2267,3,1800,20.64611171,251.412795,0.252262562,
2267,3,1100,20.64629682,259.7956714,0.266492009,
2267,3,500,19.4788067,270.4516363,0.27121946,
2267,3,300,17.68221429,283.9993366,0.275724355,
2267,3,150,11.97683481,320.5844828,0.28107253,
2267,3,50,6.830685299,351.1536324,0.274072006,
2267,3,50,6.830685299,351.1536324,0.274072006,
2268,1,1799.971191,16.14861175,NA,0.130316175,
2268,1,1100.927856,15.78749937,NA,0.128945322,
2268,1,498.6514587,12.51765327,NA,0.116149046,
2268,1,301.579895,10.14107901,NA,0.104786347,
2268,1,149.724884,6.741682776,NA,0.088188018,
2268,1,48.7551918,2.359706372,NA,0.061729746,
2268,1,48.7551918,2.359706372,NA,0.061729746,
2268,3,1801.054077,5.32883442,92.55670912,0.028359368,
2268,3,1800.863281,5.207638966,124.4204524,0.031037206,
2268,3,1098.699951,4.735460748,46.08289903,0.021780042,
2268,3,500.5345154,5.137103041,-319.9033039,0.011463323,
2268,3,296.8502808,4.371698994,-575.9316568,0.007172047,
2268,3,152.0478973,3.528909085,-851.8734318,0.004503645,
2268,3,49.31372833,2.030245294,1748.903607,-0.002377984,
2269,1,1799.536865,13.87360871,249.4525439,0.160931505,
2269,1,1100.358032,11.44188286,256.2033564,0.138795994,
2269,1,501.5422363,9.597382178,258.0207038,0.117095325,
2269,1,299.5618896,8.337948947,259.3384049,0.102037793,
2269,1,148.5535126,5.267215327,293.5442881,0.086952241,
2269,1,49.82427979,4.423938764,288.8903004,0.068853297,
2269,1,49.82427979,4.423938764,288.8903004,0.068853297,
2269,2,1797.421143,4.800052851,232.0739463,0.05085905,
2269,2,1101.65686,4.337161777,255.6891287,0.05369934,
2269,2,500.2815247,4.924920065,251.3348321,0.0581468,
2269,2,301.8536987,4.139558046,275.6313823,0.059186392,
2269,2,149.6832581,3.304106453,295.8891451,0.057251546,
2269,2,51.56979752,1.306745406,348.051529,0.0515657,
2269,2,51.56979752,1.306745406,348.051529,0.0515657,
2269,3,1802.219238,4.977024317,163.2246691,0.035481445,x
2269,3,1099.894775,2.819418477,260.4112699,0.035197066,x
2269,3,500.4353027,1.634304634,326.6507786,0.041575812,x
2269,3,301.8595276,5.055432746,174.6058504,0.037320426,x
2269,3,148.5589752,2.276126179,295.8559798,0.038371894,x
2269,3,48.53189087,-0.102753095,395.6150941,0.033886306,x
2269,3,48.53189087,-0.102753095,395.6150941,0.033886306,x
2270,1,1800.685303,11.64966254,25.48506115,0.051451335,
2270,1,1100.202148,11.20914238,52.3253148,0.053289878,
2270,1,499.409729,9.939434943,42.83125267,0.045734388,
2270,1,301.5054016,9.067837122,3.098650444,0.037321657,
2270,1,151.4697418,5.863058782,67.0553941,0.028741176,
2270,1,50.03247452,1.978453729,186.4911116,0.015188824,
2270,1,50.03247452,1.978453729,186.4911116,0.015188824,
2270,2,1799.935791,15.81312932,57.05705619,0.076728244,
2270,2,1102.183838,15.59628403,51.65412715,0.074099426,
2270,2,502.5848389,14.0456899,61.71357617,0.068397986,
2270,2,298.6644287,11.00643197,122.0558156,0.065530997,
2270,2,146.8101807,7.973454343,146.9668878,0.051831821,
2270,2,49.67093277,4.000002519,182.7114461,0.03017298,
2270,2,49.67093277,4.000002519,182.7114461,0.03017298,
2270,3,1801.364868,19.77341534,238.5914292,0.220130976,
2270,3,1100.546021,17.98610017,256.1365399,0.224420746,
2270,3,498.2074585,14.23431831,288.7888808,0.231780267,
2270,3,302.1467285,10.99932144,308.4605424,0.21949711,
2270,3,149.2979126,7.533194722,329.6372343,0.198798326,
2270,3,51.05488968,2.531360586,369.4720873,0.175696659,
2270,3,51.05488968,2.531360586,369.4720873,0.175696659,
2271,2,1799.896484,22.03990474,261.1240086,0.293670024,
2271,2,1099.939941,19.50644969,271.2778746,0.278873661,
2271,2,500.2046814,15.37444434,294.4294803,0.268014247,
2271,2,298.969635,9.756320593,327.2331,0.25499532,
2271,2,150.3156433,6.636295388,345.6514874,0.236752352,
2271,2,48.61659241,1.54010366,381.184824,0.212071161,
2271,2,48.61659241,1.54010366,381.184824,0.212071161,
2271,3,1798.769165,19.74584712,124.7453323,0.121787579,
2271,3,1101.317627,17.65235293,162.8058244,0.126624348,
2271,3,500.0613708,14.78835429,191.5655967,0.120155868,
2271,3,301.7905579,11.05497097,215.0712659,0.100973692,
2271,3,151.6244049,6.335433104,272.8680802,0.084827035,
2271,3,50.2358017,2.850471895,318.0728503,0.059824551,
2271,3,50.2358017,2.850471895,318.0728503,0.059824551,
2272,1,1797.890625,15.58136639,248.7020681,0.180309102,
2272,1,1103.290527,15.0880932,239.3252631,0.162580247,
2272,1,499.8489075,12.16243717,241.698608,0.131957547,
2272,1,303.3908691,8.696890015,248.1565718,0.097757489,
2272,1,151.8011475,4.519529834,285.4830803,0.068006271,
2272,1,49.36796951,1.48021708,335.7362806,0.041597187,
2272,1,49.36796951,1.48021708,335.7362806,0.041597187,
2272,2,1800.60376,23.45233403,200.4540443,0.204563063,
2272,2,1099.906006,20.2595283,213.5799987,0.188343916,
2272,2,498.4554443,15.96635454,228.9644797,0.160676423,
2272,2,301.4155884,11.51621025,253.4738248,0.135274516,
2272,2,150.803421,5.919274723,308.0016289,0.11332082,
2272,2,48.28251266,1.761226608,355.7341956,0.076172599,
2272,2,48.28251266,1.761226608,355.7341956,0.076172599,
2272,3,1800.339966,17.681873,186.9006608,0.142719796,
2272,3,1101.384644,16.54588837,196.5889447,0.139373891,
2272,3,500.979187,12.18477757,239.825609,0.131189631,
2272,3,300.6187439,8.99677029,267.2825541,0.117623138,
2272,3,149.1907806,5.630792045,300.3047168,0.09912445,
2272,3,48.29973602,0.677085383,377.6312233,0.073699679,
2272,3,48.29973602,0.677085383,377.6312233,0.073699679,